@DisequalityDispersion.tupleEval : {V F A : Type} →
  {arity : F → ℕ} →
    List (DisequalityDispersion.Term V F arity) → DisequalityDispersion.Interpretation F arity A → (V → A) → List A
@DisequalityDispersion.filteredImage : {V F A : Type} →
  {arity : F → ℕ} →
    [Fintype V] →
      [Fintype A] →
        List (DisequalityDispersion.Term V F arity) →
          List (DisequalityDispersion.Term V F arity × DisequalityDispersion.Term V F arity) →
            DisequalityDispersion.Interpretation F arity A → Finset (List A)
@DisequalityDispersion.dispersionTuple : {V F A : Type} →
  {arity : F → ℕ} →
    [Fintype V] →
      [Fintype F] →
        [Fintype A] →
          List (DisequalityDispersion.Term V F arity) →
            List (DisequalityDispersion.Term V F arity × DisequalityDispersion.Term V F arity) → ℕ
@DisequalityDispersion.image_le_dispersionTuple : ∀ {V F A : Type} {arity : F → ℕ} [inst : Fintype V]
  [inst_1 : Fintype F] [inst_2 : Fintype A] (ts : List (DisequalityDispersion.Term V F arity))
  (tests : List (DisequalityDispersion.Term V F arity × DisequalityDispersion.Term V F arity))
  (I : DisequalityDispersion.Interpretation F arity A),
  (DisequalityDispersion.filteredImage ts tests I).card ≤ DisequalityDispersion.dispersionTuple ts tests
@DisequalityDispersion.dispersionTuple_le_of_forall : ∀ {V F A : Type} {arity : F → ℕ} [inst : Fintype V]
  [inst_1 : Fintype F] [inst_2 : Fintype A] (ts : List (DisequalityDispersion.Term V F arity))
  (tests : List (DisequalityDispersion.Term V F arity × DisequalityDispersion.Term V F arity)) (N : ℕ),
  (∀ (I : DisequalityDispersion.Interpretation F arity A), (DisequalityDispersion.filteredImage ts tests I).card ≤ N) →
    DisequalityDispersion.dispersionTuple ts tests ≤ N
@DisequalityDispersion.dispersionTuple_ge_iff : ∀ {V F A : Type} {arity : F → ℕ} [inst : Fintype V] [inst_1 : Fintype F]
  [inst_2 : Fintype A] (ts : List (DisequalityDispersion.Term V F arity))
  (tests : List (DisequalityDispersion.Term V F arity × DisequalityDispersion.Term V F arity)) (h : ℕ),
  0 < h →
    (h ≤ DisequalityDispersion.dispersionTuple ts tests ↔
      ∃ I, h ≤ (DisequalityDispersion.filteredImage ts tests I).card)
@DisequalityDispersion.identical_test_dispersionTuple_zero : ∀ {V F A : Type} {arity : F → ℕ} [inst : Fintype V]
  [inst_1 : Fintype F] [inst_2 : Fintype A] (ts : List (DisequalityDispersion.Term V F arity))
  (u : DisequalityDispersion.Term V F arity)
  (tests : List (DisequalityDispersion.Term V F arity × DisequalityDispersion.Term V F arity)),
  (u, u) ∈ tests → DisequalityDispersion.dispersionTuple ts tests = 0
@DisequalityDispersion.filteredImage_triple : ∀ {V F A : Type} {arity : F → ℕ} [inst : Fintype V] [inst_1 : Fintype A]
  (x y : V) (t : DisequalityDispersion.Term V F arity)
  (tests : List (DisequalityDispersion.Term V F arity × DisequalityDispersion.Term V F arity))
  (I : DisequalityDispersion.Interpretation F arity A),
  DisequalityDispersion.filteredImage [DisequalityDispersion.Term.var x, DisequalityDispersion.Term.var y, t] tests I =
    Finset.image (fun o => [o.1, o.2.1, o.2.2]) (DisequalityDispersion.filteredTriples x y t tests I)
@DisequalityDispersion.filteredImage_triple_card : ∀ {V F A : Type} {arity : F → ℕ} [inst : Fintype V]
  [inst_1 : Fintype A] (x y : V) (t : DisequalityDispersion.Term V F arity)
  (tests : List (DisequalityDispersion.Term V F arity × DisequalityDispersion.Term V F arity))
  (I : DisequalityDispersion.Interpretation F arity A),
  (DisequalityDispersion.filteredImage [DisequalityDispersion.Term.var x, DisequalityDispersion.Term.var y, t] tests
        I).card =
    (DisequalityDispersion.filteredTriples x y t tests I).card
@DisequalityDispersion.dispersionTuple_triple : ∀ {V F A : Type} {arity : F → ℕ} [inst : Fintype V] [inst_1 : Fintype F]
  [inst_2 : Fintype A] (x y : V) (t : DisequalityDispersion.Term V F arity)
  (tests : List (DisequalityDispersion.Term V F arity × DisequalityDispersion.Term V F arity)),
  DisequalityDispersion.dispersionTuple [DisequalityDispersion.Term.var x, DisequalityDispersion.Term.var y, t] tests =
    DisequalityDispersion.dispersionOn x y t tests
@DisequalityDispersion.filteredImage_pair_card : ∀ {V F A : Type} {arity : F → ℕ} [inst : Fintype V]
  [inst_1 : Fintype A] (x y : V)
  (tests : List (DisequalityDispersion.Term V F arity × DisequalityDispersion.Term V F arity))
  (I : DisequalityDispersion.Interpretation F arity A),
  (DisequalityDispersion.filteredImage [DisequalityDispersion.Term.var x, DisequalityDispersion.Term.var y] tests
        I).card =
    (Finset.image (fun a => (a x, a y)) (DisequalityDispersion.validAssignments tests I)).card
@DisequalityDispersion.compiled_pair_image : ∀ {A : Type} [inst : Fintype A] (d : ℕ)
  (rels : List (List (DisequalityDispersion.Letter (Fin d)))) (w : List (DisequalityDispersion.Letter (Fin d)))
  (p m : Fin d → A → A),
  Finset.image (fun a => (a false, a true))
      (DisequalityDispersion.validAssignments (DisequalityDispersion.compilerTests d rels w)
        (DisequalityDispersion.unaryInterpretation p m)) =
    DisequalityDispersion.compiledPairs rels w p m
@DisequalityDispersion.filteredImage_compiled_card : ∀ {A : Type} [inst : Fintype A] (d : ℕ)
  (rels : List (List (DisequalityDispersion.Letter (Fin d)))) (w : List (DisequalityDispersion.Letter (Fin d)))
  (p m : Fin d → A → A),
  (DisequalityDispersion.filteredImage [DisequalityDispersion.Term.var false, DisequalityDispersion.Term.var true]
        (DisequalityDispersion.compilerTests d rels w) (DisequalityDispersion.unaryInterpretation p m)).card =
    (DisequalityDispersion.compiledPairs rels w p m).card
@DisequalityDispersion.filteredImage_embedding_le : ∀ {V F A : Type} {arity : F → ℕ} {B : Type} [inst : Fintype V]
  [inst_1 : Fintype A] [inst_2 : Fintype B] [inst_3 : Nonempty A] (e : A ↪ B)
  (ts : List (DisequalityDispersion.Term V F arity))
  (tests : List (DisequalityDispersion.Term V F arity × DisequalityDispersion.Term V F arity))
  (I : DisequalityDispersion.Interpretation F arity A),
  (DisequalityDispersion.filteredImage ts tests I).card ≤
    (DisequalityDispersion.filteredImage ts tests (DisequalityDispersion.extendInterpretation e I)).card
@DisequalityDispersion.dispersionTuple_embedding_le : ∀ {V F A : Type} {arity : F → ℕ} {B : Type} [inst : Fintype V]
  [inst_1 : Fintype F] [inst_2 : Fintype A] [inst_3 : Fintype B] [Nonempty A] (e : A ↪ B)
  (ts : List (DisequalityDispersion.Term V F arity))
  (tests : List (DisequalityDispersion.Term V F arity × DisequalityDispersion.Term V F arity)),
  DisequalityDispersion.dispersionTuple ts tests ≤ DisequalityDispersion.dispersionTuple ts tests
@DisequalityDispersion.SigEquiv.filteredImage_rename : ∀ {V F A : Type} {arity : F → ℕ} {V' F' : Type} {arity' : F' → ℕ}
  (σ : DisequalityDispersion.SigEquiv V F arity V' F' arity') [inst : Fintype V] [inst_1 : Fintype V']
  [inst_2 : Fintype A] (ts : List (DisequalityDispersion.Term V F arity))
  (tests : List (DisequalityDispersion.Term V F arity × DisequalityDispersion.Term V F arity))
  (I' : DisequalityDispersion.Interpretation F' arity' A),
  DisequalityDispersion.filteredImage (List.map σ.rename ts) (List.map (fun uv => (σ.rename uv.1, σ.rename uv.2)) tests)
      I' =
    DisequalityDispersion.filteredImage ts tests (σ.pullI I')
@DisequalityDispersion.SigEquiv.dispersionTuple_rename : ∀ {V F A : Type} {arity : F → ℕ} {V' F' : Type}
  {arity' : F' → ℕ} (σ : DisequalityDispersion.SigEquiv V F arity V' F' arity') [inst : Fintype V] [inst_1 : Fintype F]
  [inst_2 : Fintype V'] [inst_3 : Fintype F'] [inst_4 : Fintype A] (ts : List (DisequalityDispersion.Term V F arity))
  (tests : List (DisequalityDispersion.Term V F arity × DisequalityDispersion.Term V F arity)),
  DisequalityDispersion.dispersionTuple (List.map σ.rename ts)
      (List.map (fun uv => (σ.rename uv.1, σ.rename uv.2)) tests) =
    DisequalityDispersion.dispersionTuple ts tests
@DisequalityDispersion.IsArg : {V F : Type} →
  {arity : F → ℕ} → DisequalityDispersion.Term V F arity → DisequalityDispersion.Term V F arity → Prop
@DisequalityDispersion.Avoids : {V F : Type} →
  {arity : F → ℕ} → Finset (DisequalityDispersion.Term V F arity) → DisequalityDispersion.Term V F arity → Prop
@DisequalityDispersion.IsCut : {V F : Type} →
  {arity : F → ℕ} → Finset (DisequalityDispersion.Term V F arity) → List (DisequalityDispersion.Term V F arity) → Prop
@DisequalityDispersion.avoids_var_iff : ∀ {V F : Type} {arity : F → ℕ}
  (K : Finset (DisequalityDispersion.Term V F arity)) (v : V),
  DisequalityDispersion.Avoids K (DisequalityDispersion.Term.var v) ↔ DisequalityDispersion.Term.var v ∉ K
@DisequalityDispersion.source_output_mem_cut : ∀ {V F : Type} {arity : F → ℕ}
  (K : Finset (DisequalityDispersion.Term V F arity)) (outputs : List (DisequalityDispersion.Term V F arity)),
  DisequalityDispersion.IsCut K outputs →
    ∀ (v : V), DisequalityDispersion.Term.var v ∈ outputs → DisequalityDispersion.Term.var v ∈ K
@DisequalityDispersion.avoids_mono : ∀ {V F : Type} {arity : F → ℕ}
  {K K' : Finset (DisequalityDispersion.Term V F arity)},
  K' ⊆ K →
    ∀ {t : DisequalityDispersion.Term V F arity}, DisequalityDispersion.Avoids K t → DisequalityDispersion.Avoids K' t
@DisequalityDispersion.tupleSupport : {V F : Type} →
  {arity : F → ℕ} →
    [Fintype V] →
      List (DisequalityDispersion.Term V F arity) →
        List (DisequalityDispersion.Term V F arity × DisequalityDispersion.Term V F arity) →
          Finset (DisequalityDispersion.Term V F arity)
@DisequalityDispersion.source_mem_tupleSupport : ∀ {V F : Type} {arity : F → ℕ} [inst : Fintype V]
  (outputs : List (DisequalityDispersion.Term V F arity))
  (tests : List (DisequalityDispersion.Term V F arity × DisequalityDispersion.Term V F arity)) (v : V),
  DisequalityDispersion.Term.var v ∈ DisequalityDispersion.tupleSupport outputs tests
@DisequalityDispersion.output_support_subset_tupleSupport : ∀ {V F : Type} {arity : F → ℕ} [inst : Fintype V]
  (outputs : List (DisequalityDispersion.Term V F arity))
  (tests : List (DisequalityDispersion.Term V F arity × DisequalityDispersion.Term V F arity)),
  ∀ t ∈ outputs, t.support ⊆ DisequalityDispersion.tupleSupport outputs tests
@DisequalityDispersion.output_mem_tupleSupport : ∀ {V F : Type} {arity : F → ℕ} [inst : Fintype V]
  (outputs : List (DisequalityDispersion.Term V F arity))
  (tests : List (DisequalityDispersion.Term V F arity × DisequalityDispersion.Term V F arity)),
  ∀ t ∈ outputs, t ∈ DisequalityDispersion.tupleSupport outputs tests
@DisequalityDispersion.tests_mem_tupleSupport : ∀ {V F : Type} {arity : F → ℕ} [inst : Fintype V]
  (outputs : List (DisequalityDispersion.Term V F arity))
  (tests : List (DisequalityDispersion.Term V F arity × DisequalityDispersion.Term V F arity)),
  ∀ uv ∈ tests,
    uv.1 ∈ DisequalityDispersion.tupleSupport outputs tests ∧ uv.2 ∈ DisequalityDispersion.tupleSupport outputs tests
@DisequalityDispersion.tupleSupport_closed : ∀ {V F : Type} {arity : F → ℕ} [inst : Fintype V]
  (outputs : List (DisequalityDispersion.Term V F arity))
  (tests : List (DisequalityDispersion.Term V F arity × DisequalityDispersion.Term V F arity)),
  DisequalityDispersion.SubtermClosed (DisequalityDispersion.tupleSupport outputs tests)
@DisequalityDispersion.two_le_tupleSupport_card : ∀ {V F : Type} {arity : F → ℕ} [inst : Fintype V] (x y : V),
  x ≠ y →
    ∀ (outputs : List (DisequalityDispersion.Term V F arity))
      (tests : List (DisequalityDispersion.Term V F arity × DisequalityDispersion.Term V F arity)),
      2 ≤ (DisequalityDispersion.tupleSupport outputs tests).card
@DisequalityDispersion.tupleSupport_isCut : ∀ {V F : Type} {arity : F → ℕ} [inst : Fintype V]
  (outputs : List (DisequalityDispersion.Term V F arity))
  (tests : List (DisequalityDispersion.Term V F arity × DisequalityDispersion.Term V F arity)),
  DisequalityDispersion.IsCut (DisequalityDispersion.tupleSupport outputs tests) outputs
@DisequalityDispersion.avoids_inter_support : ∀ {V F : Type} {arity : F → ℕ} [inst : Fintype V]
  (outputs : List (DisequalityDispersion.Term V F arity))
  (tests : List (DisequalityDispersion.Term V F arity × DisequalityDispersion.Term V F arity))
  (K : Finset (DisequalityDispersion.Term V F arity)) (t : DisequalityDispersion.Term V F arity),
  t.support ⊆ DisequalityDispersion.tupleSupport outputs tests →
    DisequalityDispersion.Avoids (K ∩ DisequalityDispersion.tupleSupport outputs tests) t →
      DisequalityDispersion.Avoids K t
@DisequalityDispersion.isCut_inter_support : ∀ {V F : Type} {arity : F → ℕ} [inst : Fintype V]
  (outputs : List (DisequalityDispersion.Term V F arity))
  (tests : List (DisequalityDispersion.Term V F arity × DisequalityDispersion.Term V F arity))
  (K : Finset (DisequalityDispersion.Term V F arity)),
  DisequalityDispersion.IsCut K outputs →
    DisequalityDispersion.IsCut (K ∩ DisequalityDispersion.tupleSupport outputs tests) outputs
@DisequalityDispersion.cutsIn : {V F : Type} →
  {arity : F → ℕ} →
    [Fintype V] →
      List (DisequalityDispersion.Term V F arity) →
        List (DisequalityDispersion.Term V F arity × DisequalityDispersion.Term V F arity) →
          Finset (Finset (DisequalityDispersion.Term V F arity))
@DisequalityDispersion.tupleSupport_mem_cutsIn : ∀ {V F : Type} {arity : F → ℕ} [inst : Fintype V]
  (outputs : List (DisequalityDispersion.Term V F arity))
  (tests : List (DisequalityDispersion.Term V F arity × DisequalityDispersion.Term V F arity)),
  DisequalityDispersion.tupleSupport outputs tests ∈ DisequalityDispersion.cutsIn outputs tests
@DisequalityDispersion.cutsIn_nonempty : ∀ {V F : Type} {arity : F → ℕ} [inst : Fintype V]
  (outputs : List (DisequalityDispersion.Term V F arity))
  (tests : List (DisequalityDispersion.Term V F arity × DisequalityDispersion.Term V F arity)),
  (Finset.image Finset.card (DisequalityDispersion.cutsIn outputs tests)).Nonempty
@DisequalityDispersion.cutSize : {V F : Type} →
  {arity : F → ℕ} →
    [Fintype V] →
      List (DisequalityDispersion.Term V F arity) →
        List (DisequalityDispersion.Term V F arity × DisequalityDispersion.Term V F arity) → ℕ
@DisequalityDispersion.exists_min_cut : ∀ {V F : Type} {arity : F → ℕ} [inst : Fintype V]
  (outputs : List (DisequalityDispersion.Term V F arity))
  (tests : List (DisequalityDispersion.Term V F arity × DisequalityDispersion.Term V F arity)),
  ∃ K ⊆ DisequalityDispersion.tupleSupport outputs tests,
    DisequalityDispersion.IsCut K outputs ∧ K.card = DisequalityDispersion.cutSize outputs tests
@DisequalityDispersion.cutSize_le_card_of_isCut : ∀ {V F : Type} {arity : F → ℕ} [inst : Fintype V]
  (outputs : List (DisequalityDispersion.Term V F arity))
  (tests : List (DisequalityDispersion.Term V F arity × DisequalityDispersion.Term V F arity))
  (K : Finset (DisequalityDispersion.Term V F arity)),
  DisequalityDispersion.IsCut K outputs → DisequalityDispersion.cutSize outputs tests ≤ K.card
@DisequalityDispersion.cutSize_le_support_card : ∀ {V F : Type} {arity : F → ℕ} [inst : Fintype V]
  (outputs : List (DisequalityDispersion.Term V F arity))
  (tests : List (DisequalityDispersion.Term V F arity × DisequalityDispersion.Term V F arity)),
  DisequalityDispersion.cutSize outputs tests ≤ (DisequalityDispersion.tupleSupport outputs tests).card
@DisequalityDispersion.retained_pair_mem_cut : ∀ {V F : Type} {arity : F → ℕ}
  (K : Finset (DisequalityDispersion.Term V F arity)) (outputs : List (DisequalityDispersion.Term V F arity)),
  DisequalityDispersion.IsCut K outputs →
    ∀ (x y : V),
      DisequalityDispersion.Term.var x ∈ outputs →
        DisequalityDispersion.Term.var y ∈ outputs →
          DisequalityDispersion.Term.var x ∈ K ∧ DisequalityDispersion.Term.var y ∈ K
@DisequalityDispersion.two_le_card_of_isCut : ∀ {V F : Type} {arity : F → ℕ}
  (K : Finset (DisequalityDispersion.Term V F arity)) (outputs : List (DisequalityDispersion.Term V F arity)),
  DisequalityDispersion.IsCut K outputs →
    ∀ (x y : V),
      x ≠ y → DisequalityDispersion.Term.var x ∈ outputs → DisequalityDispersion.Term.var y ∈ outputs → 2 ≤ K.card
@DisequalityDispersion.two_le_cutSize : ∀ {V F : Type} {arity : F → ℕ} [inst : Fintype V]
  (outputs : List (DisequalityDispersion.Term V F arity))
  (tests : List (DisequalityDispersion.Term V F arity × DisequalityDispersion.Term V F arity)) (x y : V),
  x ≠ y →
    DisequalityDispersion.Term.var x ∈ outputs →
      DisequalityDispersion.Term.var y ∈ outputs → 2 ≤ DisequalityDispersion.cutSize outputs tests
DisequalityDispersion.threshold : ℕ → ℕ → ℕ
DisequalityDispersion.threshold_eq : ∀ (k n : ℕ), 1 ≤ k → DisequalityDispersion.threshold k n = n ^ (k - 1) * (n - 1)
DisequalityDispersion.threshold_two : ∀ (n : ℕ), DisequalityDispersion.threshold 2 n = n * (n - 1)
DisequalityDispersion.guard_count_eq_threshold : ∀ (k n : ℕ),
  2 ≤ k → n * (n - 1) * n ^ (k - 2) = DisequalityDispersion.threshold k n
DisequalityDispersion.threshold_mono : ∀ (j k n : ℕ),
  1 ≤ j → j ≤ k → 1 ≤ n → DisequalityDispersion.threshold j n ≤ DisequalityDispersion.threshold k n
@DisequalityDispersion.eval_eq_of_agree_on_cut : ∀ {V F A : Type} {arity : F → ℕ}
  (I : DisequalityDispersion.Interpretation F arity A) (a a' : V → A)
  (K : Finset (DisequalityDispersion.Term V F arity)),
  (∀ u ∈ K, DisequalityDispersion.Term.eval I a u = DisequalityDispersion.Term.eval I a' u) →
    ∀ (t : DisequalityDispersion.Term V F arity),
      ¬DisequalityDispersion.Avoids K t → DisequalityDispersion.Term.eval I a t = DisequalityDispersion.Term.eval I a' t
@DisequalityDispersion.tupleEval_eq_of_agree_on_cut : ∀ {V F A : Type} {arity : F → ℕ}
  (I : DisequalityDispersion.Interpretation F arity A) (a a' : V → A)
  (K : Finset (DisequalityDispersion.Term V F arity)) (outputs : List (DisequalityDispersion.Term V F arity)),
  DisequalityDispersion.IsCut K outputs →
    (∀ u ∈ K, DisequalityDispersion.Term.eval I a u = DisequalityDispersion.Term.eval I a' u) →
      DisequalityDispersion.tupleEval outputs I a = DisequalityDispersion.tupleEval outputs I a'
@DisequalityDispersion.cutRest : {V F : Type} →
  {arity : F → ℕ} →
    Finset (DisequalityDispersion.Term V F arity) → V → V → Finset (DisequalityDispersion.Term V F arity)
@DisequalityDispersion.cutRest_card : ∀ {V F : Type} {arity : F → ℕ} (K : Finset (DisequalityDispersion.Term V F arity))
  (x y : V),
  x ≠ y →
    DisequalityDispersion.Term.var x ∈ K →
      DisequalityDispersion.Term.var y ∈ K → (DisequalityDispersion.cutRest K x y).card = K.card - 2
@DisequalityDispersion.cutKey : {V F A : Type} →
  {arity : F → ℕ} →
    (K : Finset (DisequalityDispersion.Term V F arity)) →
      (x y : V) →
        DisequalityDispersion.Interpretation F arity A →
          (V → A) → (A × A) × ({ u // u ∈ DisequalityDispersion.cutRest K x y } → A)
@DisequalityDispersion.agree_of_cutKey_eq : ∀ {V F A : Type} {arity : F → ℕ}
  (K : Finset (DisequalityDispersion.Term V F arity)) (x y : V) (I : DisequalityDispersion.Interpretation F arity A)
  (a a' : V → A),
  DisequalityDispersion.cutKey K x y I a = DisequalityDispersion.cutKey K x y I a' →
    ∀ u ∈ K, DisequalityDispersion.Term.eval I a u = DisequalityDispersion.Term.eval I a' u
@DisequalityDispersion.filteredImage_card_le_cut : ∀ {V F A : Type} {arity : F → ℕ} [inst : Fintype V]
  [inst_1 : Fintype A] (x y : V) (outputs : List (DisequalityDispersion.Term V F arity))
  (tests : List (DisequalityDispersion.Term V F arity × DisequalityDispersion.Term V F arity)),
  (DisequalityDispersion.Term.var x, DisequalityDispersion.Term.var y) ∈ tests →
    ∀ (K : Finset (DisequalityDispersion.Term V F arity)),
      DisequalityDispersion.IsCut K outputs →
        ∀ (I : DisequalityDispersion.Interpretation F arity A),
          (DisequalityDispersion.filteredImage outputs tests I).card ≤
            Fintype.card A * (Fintype.card A - 1) * Fintype.card A ^ (DisequalityDispersion.cutRest K x y).card
@DisequalityDispersion.dispersionTuple_le_cut : ∀ {V F : Type} {arity : F → ℕ} [inst : Fintype V] [inst_1 : Fintype F]
  (x y : V),
  x ≠ y →
    ∀ (outputs : List (DisequalityDispersion.Term V F arity))
      (tests : List (DisequalityDispersion.Term V F arity × DisequalityDispersion.Term V F arity)),
      DisequalityDispersion.Term.var x ∈ outputs →
        DisequalityDispersion.Term.var y ∈ outputs →
          (DisequalityDispersion.Term.var x, DisequalityDispersion.Term.var y) ∈ tests →
            ∀ (K : Finset (DisequalityDispersion.Term V F arity)),
              DisequalityDispersion.IsCut K outputs →
                ∀ (n : ℕ),
                  DisequalityDispersion.dispersionTuple outputs tests ≤ DisequalityDispersion.threshold K.card n
@DisequalityDispersion.dispersionTuple_le_threshold : ∀ {V F : Type} {arity : F → ℕ} [inst : Fintype V]
  [inst_1 : Fintype F] (x y : V),
  x ≠ y →
    ∀ (outputs : List (DisequalityDispersion.Term V F arity))
      (tests : List (DisequalityDispersion.Term V F arity × DisequalityDispersion.Term V F arity)),
      DisequalityDispersion.Term.var x ∈ outputs →
        DisequalityDispersion.Term.var y ∈ outputs →
          (DisequalityDispersion.Term.var x, DisequalityDispersion.Term.var y) ∈ tests →
            ∀ (n : ℕ),
              DisequalityDispersion.dispersionTuple outputs tests ≤
                DisequalityDispersion.threshold (DisequalityDispersion.cutSize outputs tests) n
@DisequalityDispersion.identityOutputs : {F : Type} →
  {arity : F → ℕ} → (j : ℕ) → List (DisequalityDispersion.Term (Fin j) F arity)
@DisequalityDispersion.firstGuard : {F : Type} →
  {arity : F → ℕ} →
    (j : ℕ) → 2 ≤ j → List (DisequalityDispersion.Term (Fin j) F arity × DisequalityDispersion.Term (Fin j) F arity)
@DisequalityDispersion.identityOutputs_tupleEval : ∀ {A F : Type} {arity : F → ℕ} (j : ℕ)
  (I : DisequalityDispersion.Interpretation F arity A) (a : Fin j → A),
  DisequalityDispersion.tupleEval (DisequalityDispersion.identityOutputs j) I a = List.ofFn a
@DisequalityDispersion.var_mem_identityOutputs : ∀ {F : Type} {arity : F → ℕ} (j : ℕ) (i : Fin j),
  DisequalityDispersion.Term.var i ∈ DisequalityDispersion.identityOutputs j
@DisequalityDispersion.identity_cut_card : ∀ {F : Type} {arity : F → ℕ} (j : ℕ)
  (K : Finset (DisequalityDispersion.Term (Fin j) F arity)),
  DisequalityDispersion.IsCut K (DisequalityDispersion.identityOutputs j) → j ≤ K.card
@DisequalityDispersion.identity_cutSize : ∀ {F : Type} {arity : F → ℕ} (j : ℕ) (hj : 2 ≤ j),
  DisequalityDispersion.cutSize (DisequalityDispersion.identityOutputs j) (DisequalityDispersion.firstGuard j hj) = j
@DisequalityDispersion.sharpAssign : {A : Type} → (j : ℕ) → 2 ≤ j → (A × A) × (Fin (j - 2) → A) → Fin j → A
@DisequalityDispersion.sharpAssign_injective : ∀ {A : Type} (j : ℕ) (hj : 2 ≤ j),
  Function.Injective (DisequalityDispersion.sharpAssign j hj)
@DisequalityDispersion.sharpAssign_valid : ∀ {A F : Type} {arity : F → ℕ} (j : ℕ) (hj : 2 ≤ j) [inst : Fintype A]
  (I : DisequalityDispersion.Interpretation F arity A) (c : (A × A) × (Fin (j - 2) → A)),
  c.1.1 ≠ c.1.2 →
    DisequalityDispersion.sharpAssign j hj c ∈
      DisequalityDispersion.validAssignments (DisequalityDispersion.firstGuard j hj) I
@DisequalityDispersion.sharp_example_dispersion : ∀ {F : Type} {arity : F → ℕ} [inst : Fintype F] (j : ℕ) (hj : 2 ≤ j)
  (n : ℕ),
  DisequalityDispersion.dispersionTuple (DisequalityDispersion.identityOutputs j)
      (DisequalityDispersion.firstGuard j hj) =
    DisequalityDispersion.threshold j n
@DisequalityDispersion.Routed : {V F : Type} →
  {arity : F → ℕ} →
    (DisequalityDispersion.Term V F arity → Option (DisequalityDispersion.Term V F arity)) →
      V → DisequalityDispersion.Term V F arity → Prop
@DisequalityDispersion.routeTable : {V F B : Type} →
  {arity : F → ℕ} →
    (DisequalityDispersion.Term V F arity → Option (DisequalityDispersion.Term V F arity)) →
      B →
        (f : F) → (Fin (arity f) → DisequalityDispersion.Term V F arity × B) → DisequalityDispersion.Term V F arity × B
@DisequalityDispersion.route_eval_tag : ∀ {V F B : Type} {arity : F → ℕ}
  (pred : DisequalityDispersion.Term V F arity → Option (DisequalityDispersion.Term V F arity)) (b₀ : B) (a : V → B)
  (t : DisequalityDispersion.Term V F arity),
  (DisequalityDispersion.Term.eval (DisequalityDispersion.routeTable pred b₀) (DisequalityDispersion.taggedSources a)
        t).1 =
    t
@DisequalityDispersion.route_eval_payload : ∀ {V F B : Type} {arity : F → ℕ}
  (pred : DisequalityDispersion.Term V F arity → Option (DisequalityDispersion.Term V F arity)) (b₀ : B) (a : V → B)
  (z : V) (t : DisequalityDispersion.Term V F arity),
  DisequalityDispersion.Routed pred z t →
    (DisequalityDispersion.Term.eval (DisequalityDispersion.routeTable pred b₀) (DisequalityDispersion.taggedSources a)
          t).2 =
      a z
@DisequalityDispersion.route_distinct_terms_pass : ∀ {V F B : Type} {arity : F → ℕ}
  (pred : DisequalityDispersion.Term V F arity → Option (DisequalityDispersion.Term V F arity)) (b₀ : B) (a : V → B)
  (u v : DisequalityDispersion.Term V F arity),
  u ≠ v →
    DisequalityDispersion.Term.eval (DisequalityDispersion.routeTable pred b₀) (DisequalityDispersion.taggedSources a)
        u ≠
      DisequalityDispersion.Term.eval (DisequalityDispersion.routeTable pred b₀) (DisequalityDispersion.taggedSources a)
        v
@DisequalityDispersion.finiteRouteTable : {V F B : Type} →
  {arity : F → ℕ} →
    (S : Finset (DisequalityDispersion.Term V F arity)) →
      { t // t ∈ S } →
        (DisequalityDispersion.Term V F arity → Option (DisequalityDispersion.Term V F arity)) →
          B → (f : F) → (Fin (arity f) → DisequalityDispersion.TagAlphabet S B) → DisequalityDispersion.TagAlphabet S B
@DisequalityDispersion.finite_route_eval_embed : ∀ {V F B : Type} {arity : F → ℕ}
  (S : Finset (DisequalityDispersion.Term V F arity)) (d : { t // t ∈ S }),
  DisequalityDispersion.SubtermClosed S →
    ∀ (pred : DisequalityDispersion.Term V F arity → Option (DisequalityDispersion.Term V F arity)) (b₀ : B)
      (a : V → B),
      ∀ t ∈ S,
        DisequalityDispersion.embedTag S
            (DisequalityDispersion.Term.eval (DisequalityDispersion.finiteRouteTable S d pred b₀)
              (DisequalityDispersion.finiteTaggedSources S d a) t) =
          DisequalityDispersion.Term.eval (DisequalityDispersion.routeTable pred b₀)
            (DisequalityDispersion.taggedSources a) t
@DisequalityDispersion.finite_route_distinct_terms_pass : ∀ {V F B : Type} {arity : F → ℕ}
  (S : Finset (DisequalityDispersion.Term V F arity)) (d : { t // t ∈ S }),
  DisequalityDispersion.SubtermClosed S →
    ∀ (pred : DisequalityDispersion.Term V F arity → Option (DisequalityDispersion.Term V F arity)) (b₀ : B) (a : V → B)
      (u v : DisequalityDispersion.Term V F arity),
      u ∈ S →
        v ∈ S →
          u ≠ v →
            DisequalityDispersion.Term.eval (DisequalityDispersion.finiteRouteTable S d pred b₀)
                (DisequalityDispersion.finiteTaggedSources S d a) u ≠
              DisequalityDispersion.Term.eval (DisequalityDispersion.finiteRouteTable S d pred b₀)
                (DisequalityDispersion.finiteTaggedSources S d a) v
@DisequalityDispersion.finite_route_eval_payload : ∀ {V F B : Type} {arity : F → ℕ}
  (S : Finset (DisequalityDispersion.Term V F arity)) (d : { t // t ∈ S }),
  DisequalityDispersion.SubtermClosed S →
    ∀ (pred : DisequalityDispersion.Term V F arity → Option (DisequalityDispersion.Term V F arity)) (b₀ : B) (a : V → B)
      (z : V),
      ∀ t ∈ S,
        DisequalityDispersion.Routed pred z t →
          (DisequalityDispersion.Term.eval (DisequalityDispersion.finiteRouteTable S d pred b₀)
                (DisequalityDispersion.finiteTaggedSources S d a) t).2 =
            a z
@DisequalityDispersion.RoutingData : {V F : Type} → {arity : F → ℕ} → List (DisequalityDispersion.Term V F arity) → Type
@DisequalityDispersion.routeAssign : {V B : Type} → {q : ℕ} → (Fin q → V) → B → (Fin q → B) → V → B
@DisequalityDispersion.routeAssign_apply : ∀ {V B : Type} {q : ℕ} (z : Fin q → V),
  Function.Injective z → ∀ (b₀ : B) (c : Fin q → B) (i : Fin q), DisequalityDispersion.routeAssign z b₀ c (z i) = c i
@DisequalityDispersion.finite_route_image_lower : ∀ {V F B : Type} {arity : F → ℕ} [inst : Fintype V]
  [inst_1 : Fintype B] (outputs : List (DisequalityDispersion.Term V F arity))
  (tests : List (DisequalityDispersion.Term V F arity × DisequalityDispersion.Term V F arity))
  (R : DisequalityDispersion.RoutingData outputs) (S : Finset (DisequalityDispersion.Term V F arity))
  (d : { t // t ∈ S }),
  DisequalityDispersion.SubtermClosed S →
    (∀ t ∈ outputs, t ∈ S) →
      (∀ uv ∈ tests, uv.1 ∈ S ∧ uv.2 ∈ S) →
        (∀ uv ∈ tests, uv.1 ≠ uv.2) →
          ∀ (b₀ : B),
            Fintype.card B ^ R.q ≤
              (DisequalityDispersion.filteredImage outputs tests
                  (DisequalityDispersion.finiteRouteTable S d R.pred b₀)).card
@DisequalityDispersion.routing_lower_tag : ∀ {V F : Type} {arity : F → ℕ} [inst : Fintype V] [inst_1 : Fintype F]
  (outputs : List (DisequalityDispersion.Term V F arity))
  (tests : List (DisequalityDispersion.Term V F arity × DisequalityDispersion.Term V F arity))
  (R : DisequalityDispersion.RoutingData outputs),
  (∀ uv ∈ tests, uv.1 ≠ uv.2) → ∀ (x : V) (m : ℕ), 0 < m → m ^ R.q ≤ DisequalityDispersion.dispersionTuple outputs tests
@DisequalityDispersion.routing_lower : ∀ {V F : Type} {arity : F → ℕ} [inst : Fintype V] [inst_1 : Fintype F]
  (outputs : List (DisequalityDispersion.Term V F arity))
  (tests : List (DisequalityDispersion.Term V F arity × DisequalityDispersion.Term V F arity))
  (R : DisequalityDispersion.RoutingData outputs),
  (∀ uv ∈ tests, uv.1 ≠ uv.2) →
    ∀ (x : V) (n : ℕ),
      (DisequalityDispersion.tupleSupport outputs tests).card ≤ n →
        (n / (DisequalityDispersion.tupleSupport outputs tests).card) ^ R.q ≤
          DisequalityDispersion.dispersionTuple outputs tests
@DisequalityDispersion.MengerInput : {V F : Type} →
  {arity : F → ℕ} →
    [Fintype V] →
      List (DisequalityDispersion.Term V F arity) →
        List (DisequalityDispersion.Term V F arity × DisequalityDispersion.Term V F arity) → Prop
@DisequalityDispersion.routing_lower_bound_of_menger : ∀ {V F : Type} {arity : F → ℕ} [inst : Fintype V]
  [inst_1 : Fintype F] (outputs : List (DisequalityDispersion.Term V F arity))
  (tests : List (DisequalityDispersion.Term V F arity × DisequalityDispersion.Term V F arity)),
  DisequalityDispersion.MengerInput outputs tests →
    (∀ uv ∈ tests, uv.1 ≠ uv.2) →
      ∀ (x : V) (n : ℕ),
        (DisequalityDispersion.tupleSupport outputs tests).card ≤ n →
          (n / (DisequalityDispersion.tupleSupport outputs tests).card) ^ DisequalityDispersion.cutSize outputs tests ≤
            DisequalityDispersion.dispersionTuple outputs tests
@DisequalityDispersion.Passes : {V F : Type} →
  {arity : F → ℕ} →
    (DisequalityDispersion.Term V F arity → Option (DisequalityDispersion.Term V F arity)) →
      DisequalityDispersion.Term V F arity → DisequalityDispersion.Term V F arity → Prop
@DisequalityDispersion.routed_app_inv : ∀ {V F : Type} {arity : F → ℕ}
  (pred : DisequalityDispersion.Term V F arity → Option (DisequalityDispersion.Term V F arity)) (z : V) (f : F)
  (ts : Fin (arity f) → DisequalityDispersion.Term V F arity),
  DisequalityDispersion.Routed pred z (DisequalityDispersion.Term.app f ts) →
    ∃ j, pred (DisequalityDispersion.Term.app f ts) = some (ts j) ∧ DisequalityDispersion.Routed pred z (ts j)
@DisequalityDispersion.routed_var_inv : ∀ {V F : Type} {arity : F → ℕ}
  (pred : DisequalityDispersion.Term V F arity → Option (DisequalityDispersion.Term V F arity)) (z v : V),
  DisequalityDispersion.Routed pred z (DisequalityDispersion.Term.var v) → z = v
@DisequalityDispersion.routed_of_passes : ∀ {V F : Type} {arity : F → ℕ}
  (pred : DisequalityDispersion.Term V F arity → Option (DisequalityDispersion.Term V F arity)) (z : V)
  (t u : DisequalityDispersion.Term V F arity),
  DisequalityDispersion.Routed pred z t → DisequalityDispersion.Passes pred t u → DisequalityDispersion.Routed pred z u
@DisequalityDispersion.routed_unique : ∀ {V F : Type} {arity : F → ℕ}
  (pred : DisequalityDispersion.Term V F arity → Option (DisequalityDispersion.Term V F arity)) (z z' : V)
  (t : DisequalityDispersion.Term V F arity),
  DisequalityDispersion.Routed pred z t → DisequalityDispersion.Routed pred z' t → z = z'
@DisequalityDispersion.chain_meets_cut : ∀ {V F : Type} {arity : F → ℕ}
  (pred : DisequalityDispersion.Term V F arity → Option (DisequalityDispersion.Term V F arity)) (z : V)
  (K : Finset (DisequalityDispersion.Term V F arity)) (t : DisequalityDispersion.Term V F arity),
  DisequalityDispersion.Routed pred z t →
    ¬DisequalityDispersion.Avoids K t → ∃ u ∈ K, DisequalityDispersion.Passes pred t u
@DisequalityDispersion.routingData_q_le_cut : ∀ {V F : Type} {arity : F → ℕ}
  (outputs : List (DisequalityDispersion.Term V F arity)) (R : DisequalityDispersion.RoutingData outputs)
  (K : Finset (DisequalityDispersion.Term V F arity)), DisequalityDispersion.IsCut K outputs → R.q ≤ K.card
@DisequalityDispersion.LowerT : {V F : Type} →
  {arity : F → ℕ} →
    [Fintype V] →
      [Fintype F] →
        ℕ →
          List (DisequalityDispersion.Term V F arity) →
            List (DisequalityDispersion.Term V F arity × DisequalityDispersion.Term V F arity) → Prop
@DisequalityDispersion.StrictT : {V F : Type} →
  {arity : F → ℕ} →
    [Fintype V] →
      [Fintype F] →
        ℕ →
          List (DisequalityDispersion.Term V F arity) →
            List (DisequalityDispersion.Term V F arity × DisequalityDispersion.Term V F arity) → Prop
@DisequalityDispersion.lowerT_of_strictT : ∀ {V F : Type} {arity : F → ℕ} [inst : Fintype V] [inst_1 : Fintype F]
  (k : ℕ) (outputs : List (DisequalityDispersion.Term V F arity))
  (tests : List (DisequalityDispersion.Term V F arity × DisequalityDispersion.Term V F arity)),
  DisequalityDispersion.StrictT k outputs tests → DisequalityDispersion.LowerT k outputs tests
DisequalityDispersion.witness_arithmetic : ∀ (s k ρ : ℕ),
  2 ≤ s → k + 1 ≤ ρ → 1 ≤ k → DisequalityDispersion.threshold k (s ^ (k + 1)) + 1 ≤ (s ^ (k + 1) / s) ^ ρ
@DisequalityDispersion.strict_witness : ∀ {V F : Type} {arity : F → ℕ} [inst : Fintype V] [inst_1 : Fintype F] (k : ℕ),
  1 ≤ k →
    ∀ (x y : V),
      x ≠ y →
        ∀ (outputs : List (DisequalityDispersion.Term V F arity))
          (tests : List (DisequalityDispersion.Term V F arity × DisequalityDispersion.Term V F arity)),
          DisequalityDispersion.MengerInput outputs tests →
            (∀ uv ∈ tests, uv.1 ≠ uv.2) →
              k + 1 ≤ DisequalityDispersion.cutSize outputs tests →
                2 ≤ (DisequalityDispersion.tupleSupport outputs tests).card ^ (k + 1) ∧
                  DisequalityDispersion.threshold k
                        ((DisequalityDispersion.tupleSupport outputs tests).card ^ (k + 1)) +
                      1 ≤
                    DisequalityDispersion.dispersionTuple outputs tests
@DisequalityDispersion.strict_degree_iff : ∀ {V F : Type} {arity : F → ℕ} [inst : Fintype V] [inst_1 : Fintype F]
  (k : ℕ),
  2 ≤ k →
    ∀ (x y : V),
      x ≠ y →
        ∀ (outputs : List (DisequalityDispersion.Term V F arity))
          (tests : List (DisequalityDispersion.Term V F arity × DisequalityDispersion.Term V F arity)),
          DisequalityDispersion.Term.var x ∈ outputs →
            DisequalityDispersion.Term.var y ∈ outputs →
              (DisequalityDispersion.Term.var x, DisequalityDispersion.Term.var y) ∈ tests →
                DisequalityDispersion.MengerInput outputs tests →
                  (DisequalityDispersion.StrictT k outputs tests ↔
                    (∀ uv ∈ tests, uv.1 ≠ uv.2) ∧ k + 1 ≤ DisequalityDispersion.cutSize outputs tests)
@DisequalityDispersion.dispersionTuple_le_threshold_of_cut_le : ∀ {V F : Type} {arity : F → ℕ} [inst : Fintype V]
  [inst_1 : Fintype F] (k : ℕ) (x y : V),
  x ≠ y →
    ∀ (outputs : List (DisequalityDispersion.Term V F arity))
      (tests : List (DisequalityDispersion.Term V F arity × DisequalityDispersion.Term V F arity)),
      DisequalityDispersion.Term.var x ∈ outputs →
        DisequalityDispersion.Term.var y ∈ outputs →
          (DisequalityDispersion.Term.var x, DisequalityDispersion.Term.var y) ∈ tests →
            DisequalityDispersion.cutSize outputs tests ≤ k →
              ∀ (n : ℕ),
                1 ≤ n → DisequalityDispersion.dispersionTuple outputs tests ≤ DisequalityDispersion.threshold k n
@DisequalityDispersion.not_lowerT_of_cut_lt : ∀ {V F : Type} {arity : F → ℕ} [inst : Fintype V] [inst_1 : Fintype F]
  (k : ℕ) (x y : V),
  x ≠ y →
    ∀ (outputs : List (DisequalityDispersion.Term V F arity))
      (tests : List (DisequalityDispersion.Term V F arity × DisequalityDispersion.Term V F arity)),
      DisequalityDispersion.Term.var x ∈ outputs →
        DisequalityDispersion.Term.var y ∈ outputs →
          (DisequalityDispersion.Term.var x, DisequalityDispersion.Term.var y) ∈ tests →
            DisequalityDispersion.cutSize outputs tests < k → ¬DisequalityDispersion.LowerT k outputs tests
DisequalityDispersion.threshold_interleave : ∀ (k n : ℕ),
  2 ≤ k →
    2 ≤ n →
      DisequalityDispersion.threshold k n < DisequalityDispersion.threshold k n + 1 ∧
        DisequalityDispersion.threshold k n + 1 < DisequalityDispersion.threshold (k + 1) n
@DisequalityDispersion.Term.mapVar : {V V' F : Type} →
  {arity : F → ℕ} → (V → V') → DisequalityDispersion.Term V F arity → DisequalityDispersion.Term V' F arity
@DisequalityDispersion.Term.eval_mapVar : ∀ {V V' F A : Type} {arity : F → ℕ} (g : V → V')
  (I : DisequalityDispersion.Interpretation F arity A) (a : V' → A) (t : DisequalityDispersion.Term V F arity),
  DisequalityDispersion.Term.eval I a (DisequalityDispersion.Term.mapVar g t) =
    DisequalityDispersion.Term.eval I (fun v => a (g v)) t
@DisequalityDispersion.mapVarTests : {V V' F : Type} →
  {arity : F → ℕ} →
    (V → V') →
      List (DisequalityDispersion.Term V F arity × DisequalityDispersion.Term V F arity) →
        List (DisequalityDispersion.Term V' F arity × DisequalityDispersion.Term V' F arity)
@DisequalityDispersion.Valid_mapVarTests : ∀ {V V' F A : Type} {arity : F → ℕ} (g : V → V')
  (tests : List (DisequalityDispersion.Term V F arity × DisequalityDispersion.Term V F arity))
  (I : DisequalityDispersion.Interpretation F arity A) (a : V' → A),
  DisequalityDispersion.Valid (DisequalityDispersion.mapVarTests g tests) I a ↔
    DisequalityDispersion.Valid tests I fun v => a (g v)
@DisequalityDispersion.Term.mapVar_injective : ∀ {V V' F : Type} {arity : F → ℕ} (g : V → V'),
  Function.Injective g → Function.Injective (DisequalityDispersion.Term.mapVar g)
@DisequalityDispersion.mapVarTests_distinct_iff : ∀ {V V' F : Type} {arity : F → ℕ} (g : V → V'),
  Function.Injective g →
    ∀ (tests : List (DisequalityDispersion.Term V F arity × DisequalityDispersion.Term V F arity)),
      (∀ uv ∈ DisequalityDispersion.mapVarTests g tests, uv.1 ≠ uv.2) ↔ ∀ uv ∈ tests, uv.1 ≠ uv.2
DisequalityDispersion.padMap : (k : ℕ) → 2 ≤ k → Fin 2 → Fin k
DisequalityDispersion.padMap_injective : ∀ (k : ℕ) (hk : 2 ≤ k), Function.Injective (DisequalityDispersion.padMap k hk)
@DisequalityDispersion.padTests : {F : Type} →
  {arity : F → ℕ} →
    (k : ℕ) →
      2 ≤ k →
        List (DisequalityDispersion.Term (Fin 2) F arity × DisequalityDispersion.Term (Fin 2) F arity) →
          List (DisequalityDispersion.Term (Fin k) F arity × DisequalityDispersion.Term (Fin k) F arity)
@DisequalityDispersion.pairImage : {F A : Type} →
  {arity : F → ℕ} →
    [Fintype A] →
      List (DisequalityDispersion.Term (Fin 2) F arity × DisequalityDispersion.Term (Fin 2) F arity) →
        DisequalityDispersion.Interpretation F arity A → Finset (A × A)
@DisequalityDispersion.pairImage_card : ∀ {F A : Type} {arity : F → ℕ} [inst : Fintype A]
  (tests : List (DisequalityDispersion.Term (Fin 2) F arity × DisequalityDispersion.Term (Fin 2) F arity))
  (I : DisequalityDispersion.Interpretation F arity A),
  (DisequalityDispersion.filteredImage [DisequalityDispersion.Term.var 0, DisequalityDispersion.Term.var 1] tests
        I).card =
    (DisequalityDispersion.pairImage tests I).card
@DisequalityDispersion.fin2_ext : ∀ {A : Type} (a b : Fin 2 → A), a 0 = b 0 → a 1 = b 1 → a = b
@DisequalityDispersion.padded_filteredImage : ∀ {F A : Type} {arity : F → ℕ} [inst : Fintype A] (k : ℕ) (hk : 2 ≤ k)
  (tests : List (DisequalityDispersion.Term (Fin 2) F arity × DisequalityDispersion.Term (Fin 2) F arity))
  (I : DisequalityDispersion.Interpretation F arity A),
  DisequalityDispersion.filteredImage (DisequalityDispersion.identityOutputs k)
      (DisequalityDispersion.padTests k hk tests) I =
    Finset.image (fun c => List.ofFn (DisequalityDispersion.sharpAssign k hk c))
      (DisequalityDispersion.pairImage tests I ×ˢ Finset.univ)
@DisequalityDispersion.padded_filteredImage_card : ∀ {F A : Type} {arity : F → ℕ} [inst : Fintype A] (k : ℕ)
  (hk : 2 ≤ k) (tests : List (DisequalityDispersion.Term (Fin 2) F arity × DisequalityDispersion.Term (Fin 2) F arity))
  (I : DisequalityDispersion.Interpretation F arity A),
  (DisequalityDispersion.filteredImage (DisequalityDispersion.identityOutputs k)
        (DisequalityDispersion.padTests k hk tests) I).card =
    (DisequalityDispersion.filteredImage [DisequalityDispersion.Term.var 0, DisequalityDispersion.Term.var 1] tests
          I).card *
      Fintype.card A ^ (k - 2)
@DisequalityDispersion.finset_sup_mul_const : ∀ {ι : Type} (s : Finset ι) (c : ι → ℕ) (m : ℕ),
  (s.sup fun i => c i * m) = s.sup c * m
@DisequalityDispersion.padding_dispersion : ∀ {F : Type} {arity : F → ℕ} [inst : Fintype F] (k : ℕ) (hk : 2 ≤ k)
  (tests : List (DisequalityDispersion.Term (Fin 2) F arity × DisequalityDispersion.Term (Fin 2) F arity)) (n : ℕ),
  DisequalityDispersion.dispersionTuple (DisequalityDispersion.identityOutputs k)
      (DisequalityDispersion.padTests k hk tests) =
    DisequalityDispersion.dispersionTuple [DisequalityDispersion.Term.var 0, DisequalityDispersion.Term.var 1] tests *
      n ^ (k - 2)
@DisequalityDispersion.cutSize_of_all_vars : ∀ {V F : Type} {arity : F → ℕ} [inst : Fintype V]
  (outputs : List (DisequalityDispersion.Term V F arity))
  (tests : List (DisequalityDispersion.Term V F arity × DisequalityDispersion.Term V F arity)),
  (∀ t ∈ outputs, ∃ v, t = DisequalityDispersion.Term.var v) →
    DisequalityDispersion.cutSize outputs tests = outputs.toFinset.card
@DisequalityDispersion.identityOutputs_toFinset_card : ∀ {F : Type} {arity : F → ℕ} (k : ℕ),
  (DisequalityDispersion.identityOutputs k).toFinset.card = k
@DisequalityDispersion.padded_cutSize : ∀ {F : Type} {arity : F → ℕ} (k : ℕ) (hk : 2 ≤ k)
  (tests : List (DisequalityDispersion.Term (Fin 2) F arity × DisequalityDispersion.Term (Fin 2) F arity)),
  DisequalityDispersion.cutSize (DisequalityDispersion.identityOutputs k) (DisequalityDispersion.padTests k hk tests) =
    k
@DisequalityDispersion.filteredImage_pair_eq_triple_card : ∀ {V F A : Type} {arity : F → ℕ} [inst : Fintype V]
  [inst_1 : Fintype A] (x y : V)
  (tests : List (DisequalityDispersion.Term V F arity × DisequalityDispersion.Term V F arity))
  (I : DisequalityDispersion.Interpretation F arity A),
  (DisequalityDispersion.filteredImage [DisequalityDispersion.Term.var x, DisequalityDispersion.Term.var y] tests
        I).card =
    (DisequalityDispersion.filteredTriples x y (DisequalityDispersion.Term.var x) tests I).card
@DisequalityDispersion.dispersionTuple_pair_eq_dispersionOn : ∀ {V F A : Type} {arity : F → ℕ} [inst : Fintype V]
  [inst_1 : Fintype F] [inst_2 : Fintype A] (x y : V)
  (tests : List (DisequalityDispersion.Term V F arity × DisequalityDispersion.Term V F arity)),
  DisequalityDispersion.dispersionTuple [DisequalityDispersion.Term.var x, DisequalityDispersion.Term.var y] tests =
    DisequalityDispersion.dispersionOn x y (DisequalityDispersion.Term.var x) tests
DisequalityDispersion.Encoded.Instance.extendBy : DisequalityDispersion.Encoded.Instance →
  List ℕ → List DisequalityDispersion.Encoded.Node → DisequalityDispersion.Encoded.Instance
DisequalityDispersion.Encoded.Instance.extendBy_k : ∀ (γ : DisequalityDispersion.Encoded.Instance) (es : List ℕ)
  (ns : List DisequalityDispersion.Encoded.Node), (γ.extendBy es ns).k = γ.k + es.length
DisequalityDispersion.Encoded.Instance.extendBy_m : ∀ (γ : DisequalityDispersion.Encoded.Instance) (es : List ℕ)
  (ns : List DisequalityDispersion.Encoded.Node), (γ.extendBy es ns).m = γ.m
DisequalityDispersion.Encoded.Instance.extendBy_nodes_length : ∀ (γ : DisequalityDispersion.Encoded.Instance)
  (es : List ℕ) (ns : List DisequalityDispersion.Encoded.Node),
  (γ.extendBy es ns).nodes.length = γ.nodes.length + ns.length
DisequalityDispersion.Encoded.Instance.k_le_extendBy : ∀ (γ : DisequalityDispersion.Encoded.Instance) (es : List ℕ)
  (ns : List DisequalityDispersion.Encoded.Node), γ.k ≤ (γ.extendBy es ns).k
DisequalityDispersion.Encoded.Instance.extendBy_nodes_getElem? : ∀ (γ : DisequalityDispersion.Encoded.Instance)
  (es : List ℕ) (ns : List DisequalityDispersion.Encoded.Node),
  ∀ j < γ.nodes.length, (γ.extendBy es ns).nodes[j]? = γ.nodes[j]?
DisequalityDispersion.Encoded.Instance.extendBy_nodes_getElem_right : ∀ (γ : DisequalityDispersion.Encoded.Instance)
  (es : List ℕ) (ns : List DisequalityDispersion.Encoded.Node) (p : ℕ) (hp : p < ns.length),
  (γ.extendBy es ns).nodes[γ.nodes.length + p] = ns[p]
DisequalityDispersion.Encoded.Instance.castTm : (γ : DisequalityDispersion.Encoded.Instance) →
  (es : List ℕ) → (ns : List DisequalityDispersion.Encoded.Node) → γ.Tm → (γ.extendBy es ns).Tm
DisequalityDispersion.Encoded.Instance.decodeFuel_extendBy : ∀ (γ : DisequalityDispersion.Encoded.Instance)
  (es : List ℕ) (ns : List DisequalityDispersion.Encoded.Node) (fuel j : ℕ) (u : γ.Tm),
  γ.decodeFuel fuel j = some u → (γ.extendBy es ns).decodeFuel fuel j = some (γ.castTm es ns u)
DisequalityDispersion.Encoded.Instance.termD_extendBy : ∀ (γ : DisequalityDispersion.Encoded.Instance) (es : List ℕ)
  (ns : List DisequalityDispersion.Encoded.Node) (hv : γ.Valid) (hv' : (γ.extendBy es ns).Valid),
  ∀ j < γ.nodes.length, (γ.extendBy es ns).termD hv' j = γ.castTm es ns (γ.termD hv j)
DisequalityDispersion.Encoded.Instance.testTerms_extendBy : ∀ (γ : DisequalityDispersion.Encoded.Instance) (es : List ℕ)
  (ns : List DisequalityDispersion.Encoded.Node) (hv : γ.Valid) (hv' : (γ.extendBy es ns).Valid),
  (γ.extendBy es ns).testTerms hv' = DisequalityDispersion.mapVarTests (Fin.castLE ⋯) (γ.testTerms hv)
DisequalityDispersion.Encoded.Instance.termD_extendBy_src : ∀ (γ : DisequalityDispersion.Encoded.Instance) (es : List ℕ)
  (ns : List DisequalityDispersion.Encoded.Node) (hv' : (γ.extendBy es ns).Valid) (p i : ℕ) (hp : p < ns.length),
  ns[p] = DisequalityDispersion.Encoded.Node.src i →
    ∃ (hi : i < (γ.extendBy es ns).k),
      (γ.extendBy es ns).termD hv' (γ.nodes.length + p) = DisequalityDispersion.Term.var ⟨i, hi⟩
DisequalityDispersion.Encoded.Instance.extendBy_xv : ∀ (γ : DisequalityDispersion.Encoded.Instance) (es : List ℕ)
  (ns : List DisequalityDispersion.Encoded.Node) (hv : γ.Valid) (hv' : (γ.extendBy es ns).Valid),
  (γ.extendBy es ns).xv hv' = Fin.castLE ⋯ (γ.xv hv)
DisequalityDispersion.Encoded.Instance.extendBy_yv : ∀ (γ : DisequalityDispersion.Encoded.Instance) (es : List ℕ)
  (ns : List DisequalityDispersion.Encoded.Node) (hv : γ.Valid) (hv' : (γ.extendBy es ns).Valid),
  (γ.extendBy es ns).yv hv' = Fin.castLE ⋯ (γ.yv hv)
DisequalityDispersion.Encoded.GInstance : Type
DisequalityDispersion.Encoded.GInstance.isValid : DisequalityDispersion.Encoded.GInstance → Bool
DisequalityDispersion.Encoded.GInstance.Valid : DisequalityDispersion.Encoded.GInstance → Prop
DisequalityDispersion.Encoded.GInstance.valid_iff : ∀ (g : DisequalityDispersion.Encoded.GInstance),
  g.Valid ↔ g.base.Valid ∧ ∀ j ∈ g.outs, j < g.base.nodes.length
DisequalityDispersion.Encoded.GInstance.baseValid : ∀ (g : DisequalityDispersion.Encoded.GInstance),
  g.Valid → g.base.Valid
DisequalityDispersion.Encoded.GInstance.outputs : (g : DisequalityDispersion.Encoded.GInstance) →
  g.Valid → List g.base.Tm
DisequalityDispersion.Encoded.GInstance.tests : (g : DisequalityDispersion.Encoded.GInstance) →
  g.Valid → List (g.base.Tm × g.base.Tm)
DisequalityDispersion.Encoded.GInstance.dispersion : (g : DisequalityDispersion.Encoded.GInstance) → g.Valid → ℕ → ℕ
DisequalityDispersion.Encoded.GInstance.Lower : ℕ → DisequalityDispersion.Encoded.GInstance → Prop
DisequalityDispersion.Encoded.GInstance.Strict : ℕ → DisequalityDispersion.Encoded.GInstance → Prop
DisequalityDispersion.Encoded.GInstance.Lower_of_Strict : ∀ (g : DisequalityDispersion.Encoded.GInstance) (k : ℕ),
  DisequalityDispersion.Encoded.GInstance.Strict k g → DisequalityDispersion.Encoded.GInstance.Lower k g
DisequalityDispersion.Encoded.GInstance.var_x_mem_outputs : ∀ (g : DisequalityDispersion.Encoded.GInstance)
  (hv : g.Valid), DisequalityDispersion.Term.var (g.base.xv ⋯) ∈ g.outputs hv
DisequalityDispersion.Encoded.GInstance.var_y_mem_outputs : ∀ (g : DisequalityDispersion.Encoded.GInstance)
  (hv : g.Valid), DisequalityDispersion.Term.var (g.base.yv ⋯) ∈ g.outputs hv
DisequalityDispersion.Encoded.GInstance.guard_mem_tests : ∀ (g : DisequalityDispersion.Encoded.GInstance)
  (hv : g.Valid),
  (DisequalityDispersion.Term.var (g.base.xv ⋯), DisequalityDispersion.Term.var (g.base.yv ⋯)) ∈ g.tests hv
DisequalityDispersion.Encoded.GInstance.dispersion_le_threshold : ∀ (g : DisequalityDispersion.Encoded.GInstance)
  (hv : g.Valid) (n : ℕ),
  g.dispersion hv n ≤ DisequalityDispersion.threshold (DisequalityDispersion.cutSize (g.outputs hv) (g.tests hv)) n
DisequalityDispersion.Encoded.GInstance.two_le_cutSize : ∀ (g : DisequalityDispersion.Encoded.GInstance) (hv : g.Valid),
  2 ≤ DisequalityDispersion.cutSize (g.outputs hv) (g.tests hv)
DisequalityDispersion.Encoded.GInstance.ofInstance : DisequalityDispersion.Encoded.Instance →
  DisequalityDispersion.Encoded.GInstance
DisequalityDispersion.Encoded.GInstance.ofInstance_valid_iff : ∀ (γ : DisequalityDispersion.Encoded.Instance),
  (DisequalityDispersion.Encoded.GInstance.ofInstance γ).Valid ↔ γ.Valid
DisequalityDispersion.Encoded.GInstance.ofInstance_dispersion : ∀ (γ : DisequalityDispersion.Encoded.Instance)
  (hv : (DisequalityDispersion.Encoded.GInstance.ofInstance γ).Valid) (n : ℕ),
  (DisequalityDispersion.Encoded.GInstance.ofInstance γ).dispersion hv n = γ.dispersion ⋯ n
DisequalityDispersion.Encoded.GInstance.Lower_two_ofInstance : ∀ (γ : DisequalityDispersion.Encoded.Instance),
  DisequalityDispersion.Encoded.GInstance.Lower 2 (DisequalityDispersion.Encoded.GInstance.ofInstance γ) ↔ γ.Lower
DisequalityDispersion.Encoded.GInstance.Strict_two_ofInstance : ∀ (γ : DisequalityDispersion.Encoded.Instance),
  DisequalityDispersion.Encoded.GInstance.Strict 2 (DisequalityDispersion.Encoded.GInstance.ofInstance γ) ↔ γ.Strict
DisequalityDispersion.Encoded.Instance.nodeOk_extendBy : ∀ (γ : DisequalityDispersion.Encoded.Instance) (es : List ℕ)
  (ns : List DisequalityDispersion.Encoded.Node) (j : ℕ) (nd : DisequalityDispersion.Encoded.Node),
  γ.nodeOk j nd = true → (γ.extendBy es ns).nodeOk j nd = true
DisequalityDispersion.Encoded.Instance.guardOk_extendBy : ∀ (γ : DisequalityDispersion.Encoded.Instance) (es : List ℕ)
  (ns : List DisequalityDispersion.Encoded.Node), γ.Valid → (γ.extendBy es ns).guardOk = true
DisequalityDispersion.Encoded.Instance.extendBy_valid : ∀ (γ : DisequalityDispersion.Encoded.Instance) (es : List ℕ)
  (ns : List DisequalityDispersion.Encoded.Node),
  γ.Valid →
    es.Nodup →
      (∀ a ∈ γ.sources, ∀ b ∈ es, a ≠ b) →
        (∀ (p : ℕ) (hp : p < ns.length), (γ.extendBy es ns).nodeOk (γ.nodes.length + p) ns[p] = true) →
          (γ.extendBy es ns).Valid
DisequalityDispersion.Encoded.padSources : ℕ → List ℕ
DisequalityDispersion.Encoded.padNodes : ℕ → List DisequalityDispersion.Encoded.Node
DisequalityDispersion.Encoded.compileBase : ℕ →
  (d : ℕ) →
    List (List (DisequalityDispersion.Letter (Fin d))) →
      List (DisequalityDispersion.Letter (Fin d)) → DisequalityDispersion.Encoded.Instance
DisequalityDispersion.Encoded.compileDegree : ℕ →
  (d : ℕ) →
    List (List (DisequalityDispersion.Letter (Fin d))) →
      List (DisequalityDispersion.Letter (Fin d)) → DisequalityDispersion.Encoded.GInstance
DisequalityDispersion.Encoded.padSources_length : ∀ (k : ℕ), (DisequalityDispersion.Encoded.padSources k).length = k - 2
DisequalityDispersion.Encoded.padNodes_length : ∀ (k : ℕ), (DisequalityDispersion.Encoded.padNodes k).length = k - 2
DisequalityDispersion.Encoded.compileBase_k : ∀ (k d : ℕ) (rels : List (List (DisequalityDispersion.Letter (Fin d))))
  (w : List (DisequalityDispersion.Letter (Fin d))),
  (DisequalityDispersion.Encoded.compileBase k d rels w).k = 2 + (k - 2)
DisequalityDispersion.Encoded.compileBase_k' : ∀ (k d : ℕ) (rels : List (List (DisequalityDispersion.Letter (Fin d))))
  (w : List (DisequalityDispersion.Letter (Fin d))),
  2 ≤ k → (DisequalityDispersion.Encoded.compileBase k d rels w).k = k
DisequalityDispersion.Encoded.compileBase_valid : ∀ (k d : ℕ)
  (rels : List (List (DisequalityDispersion.Letter (Fin d)))) (w : List (DisequalityDispersion.Letter (Fin d))),
  (DisequalityDispersion.Encoded.compileBase k d rels w).Valid
DisequalityDispersion.Encoded.compileDegree_valid : ∀ (k d : ℕ)
  (rels : List (List (DisequalityDispersion.Letter (Fin d)))) (w : List (DisequalityDispersion.Letter (Fin d))),
  (DisequalityDispersion.Encoded.compileDegree k d rels w).Valid
DisequalityDispersion.Encoded.compileDegree_outputs : ∀ (k d : ℕ)
  (rels : List (List (DisequalityDispersion.Letter (Fin d)))) (w : List (DisequalityDispersion.Letter (Fin d)))
  (hv : (DisequalityDispersion.Encoded.compileDegree k d rels w).Valid),
  (DisequalityDispersion.Encoded.compileDegree k d rels w).outputs hv =
    DisequalityDispersion.identityOutputs (DisequalityDispersion.Encoded.compileBase k d rels w).k
DisequalityDispersion.Encoded.compileDegree_tests : ∀ (k d : ℕ)
  (rels : List (List (DisequalityDispersion.Letter (Fin d)))) (w : List (DisequalityDispersion.Letter (Fin d)))
  (hv : (DisequalityDispersion.Encoded.compileDegree k d rels w).Valid),
  (DisequalityDispersion.Encoded.compileDegree k d rels w).tests hv =
    DisequalityDispersion.padTests (DisequalityDispersion.Encoded.compileBase k d rels w).k ⋯
      ((DisequalityDispersion.Encoded.compileWord d rels w).testTerms ⋯)
DisequalityDispersion.Encoded.compileWord_xv_zero : ∀ (d : ℕ)
  (rels : List (List (DisequalityDispersion.Letter (Fin d)))) (w : List (DisequalityDispersion.Letter (Fin d)))
  (hv : (DisequalityDispersion.Encoded.compileWord d rels w).Valid),
  (DisequalityDispersion.Encoded.compileWord d rels w).xv hv = 0
DisequalityDispersion.Encoded.compileWord_yv_one : ∀ (d : ℕ) (rels : List (List (DisequalityDispersion.Letter (Fin d))))
  (w : List (DisequalityDispersion.Letter (Fin d))) (hv : (DisequalityDispersion.Encoded.compileWord d rels w).Valid),
  (DisequalityDispersion.Encoded.compileWord d rels w).yv hv = 1
DisequalityDispersion.Encoded.compileWord_pair_dispersion : ∀ (d : ℕ)
  (rels : List (List (DisequalityDispersion.Letter (Fin d)))) (w : List (DisequalityDispersion.Letter (Fin d)))
  (hv : (DisequalityDispersion.Encoded.compileWord d rels w).Valid) (n : ℕ),
  DisequalityDispersion.dispersionTuple [DisequalityDispersion.Term.var 0, DisequalityDispersion.Term.var 1]
      ((DisequalityDispersion.Encoded.compileWord d rels w).testTerms hv) =
    (DisequalityDispersion.Encoded.compileWord d rels w).dispersion hv n
DisequalityDispersion.Encoded.compileDegree_dispersion : ∀ (k d : ℕ)
  (rels : List (List (DisequalityDispersion.Letter (Fin d)))) (w : List (DisequalityDispersion.Letter (Fin d))),
  2 ≤ k →
    ∀ (hv : (DisequalityDispersion.Encoded.compileDegree k d rels w).Valid) (n : ℕ),
      (DisequalityDispersion.Encoded.compileDegree k d rels w).dispersion hv n =
        DisequalityDispersion.dispersionOn false true (DisequalityDispersion.Term.var false)
            (DisequalityDispersion.compilerTests d rels w) *
          n ^ (k - 2)
DisequalityDispersion.Encoded.compileDegree_cutSize : ∀ (k d : ℕ)
  (rels : List (List (DisequalityDispersion.Letter (Fin d)))) (w : List (DisequalityDispersion.Letter (Fin d))),
  2 ≤ k →
    ∀ (hv : (DisequalityDispersion.Encoded.compileDegree k d rels w).Valid),
      DisequalityDispersion.cutSize ((DisequalityDispersion.Encoded.compileDegree k d rels w).outputs hv)
          ((DisequalityDispersion.Encoded.compileDegree k d rels w).tests hv) =
        k
DisequalityDispersion.Encoded.Lower_compileDegree_iff : ∀ (k d : ℕ)
  (rels : List (List (DisequalityDispersion.Letter (Fin d)))) (w : List (DisequalityDispersion.Letter (Fin d))),
  2 ≤ k →
    (DisequalityDispersion.Encoded.GInstance.Lower k (DisequalityDispersion.Encoded.compileDegree k d rels w) ↔
      DisequalityDispersion.HardThreshold d rels w)
DisequalityDispersion.Encoded.Lower_compileDegree_iff_quotient : ∀ (k d : ℕ)
  (rels : List (List (DisequalityDispersion.Letter (Fin d)))) (w : List (DisequalityDispersion.Letter (Fin d))),
  2 ≤ k →
    (DisequalityDispersion.Encoded.GInstance.Lower k (DisequalityDispersion.Encoded.compileDegree k d rels w) ↔
      DisequalityDispersion.HasFiniteQuotient rels w)
DisequalityDispersion.Encoded.compileDegree_not_Strict : ∀ (k d : ℕ)
  (rels : List (List (DisequalityDispersion.Letter (Fin d)))) (w : List (DisequalityDispersion.Letter (Fin d))),
  2 ≤ k → ¬DisequalityDispersion.Encoded.GInstance.Strict k (DisequalityDispersion.Encoded.compileDegree k d rels w)
DisequalityDispersion.Encoded.GInstance.equiv : DisequalityDispersion.Encoded.GInstance ≃
  DisequalityDispersion.Encoded.Instance × List ℕ
DisequalityDispersion.Encoded.primrec_instance_nodes : Primrec DisequalityDispersion.Encoded.Instance.nodes
DisequalityDispersion.Encoded.primrec_extend : ∀ (es : List ℕ) (ns : List DisequalityDispersion.Encoded.Node),
  Primrec fun γ => γ.extendBy es ns
DisequalityDispersion.Encoded.primrec_compileDegree : ∀ (k d : ℕ)
  (rels : List (List (DisequalityDispersion.Letter (Fin d)))),
  Primrec (DisequalityDispersion.Encoded.compileDegree k d rels)
DisequalityDispersion.Encoded.computable_compileDegree : ∀ (k d : ℕ)
  (rels : List (List (DisequalityDispersion.Letter (Fin d)))),
  Computable (DisequalityDispersion.Encoded.compileDegree k d rels)
DisequalityDispersion.Encoded.not_computablePred_Lower_degree : ∀ (k d : ℕ)
  (rels : List (List (DisequalityDispersion.Letter (Fin d)))),
  2 ≤ k →
    ¬ComputablePred (DisequalityDispersion.HasFiniteQuotient rels) →
      ¬ComputablePred (DisequalityDispersion.Encoded.GInstance.Lower k)
@DisequalityDispersion.Menger.Adj : {α : Type} → Finset (α × α) → α → α → Prop
@DisequalityDispersion.Menger.Walk : {α : Type} → Finset (α × α) → Finset α → Finset α → Finset α → List α → Prop
@DisequalityDispersion.Menger.Separates : {α : Type} → Finset (α × α) → Finset α → Finset α → Finset α → Prop
@DisequalityDispersion.Menger.PairwiseDisjoint : {α : Type} → {q : ℕ} → (Fin q → List α) → Prop
@DisequalityDispersion.Menger.PairwiseDisjoint.of_subset : ∀ {α : Type} {q : ℕ} {ps ps' : Fin q → List α},
  DisequalityDispersion.Menger.PairwiseDisjoint ps →
    (∀ (j : Fin q), ∀ v ∈ ps' j, v ∈ ps j) → DisequalityDispersion.Menger.PairwiseDisjoint ps'
@DisequalityDispersion.Menger.Walk.ne_nil : ∀ {α : Type} {E : Finset (α × α)} {A B X : Finset α} {l : List α},
  DisequalityDispersion.Menger.Walk E A B X l → l ≠ []
@DisequalityDispersion.Menger.Walk.mono_edges : ∀ {α : Type} {E E' : Finset (α × α)} {A B X : Finset α} {l : List α},
  E' ⊆ E → DisequalityDispersion.Menger.Walk E' A B X l → DisequalityDispersion.Menger.Walk E A B X l
@DisequalityDispersion.Menger.Walk.mono_avoid : ∀ {α : Type} {E : Finset (α × α)} {A B X X' : Finset α} {l : List α},
  X' ⊆ X → DisequalityDispersion.Menger.Walk E A B X l → DisequalityDispersion.Menger.Walk E A B X' l
@DisequalityDispersion.Menger.Walk.to_empty : ∀ {α : Type} {E : Finset (α × α)} {A B X : Finset α} {l : List α},
  DisequalityDispersion.Menger.Walk E A B X l → DisequalityDispersion.Menger.Walk E A B ∅ l
@DisequalityDispersion.Menger.Walk.exists_mem_of_not : ∀ {α : Type} {E : Finset (α × α)} {A B X : Finset α} {l : List α}
  {S : Finset α},
  DisequalityDispersion.Menger.Walk E A B X l → ¬DisequalityDispersion.Menger.Walk E A B S l → ∃ s ∈ l, s ∈ S
@DisequalityDispersion.Menger.isChain_erase_or_mem : ∀ {α : Type} [inst : DecidableEq α] (E : Finset (α × α))
  (e : α × α) (l : List α),
  List.IsChain (DisequalityDispersion.Menger.Adj E) l →
    List.IsChain (DisequalityDispersion.Menger.Adj (E.erase e)) l ∨ e.1 ∈ l ∧ e.2 ∈ l
@DisequalityDispersion.Menger.isChain_erase_of_first_ne : ∀ {α : Type} [inst : DecidableEq α] (E : Finset (α × α))
  (e : α × α) (z : α) (l₁ : List α),
  List.IsChain (DisequalityDispersion.Menger.Adj E) (l₁ ++ [z]) →
    (∀ a ∈ l₁, a ≠ e.1) → List.IsChain (DisequalityDispersion.Menger.Adj (E.erase e)) (l₁ ++ [z])
@DisequalityDispersion.Menger.isChain_erase_of_second_ne : ∀ {α : Type} [inst : DecidableEq α] (E : Finset (α × α))
  (e : α × α) (z : α) (l₂ : List α),
  List.IsChain (DisequalityDispersion.Menger.Adj E) (z :: l₂) →
    (∀ b ∈ l₂, b ≠ e.2) → List.IsChain (DisequalityDispersion.Menger.Adj (E.erase e)) (z :: l₂)
@DisequalityDispersion.Menger.exists_prefix_until : ∀ {α : Type} (Z : Finset α) (l : List α),
  (∃ z ∈ l, z ∈ Z) → ∃ l₁ z, l₁ ++ [z] <+: l ∧ z ∈ Z ∧ ∀ v ∈ l₁, v ∉ Z
@DisequalityDispersion.Menger.exists_suffix_from : ∀ {α : Type} (Z : Finset α) (l : List α),
  (∃ z ∈ l, z ∈ Z) → ∃ z l₂, z :: l₂ <:+ l ∧ z ∈ Z ∧ ∀ v ∈ l₂, v ∉ Z
@DisequalityDispersion.Menger.head?_of_prefix : ∀ {α : Type} {l₁ l : List α}, l₁ <+: l → l₁ ≠ [] → l₁.head? = l.head?
@DisequalityDispersion.Menger.getLast?_of_suffix : ∀ {α : Type} {l₂ l : List α},
  l₂ <:+ l → l₂ ≠ [] → l₂.getLast? = l.getLast?
@DisequalityDispersion.Menger.separates_left : ∀ {α : Type} [inst : DecidableEq α] (E : Finset (α × α)) (e : α × α)
  (A B S : Finset α),
  DisequalityDispersion.Menger.Separates (E.erase e) S A B →
    ∀ (T : Finset α),
      DisequalityDispersion.Menger.Separates (E.erase e) T A (insert e.1 S) →
        DisequalityDispersion.Menger.Separates E T A B
@DisequalityDispersion.Menger.separates_right : ∀ {α : Type} [inst : DecidableEq α] (E : Finset (α × α)) (e : α × α)
  (A B S : Finset α),
  DisequalityDispersion.Menger.Separates (E.erase e) S A B →
    ∀ (T : Finset α),
      DisequalityDispersion.Menger.Separates (E.erase e) T (insert e.2 S) B →
        DisequalityDispersion.Menger.Separates E T A B
@DisequalityDispersion.Menger.exists_truncated_prefix : ∀ {α : Type} {E : Finset (α × α)} {A Z X : Finset α} {q : ℕ}
  (P : Fin q → List α),
  (∀ (j : Fin q), DisequalityDispersion.Menger.Walk E A Z X (P j)) →
    ∃ L z,
      ∀ (j : Fin q),
        DisequalityDispersion.Menger.Walk E A Z X (L j ++ [z j]) ∧
          (∀ v ∈ L j ++ [z j], v ∈ P j) ∧ z j ∈ Z ∧ ∀ v ∈ L j, v ∉ Z
@DisequalityDispersion.Menger.exists_truncated_suffix : ∀ {α : Type} {E : Finset (α × α)} {Z B X : Finset α} {q : ℕ}
  (Q : Fin q → List α),
  (∀ (j : Fin q), DisequalityDispersion.Menger.Walk E Z B X (Q j)) →
    ∃ r M,
      ∀ (j : Fin q),
        DisequalityDispersion.Menger.Walk E Z B X (r j :: M j) ∧
          (∀ v ∈ r j :: M j, v ∈ Q j) ∧ r j ∈ Z ∧ ∀ v ∈ M j, v ∉ Z
@DisequalityDispersion.Menger.meet_in_S : ∀ {α : Type} {E : Finset (α × α)} {A B S Z₁ Z₂ : Finset α},
  DisequalityDispersion.Menger.Separates E S A B →
    S ⊆ Z₁ →
      S ⊆ Z₂ →
        ∀ (L : List α) (p : α),
          DisequalityDispersion.Menger.Walk E A Z₁ ∅ (L ++ [p]) →
            (∀ v ∈ L, v ∉ Z₁) →
              ∀ (r : α) (M : List α),
                DisequalityDispersion.Menger.Walk E Z₂ B ∅ (r :: M) →
                  (∀ v ∈ M, v ∉ Z₂) → ∀ w ∈ L ++ [p], w ∈ r :: M → w ∈ S
@DisequalityDispersion.Menger.combine : ∀ {α : Type} [inst : DecidableEq α] (E : Finset (α × α)),
  ∀ e ∈ E,
    ∀ (A B S : Finset α) (q : ℕ),
      DisequalityDispersion.Menger.Separates (E.erase e) S A B →
        e.2 ∉ S →
          S.card + 1 = q →
            ∀ (P : Fin q → List α),
              (∀ (j : Fin q), DisequalityDispersion.Menger.Walk (E.erase e) A (insert e.1 S) ∅ (P j)) →
                DisequalityDispersion.Menger.PairwiseDisjoint P →
                  ∀ (Q : Fin q → List α),
                    (∀ (j : Fin q), DisequalityDispersion.Menger.Walk (E.erase e) (insert e.2 S) B ∅ (Q j)) →
                      DisequalityDispersion.Menger.PairwiseDisjoint Q →
                        ∃ W,
                          (∀ (j : Fin q), DisequalityDispersion.Menger.Walk E A B ∅ (W j)) ∧
                            DisequalityDispersion.Menger.PairwiseDisjoint W
@DisequalityDispersion.Menger.separates_empty_iff : ∀ {α : Type} [inst : DecidableEq α] (A B X : Finset α),
  DisequalityDispersion.Menger.Separates ∅ X A B ↔ A ∩ B ⊆ X
@DisequalityDispersion.Menger.menger_aux : ∀ {α : Type} [DecidableEq α] (n : ℕ) (E : Finset (α × α)),
  E.card = n →
    ∀ (A B : Finset α) (q : ℕ),
      (∀ (X : Finset α), DisequalityDispersion.Menger.Separates E X A B → q ≤ X.card) →
        ∃ ps,
          (∀ (j : Fin q), DisequalityDispersion.Menger.Walk E A B ∅ (ps j)) ∧
            DisequalityDispersion.Menger.PairwiseDisjoint ps
@DisequalityDispersion.Menger.menger : ∀ {α : Type} [DecidableEq α] (E : Finset (α × α)) (A B : Finset α) (q : ℕ),
  (∀ (X : Finset α), DisequalityDispersion.Menger.Separates E X A B → q ≤ X.card) →
    ∃ ps,
      (∀ (j : Fin q), DisequalityDispersion.Menger.Walk E A B ∅ (ps j)) ∧
        DisequalityDispersion.Menger.PairwiseDisjoint ps
@DisequalityDispersion.Term.size : {V F : Type} → {arity : F → ℕ} → DisequalityDispersion.Term V F arity → ℕ
@DisequalityDispersion.Term.size_arg_lt : ∀ {V F : Type} {arity : F → ℕ} (f : F)
  (ts : Fin (arity f) → DisequalityDispersion.Term V F arity) (i : Fin (arity f)),
  (ts i).size < (DisequalityDispersion.Term.app f ts).size
@DisequalityDispersion.isArg_size_lt : ∀ {V F : Type} {arity : F → ℕ} {u t : DisequalityDispersion.Term V F arity},
  DisequalityDispersion.IsArg u t → u.size < t.size
@DisequalityDispersion.argEdges : {V F : Type} →
  {arity : F → ℕ} →
    Finset (DisequalityDispersion.Term V F arity) →
      Finset (DisequalityDispersion.Term V F arity × DisequalityDispersion.Term V F arity)
@DisequalityDispersion.mem_argEdges : ∀ {V F : Type} {arity : F → ℕ} (S : Finset (DisequalityDispersion.Term V F arity))
  (t u : DisequalityDispersion.Term V F arity),
  (t, u) ∈ DisequalityDispersion.argEdges S ↔ t ∈ S ∧ u ∈ S ∧ DisequalityDispersion.IsArg u t
@DisequalityDispersion.varVerts : {V F : Type} →
  {arity : F → ℕ} → Finset (DisequalityDispersion.Term V F arity) → Finset (DisequalityDispersion.Term V F arity)
@DisequalityDispersion.mem_varVerts : ∀ {V F : Type} {arity : F → ℕ} (S : Finset (DisequalityDispersion.Term V F arity))
  (t : DisequalityDispersion.Term V F arity),
  t ∈ DisequalityDispersion.varVerts S ↔ t ∈ S ∧ ∃ v, t = DisequalityDispersion.Term.var v
@DisequalityDispersion.walk_nodup : ∀ {V F : Type} {arity : F → ℕ} (S : Finset (DisequalityDispersion.Term V F arity))
  (l : List (DisequalityDispersion.Term V F arity)),
  List.IsChain (DisequalityDispersion.Menger.Adj (DisequalityDispersion.argEdges S)) l → l.Nodup
@DisequalityDispersion.walk_avoids : ∀ {V F : Type} {arity : F → ℕ}
  (S K : Finset (DisequalityDispersion.Term V F arity)) (l : List (DisequalityDispersion.Term V F arity))
  (t : DisequalityDispersion.Term V F arity),
  DisequalityDispersion.Menger.Walk (DisequalityDispersion.argEdges S) {t} (DisequalityDispersion.varVerts S) K l →
    DisequalityDispersion.Avoids K t
@DisequalityDispersion.avoids_walk : ∀ {V F : Type} {arity : F → ℕ} (S : Finset (DisequalityDispersion.Term V F arity)),
  DisequalityDispersion.SubtermClosed S →
    ∀ (K : Finset (DisequalityDispersion.Term V F arity)),
      ∀ t ∈ S,
        DisequalityDispersion.Avoids K t →
          ∃ l,
            DisequalityDispersion.Menger.Walk (DisequalityDispersion.argEdges S) {t} (DisequalityDispersion.varVerts S)
              K l
@DisequalityDispersion.separates_iff_isCut : ∀ {V F : Type} {arity : F → ℕ}
  (S : Finset (DisequalityDispersion.Term V F arity)),
  DisequalityDispersion.SubtermClosed S →
    ∀ (outputs : List (DisequalityDispersion.Term V F arity)),
      (∀ t ∈ outputs, t ∈ S) →
        ∀ (K : Finset (DisequalityDispersion.Term V F arity)),
          DisequalityDispersion.Menger.Separates (DisequalityDispersion.argEdges S) K outputs.toFinset
              (DisequalityDispersion.varVerts S) ↔
            DisequalityDispersion.IsCut K outputs
@DisequalityDispersion.nextOf : {V F : Type} →
  {arity : F → ℕ} →
    List (DisequalityDispersion.Term V F arity) →
      DisequalityDispersion.Term V F arity → Option (DisequalityDispersion.Term V F arity)
@DisequalityDispersion.nextOf_cons_cons_self : ∀ {V F : Type} {arity : F → ℕ}
  (a b : DisequalityDispersion.Term V F arity) (l : List (DisequalityDispersion.Term V F arity)),
  DisequalityDispersion.nextOf (a :: b :: l) a = some b
@DisequalityDispersion.nextOf_cons_cons_of_ne : ∀ {V F : Type} {arity : F → ℕ}
  (a b t : DisequalityDispersion.Term V F arity) (l : List (DisequalityDispersion.Term V F arity)),
  a ≠ t → DisequalityDispersion.nextOf (a :: b :: l) t = DisequalityDispersion.nextOf (b :: l) t
@DisequalityDispersion.routed_of_walk : ∀ {V F : Type} {arity : F → ℕ}
  (S : Finset (DisequalityDispersion.Term V F arity))
  (pred : DisequalityDispersion.Term V F arity → Option (DisequalityDispersion.Term V F arity)) (z : V)
  (l : List (DisequalityDispersion.Term V F arity)) (a : DisequalityDispersion.Term V F arity),
  List.IsChain (DisequalityDispersion.Menger.Adj (DisequalityDispersion.argEdges S)) (a :: l) →
    (a :: l).Nodup →
      (a :: l).getLast? = some (DisequalityDispersion.Term.var z) →
        (∀ t ∈ a :: l, pred t = DisequalityDispersion.nextOf (a :: l) t) → DisequalityDispersion.Routed pred z a
@DisequalityDispersion.mengerInput : ∀ {V F : Type} {arity : F → ℕ} [inst : Fintype V]
  (outputs : List (DisequalityDispersion.Term V F arity))
  (tests : List (DisequalityDispersion.Term V F arity × DisequalityDispersion.Term V F arity)),
  DisequalityDispersion.MengerInput outputs tests
@DisequalityDispersion.routing_lower_bound : ∀ {V F : Type} {arity : F → ℕ} [inst : Fintype V] [inst_1 : Fintype F]
  (outputs : List (DisequalityDispersion.Term V F arity))
  (tests : List (DisequalityDispersion.Term V F arity × DisequalityDispersion.Term V F arity)),
  (∀ uv ∈ tests, uv.1 ≠ uv.2) →
    ∀ (x : V) (n : ℕ),
      (DisequalityDispersion.tupleSupport outputs tests).card ≤ n →
        (n / (DisequalityDispersion.tupleSupport outputs tests).card) ^ DisequalityDispersion.cutSize outputs tests ≤
          DisequalityDispersion.dispersionTuple outputs tests
@DisequalityDispersion.strict_witness' : ∀ {V F : Type} {arity : F → ℕ} [inst : Fintype V] [inst_1 : Fintype F] (k : ℕ),
  1 ≤ k →
    ∀ (x y : V),
      x ≠ y →
        ∀ (outputs : List (DisequalityDispersion.Term V F arity))
          (tests : List (DisequalityDispersion.Term V F arity × DisequalityDispersion.Term V F arity)),
          (∀ uv ∈ tests, uv.1 ≠ uv.2) →
            k + 1 ≤ DisequalityDispersion.cutSize outputs tests →
              2 ≤ (DisequalityDispersion.tupleSupport outputs tests).card ^ (k + 1) ∧
                DisequalityDispersion.threshold k ((DisequalityDispersion.tupleSupport outputs tests).card ^ (k + 1)) +
                    1 ≤
                  DisequalityDispersion.dispersionTuple outputs tests
@DisequalityDispersion.strict_degree_iff' : ∀ {V F : Type} {arity : F → ℕ} [inst : Fintype V] [inst_1 : Fintype F]
  (k : ℕ),
  2 ≤ k →
    ∀ (x y : V),
      x ≠ y →
        ∀ (outputs : List (DisequalityDispersion.Term V F arity))
          (tests : List (DisequalityDispersion.Term V F arity × DisequalityDispersion.Term V F arity)),
          DisequalityDispersion.Term.var x ∈ outputs →
            DisequalityDispersion.Term.var y ∈ outputs →
              (DisequalityDispersion.Term.var x, DisequalityDispersion.Term.var y) ∈ tests →
                (DisequalityDispersion.StrictT k outputs tests ↔
                  (∀ uv ∈ tests, uv.1 ≠ uv.2) ∧ k + 1 ≤ DisequalityDispersion.cutSize outputs tests)
DisequalityDispersion.Encoded.allLists : ℕ → ℕ → List (List ℕ)
DisequalityDispersion.Encoded.mem_allLists : ∀ (n L : ℕ) (l : List ℕ),
  l ∈ DisequalityDispersion.Encoded.allLists n L ↔ l.length = L ∧ ∀ v ∈ l, v < n
@DisequalityDispersion.Encoded.cartesian : {α : Type} → List (List α) → List (List α)
@DisequalityDispersion.Encoded.mem_cartesian : ∀ {α : Type} (xss : List (List α)) (l : List α),
  l ∈ DisequalityDispersion.Encoded.cartesian xss ↔ List.Forall₂ (fun x xs => x ∈ xs) l xss
DisequalityDispersion.Encoded.idxL : ℕ → List ℕ → ℕ
DisequalityDispersion.Encoded.idxL_ofFn : ∀ (n r : ℕ) (args : Fin r → Fin n),
  DisequalityDispersion.Encoded.idxL n (List.map Fin.val (List.ofFn args)) = ∑ i, ↑(args i) * n ^ ↑i
DisequalityDispersion.Encoded.allTables : ℕ → DisequalityDispersion.Encoded.Instance → List (List (List ℕ))
DisequalityDispersion.Encoded.mem_allTables : ∀ (n : ℕ) (γ : DisequalityDispersion.Encoded.Instance)
  (tabs : List (List ℕ)),
  tabs ∈ DisequalityDispersion.Encoded.allTables n γ ↔
    tabs.length = γ.m ∧ ∀ (f : ℕ) (hf : f < tabs.length), tabs[f].length = n ^ γ.arityOf f ∧ ∀ v ∈ tabs[f], v < n
DisequalityDispersion.Encoded.tabInterp : (γ : DisequalityDispersion.Encoded.Instance) →
  (n : ℕ) → [NeZero n] → List (List ℕ) → DisequalityDispersion.Interpretation (Fin γ.m) γ.arity (Fin n)
DisequalityDispersion.Encoded.digits : (n : ℕ) → [NeZero n] → (r : ℕ) → ℕ → Fin r → Fin n
DisequalityDispersion.Encoded.digits_idx : ∀ (n : ℕ) [inst : NeZero n] (r : ℕ) (args : Fin r → Fin n),
  DisequalityDispersion.Encoded.digits n r ↑(finFunctionFinEquiv args) = args
DisequalityDispersion.Encoded.interpTabs : (γ : DisequalityDispersion.Encoded.Instance) →
  (n : ℕ) → [NeZero n] → DisequalityDispersion.Interpretation (Fin γ.m) γ.arity (Fin n) → List (List ℕ)
DisequalityDispersion.Encoded.interpTabs_getElem : ∀ (γ : DisequalityDispersion.Encoded.Instance) (n : ℕ)
  [inst : NeZero n] (I : DisequalityDispersion.Interpretation (Fin γ.m) γ.arity (Fin n)) (f : Fin γ.m),
  (DisequalityDispersion.Encoded.interpTabs γ n I)[↑f] =
    List.map (fun e => ↑(I f (DisequalityDispersion.Encoded.digits n (γ.arity f) e))) (List.range (n ^ γ.arity f))
DisequalityDispersion.Encoded.interpTabs_mem : ∀ (γ : DisequalityDispersion.Encoded.Instance) (n : ℕ) [inst : NeZero n]
  (I : DisequalityDispersion.Interpretation (Fin γ.m) γ.arity (Fin n)),
  DisequalityDispersion.Encoded.interpTabs γ n I ∈ DisequalityDispersion.Encoded.allTables n γ
DisequalityDispersion.Encoded.tabInterp_interpTabs : ∀ (γ : DisequalityDispersion.Encoded.Instance) (n : ℕ)
  [inst : NeZero n] (I : DisequalityDispersion.Interpretation (Fin γ.m) γ.arity (Fin n)),
  DisequalityDispersion.Encoded.tabInterp γ n (DisequalityDispersion.Encoded.interpTabs γ n I) = I
@DisequalityDispersion.Encoded.getD_map_val : ∀ {n : ℕ} (h : 0 < n) (l : List (Fin n)) (j : ℕ),
  (List.map Fin.val l).getD j 0 = ↑(l.getD j ⟨0, h⟩)
DisequalityDispersion.Encoded.Instance.evalStepL : DisequalityDispersion.Encoded.Instance →
  ℕ → List (List ℕ) → List ℕ → List ℕ → ℕ → ℕ
DisequalityDispersion.Encoded.Instance.evalNodesL : DisequalityDispersion.Encoded.Instance →
  ℕ → List (List ℕ) → List ℕ → List ℕ
DisequalityDispersion.Encoded.Instance.listAssign : (γ : DisequalityDispersion.Encoded.Instance) →
  (n : ℕ) → [NeZero n] → List ℕ → Fin γ.k → Fin n
DisequalityDispersion.Encoded.Instance.listAssign_val : ∀ (γ : DisequalityDispersion.Encoded.Instance) (n : ℕ)
  [inst : NeZero n] (a : List ℕ), (∀ v ∈ a, v < n) → ∀ (i : Fin γ.k), ↑(γ.listAssign n a i) = a.getD (↑i) 0
@DisequalityDispersion.Encoded.buildList_map : ∀ {α β : Type} (g : α → β) (s₁ : List β → ℕ → β) (s₂ : List α → ℕ → α)
  (N : ℕ),
  (∀ j < N, ∀ (l : List α), l.length = j → s₁ (List.map g l) j = g (s₂ l j)) →
    DisequalityDispersion.Encoded.buildList s₁ N = List.map g (DisequalityDispersion.Encoded.buildList s₂ N)
DisequalityDispersion.Encoded.Instance.evalNodesL_eq : ∀ (γ : DisequalityDispersion.Encoded.Instance) (n : ℕ)
  [inst : NeZero n],
  γ.Valid →
    ∀ (tabs : List (List ℕ)),
      (∀ t ∈ tabs, ∀ v ∈ t, v < n) →
        ∀ (a : List ℕ),
          (∀ v ∈ a, v < n) →
            γ.evalNodesL n tabs a =
              List.map Fin.val
                (γ.evalNodes (DisequalityDispersion.Encoded.tabInterp γ n tabs) (γ.listAssign n a) ⟨0, ⋯⟩)
DisequalityDispersion.Encoded.GInstance.passesL : DisequalityDispersion.Encoded.GInstance →
  ℕ → List (List ℕ) → List ℕ → Bool
DisequalityDispersion.Encoded.GInstance.outTupleL : DisequalityDispersion.Encoded.GInstance →
  ℕ → List (List ℕ) → List ℕ → List ℕ
@DisequalityDispersion.Encoded.dedupList : {α : Type} → [DecidableEq α] → List α → List α
@DisequalityDispersion.Encoded.dedupList_toFinset : ∀ {α : Type} [inst : DecidableEq α] (l : List α),
  (DisequalityDispersion.Encoded.dedupList l).toFinset = l.toFinset
@DisequalityDispersion.Encoded.dedupList_nodup : ∀ {α : Type} [inst : DecidableEq α] (l : List α),
  (DisequalityDispersion.Encoded.dedupList l).Nodup
@DisequalityDispersion.Encoded.dedupList_length : ∀ {α : Type} [inst : DecidableEq α] (l : List α),
  (DisequalityDispersion.Encoded.dedupList l).length = l.toFinset.card
@DisequalityDispersion.Encoded.nodup_iff_dedupList_length : ∀ {α : Type} [inst : DecidableEq α] (l : List α),
  l.Nodup ↔ (DisequalityDispersion.Encoded.dedupList l).length = l.length
DisequalityDispersion.Encoded.GInstance.imageCountL : DisequalityDispersion.Encoded.GInstance → ℕ → List (List ℕ) → ℕ
DisequalityDispersion.Encoded.GInstance.dispersionExecG : DisequalityDispersion.Encoded.GInstance → ℕ → ℕ
DisequalityDispersion.Encoded.foldr_max_le : ∀ (l : List (List (List ℕ))) (c : List (List ℕ) → ℕ) (N : ℕ),
  (∀ t ∈ l, c t ≤ N) → List.foldr (fun t acc => max (c t) acc) 0 l ≤ N
DisequalityDispersion.Encoded.le_foldr_max : ∀ (l : List (List (List ℕ))) (c : List (List ℕ) → ℕ),
  ∀ t ∈ l, c t ≤ List.foldr (fun t acc => max (c t) acc) 0 l
DisequalityDispersion.Encoded.GInstance.passesL_iff : ∀ (g : DisequalityDispersion.Encoded.GInstance) (n : ℕ)
  [inst : NeZero n] (hv : g.Valid) (tabs : List (List ℕ)),
  (∀ t ∈ tabs, ∀ v ∈ t, v < n) →
    ∀ (a : List ℕ),
      (∀ v ∈ a, v < n) →
        (g.passesL n tabs a = true ↔
          DisequalityDispersion.Valid (g.tests hv) (DisequalityDispersion.Encoded.tabInterp g.base n tabs)
            (g.base.listAssign n a))
DisequalityDispersion.Encoded.GInstance.outTupleL_eq : ∀ (g : DisequalityDispersion.Encoded.GInstance) (n : ℕ)
  [inst : NeZero n] (hv : g.Valid) (tabs : List (List ℕ)),
  (∀ t ∈ tabs, ∀ v ∈ t, v < n) →
    ∀ (a : List ℕ),
      (∀ v ∈ a, v < n) →
        g.outTupleL n tabs a =
          List.map Fin.val
            (DisequalityDispersion.tupleEval (g.outputs hv) (DisequalityDispersion.Encoded.tabInterp g.base n tabs)
              (g.base.listAssign n a))
DisequalityDispersion.Encoded.GInstance.listAssign_surj : ∀ (g : DisequalityDispersion.Encoded.GInstance) (n : ℕ)
  [inst : NeZero n] (a' : Fin g.base.k → Fin n),
  ∃ a ∈ DisequalityDispersion.Encoded.allLists n g.base.k, g.base.listAssign n a = a'
DisequalityDispersion.Encoded.GInstance.imageCountL_eq : ∀ (g : DisequalityDispersion.Encoded.GInstance) (n : ℕ)
  [inst : NeZero n] (hv : g.Valid) (tabs : List (List ℕ)),
  (∀ t ∈ tabs, ∀ v ∈ t, v < n) →
    g.imageCountL n tabs =
      (DisequalityDispersion.filteredImage (g.outputs hv) (g.tests hv)
          (DisequalityDispersion.Encoded.tabInterp g.base n tabs)).card
DisequalityDispersion.Encoded.GInstance.dispersionExecG_eq : ∀ (g : DisequalityDispersion.Encoded.GInstance) (n : ℕ)
  [NeZero n] (hv : g.Valid), g.dispersionExecG n = g.dispersion hv n
DisequalityDispersion.Encoded.lowerAtG : ℕ → DisequalityDispersion.Encoded.GInstance → ℕ → Bool
DisequalityDispersion.Encoded.lowerAtG_iff : ∀ (k : ℕ) (g : DisequalityDispersion.Encoded.GInstance) (n : ℕ),
  DisequalityDispersion.Encoded.lowerAtG k g n = true ↔
    ∃ (hv : g.Valid), 2 ≤ n ∧ DisequalityDispersion.threshold k n ≤ g.dispersion hv n
DisequalityDispersion.Encoded.Lower_iff_exists_lowerAtG : ∀ (k : ℕ) (g : DisequalityDispersion.Encoded.GInstance),
  DisequalityDispersion.Encoded.GInstance.Lower k g ↔ ∃ n, DisequalityDispersion.Encoded.lowerAtG k g n = true
DisequalityDispersion.Encoded.strictAtG : ℕ → DisequalityDispersion.Encoded.GInstance → ℕ → Bool
DisequalityDispersion.Encoded.strictAtG_iff : ∀ (k : ℕ) (g : DisequalityDispersion.Encoded.GInstance) (n : ℕ),
  DisequalityDispersion.Encoded.strictAtG k g n = true ↔
    ∃ (hv : g.Valid), 2 ≤ n ∧ DisequalityDispersion.threshold k n + 1 ≤ g.dispersion hv n
DisequalityDispersion.Encoded.Strict_iff_exists_strictAtG : ∀ (k : ℕ) (g : DisequalityDispersion.Encoded.GInstance),
  DisequalityDispersion.Encoded.GInstance.Strict k g ↔ ∃ n, DisequalityDispersion.Encoded.strictAtG k g n = true
DisequalityDispersion.Encoded.primrec_pow : Primrec₂ fun a b => a ^ b
DisequalityDispersion.Encoded.allLists_eq_rec : ∀ (n L : ℕ),
  DisequalityDispersion.Encoded.allLists n L =
    Nat.rec [[]] (fun x IH => List.flatMap (fun l => List.map (fun v => v :: l) (List.range n)) IH) L
DisequalityDispersion.Encoded.primrec_allLists : Primrec₂ DisequalityDispersion.Encoded.allLists
@DisequalityDispersion.Encoded.cartesian_eq_foldr : ∀ {α : Type} (xss : List (List α)),
  DisequalityDispersion.Encoded.cartesian xss =
    List.foldr (fun xs acc => List.flatMap (fun x => List.map (fun l => x :: l) acc) xs) [[]] xss
@DisequalityDispersion.Encoded.primrec_cartesian : ∀ {α : Type} [inst : Primcodable α],
  Primrec DisequalityDispersion.Encoded.cartesian
DisequalityDispersion.Encoded.idxL_eq_foldr : ∀ (n : ℕ) (l : List ℕ),
  DisequalityDispersion.Encoded.idxL n l = List.foldr (fun a acc => a + n * acc) 0 l
DisequalityDispersion.Encoded.primrec_idxL : Primrec₂ DisequalityDispersion.Encoded.idxL
DisequalityDispersion.Encoded.primrec_instance_symbols : Primrec DisequalityDispersion.Encoded.Instance.symbols
DisequalityDispersion.Encoded.primrec_instance_sources : Primrec DisequalityDispersion.Encoded.Instance.sources
DisequalityDispersion.Encoded.primrec_instance_x : Primrec DisequalityDispersion.Encoded.Instance.x
DisequalityDispersion.Encoded.primrec_instance_y : Primrec DisequalityDispersion.Encoded.Instance.y
DisequalityDispersion.Encoded.primrec_instance_t : Primrec DisequalityDispersion.Encoded.Instance.t
DisequalityDispersion.Encoded.primrec_instance_tests : Primrec DisequalityDispersion.Encoded.Instance.tests
DisequalityDispersion.Encoded.primrec_instance_m : Primrec DisequalityDispersion.Encoded.Instance.m
DisequalityDispersion.Encoded.primrec_instance_k : Primrec DisequalityDispersion.Encoded.Instance.k
DisequalityDispersion.Encoded.primrec_instance_arityOf : Primrec₂ DisequalityDispersion.Encoded.Instance.arityOf
DisequalityDispersion.Encoded.primrec_ginstance_base : Primrec DisequalityDispersion.Encoded.GInstance.base
DisequalityDispersion.Encoded.primrec_ginstance_outs : Primrec DisequalityDispersion.Encoded.GInstance.outs
DisequalityDispersion.Encoded.primrec_allTables : Primrec₂ DisequalityDispersion.Encoded.allTables
DisequalityDispersion.Encoded.EvalParams : Type
DisequalityDispersion.Encoded.evalStepL_eq_cases : ∀ (γ : DisequalityDispersion.Encoded.Instance) (n : ℕ)
  (tabs : List (List ℕ)) (a vals : List ℕ) (j : ℕ),
  γ.evalStepL n tabs a vals j =
    Sum.casesOn (DisequalityDispersion.Encoded.Node.equiv (γ.nodes.getD j (DisequalityDispersion.Encoded.Node.src 0)))
      (fun i => a.getD i 0) fun p =>
      (tabs.getD p.1 []).getD (DisequalityDispersion.Encoded.idxL n (List.map (fun q => vals.getD q 0) p.2)) 0
DisequalityDispersion.Encoded.primrec_evalStepL : Primrec fun t =>
  t.1.1.1.1.evalStepL t.1.1.1.2 t.1.1.2.1 t.1.1.2.2 t.1.2 t.2
DisequalityDispersion.Encoded.primrec_evalNodesL : Primrec fun p => p.1.1.evalNodesL p.1.2 p.2.1 p.2.2
@DisequalityDispersion.Encoded.list_all_eq_foldr : ∀ {α : Type} (p : α → Bool) (l : List α),
  l.all p = List.foldr (fun x b => p x && b) true l
@DisequalityDispersion.Encoded.list_any_eq_foldr : ∀ {α : Type} (p : α → Bool) (l : List α),
  l.any p = List.foldr (fun x b => p x || b) false l
DisequalityDispersion.Encoded.primrec_band : Primrec₂ fun a b => a && b
DisequalityDispersion.Encoded.primrec_bor : Primrec₂ fun a b => a || b
DisequalityDispersion.Encoded.CountParams : Type
DisequalityDispersion.Encoded.primrec_count_evalNodesL : Primrec fun p => p.1.1.base.evalNodesL p.1.2 p.2.1 p.2.2
DisequalityDispersion.Encoded.primrec_passesL : Primrec fun p => p.1.1.passesL p.1.2 p.2.1 p.2.2
DisequalityDispersion.Encoded.primrec_outTupleL : Primrec fun p => p.1.1.outTupleL p.1.2 p.2.1 p.2.2
@DisequalityDispersion.Encoded.primrec_mem_list : ∀ {α : Type} [inst : Primcodable α] [DecidableEq α],
  PrimrecRel fun x l => x ∈ l
@DisequalityDispersion.Encoded.dedupList_eq_foldr : ∀ {α : Type} [inst : DecidableEq α] (l : List α),
  DisequalityDispersion.Encoded.dedupList l = List.foldr (fun x d => if x ∈ d then d else x :: d) [] l
@DisequalityDispersion.Encoded.primrec_dedupList : ∀ {α : Type} [inst : Primcodable α] [inst_1 : DecidableEq α],
  Primrec DisequalityDispersion.Encoded.dedupList
DisequalityDispersion.Encoded.ImageParams : Type
DisequalityDispersion.Encoded.primrec_filter_pair : Primrec fun q => (q.1.1, q.1.2, q.2.1)
DisequalityDispersion.Encoded.primrec_filter_cond : Primrec fun q => q.1.1.1.passesL q.1.1.2 q.1.2 q.2.1
DisequalityDispersion.Encoded.primrec_filter_step : Primrec fun q =>
  bif q.1.1.1.passesL q.1.1.2 q.1.2 q.2.1 then q.2.1 :: q.2.2 else q.2.2
DisequalityDispersion.Encoded.primrec_filtered : Primrec fun p =>
  List.filter (p.1.1.passesL p.1.2 p.2) (DisequalityDispersion.Encoded.allLists p.1.2 p.1.1.base.k)
DisequalityDispersion.Encoded.primrec_tuple_pair : Primrec fun q => (q.1.1, q.1.2, q.2)
DisequalityDispersion.Encoded.primrec_tuple_step : Primrec fun q => q.1.1.1.outTupleL q.1.1.2 q.1.2 q.2
DisequalityDispersion.Encoded.primrec_imageCountL : Primrec fun p => p.1.1.imageCountL p.1.2 p.2
DisequalityDispersion.Encoded.primrec_max_pair : Primrec fun q => (q.1, q.2.1)
DisequalityDispersion.Encoded.primrec_max_count : Primrec fun q => q.1.1.imageCountL q.1.2 q.2.1
DisequalityDispersion.Encoded.primrec_dispersionExecG : Primrec₂ DisequalityDispersion.Encoded.GInstance.dispersionExecG
@DisequalityDispersion.Encoded.primrec_nodup_decide : ∀ {α : Type} [inst : Primcodable α] [inst_1 : DecidableEq α],
  Primrec fun l => decide l.Nodup
DisequalityDispersion.Encoded.nodeOk_eq_cases : ∀ (γ : DisequalityDispersion.Encoded.Instance) (j : ℕ)
  (nd : DisequalityDispersion.Encoded.Node),
  γ.nodeOk j nd =
    Sum.casesOn (DisequalityDispersion.Encoded.Node.equiv nd) (fun i => decide (i < γ.k)) fun p =>
      decide (p.1 < γ.m) && decide (p.2.length = γ.arityOf p.1) && p.2.all fun a => decide (a < j)
DisequalityDispersion.Encoded.primrec_nodeOk : Primrec fun t => t.1.1.nodeOk t.1.2 t.2
DisequalityDispersion.Encoded.primrec_nodesOk : Primrec DisequalityDispersion.Encoded.Instance.nodesOk
DisequalityDispersion.Encoded.primrec_node_src : Primrec DisequalityDispersion.Encoded.Node.src
DisequalityDispersion.Encoded.primrec_guardOk : Primrec DisequalityDispersion.Encoded.Instance.guardOk
DisequalityDispersion.Encoded.primrec_instance_isValid : Primrec DisequalityDispersion.Encoded.Instance.isValid
DisequalityDispersion.Encoded.primrec_ginstance_isValid : Primrec DisequalityDispersion.Encoded.GInstance.isValid
DisequalityDispersion.Encoded.primrec_threshold : Primrec₂ DisequalityDispersion.threshold
DisequalityDispersion.Encoded.primrec_lowerAtG : Primrec fun p => DisequalityDispersion.Encoded.lowerAtG p.1 p.2.1 p.2.2
DisequalityDispersion.Encoded.primrec_strictAtG : Primrec fun p =>
  DisequalityDispersion.Encoded.strictAtG p.1 p.2.1 p.2.2
DisequalityDispersion.Encoded.computable_lowerAtG : ∀ (k : ℕ), Computable₂ (DisequalityDispersion.Encoded.lowerAtG k)
DisequalityDispersion.Encoded.computable_strictAtG : ∀ (k : ℕ), Computable₂ (DisequalityDispersion.Encoded.strictAtG k)
DisequalityDispersion.Encoded.rePred_Lower_degree : ∀ (k : ℕ), REPred (DisequalityDispersion.Encoded.GInstance.Lower k)
DisequalityDispersion.Encoded.rePred_Strict_degree : ∀ (k : ℕ),
  REPred (DisequalityDispersion.Encoded.GInstance.Strict k)
DisequalityDispersion.Encoded.not_rePred_not_Lower_degree : ∀ (k : ℕ),
  2 ≤ k →
    ∀ (d : ℕ) (rels : List (List (DisequalityDispersion.Letter (Fin d)))),
      ¬ComputablePred (DisequalityDispersion.HasFiniteQuotient rels) →
        ¬REPred fun g => ¬DisequalityDispersion.Encoded.GInstance.Lower k g
DisequalityDispersion.Encoded.boundedAnyG : ℕ → DisequalityDispersion.Encoded.GInstance → ℕ → Bool
DisequalityDispersion.Encoded.boundedAnyG_iff : ∀ (k : ℕ) (g : DisequalityDispersion.Encoded.GInstance) (b : ℕ),
  DisequalityDispersion.Encoded.boundedAnyG k g b = true ↔ ∃ n < b, DisequalityDispersion.Encoded.lowerAtG k g n = true
DisequalityDispersion.Encoded.computable_boundedAnyG : ∀ (k : ℕ) {f : DisequalityDispersion.Encoded.GInstance → ℕ},
  Computable f → Computable fun g => DisequalityDispersion.Encoded.boundedAnyG k g (f g)
DisequalityDispersion.Encoded.no_computable_witness_bound_degree : ∀ (k : ℕ),
  2 ≤ k →
    ∀ (d : ℕ) (rels : List (List (DisequalityDispersion.Letter (Fin d)))),
      ¬ComputablePred (DisequalityDispersion.HasFiniteQuotient rels) →
        ∀ (sz : DisequalityDispersion.Encoded.GInstance → ℕ),
          Computable sz →
            ∀ (B : ℕ → ℕ),
              Computable B →
                (∀ (g : DisequalityDispersion.Encoded.GInstance),
                    DisequalityDispersion.Encoded.GInstance.Lower k g →
                      ∃ n, 2 ≤ n ∧ n ≤ B (sz g) ∧ DisequalityDispersion.Encoded.lowerAtG k g n = true) →
                  False
DisequalityDispersion.Encoded.lowerThresholdAt_eq_lowerAtG : ∀ (γ : DisequalityDispersion.Encoded.Instance) (n : ℕ),
  γ.lowerThresholdAt n =
    DisequalityDispersion.Encoded.lowerAtG 2 (DisequalityDispersion.Encoded.GInstance.ofInstance γ) n
DisequalityDispersion.Encoded.primrec_ofInstance : Primrec DisequalityDispersion.Encoded.GInstance.ofInstance
DisequalityDispersion.Encoded.searchComputable : DisequalityDispersion.Encoded.SearchComputable
DisequalityDispersion.paddedRatio : ℕ →
  (d : ℕ) → List (List (DisequalityDispersion.Letter (Fin d))) → List (DisequalityDispersion.Letter (Fin d)) → ℕ → ℝ
DisequalityDispersion.paddedRatio_eq : ∀ (k d : ℕ) (rels : List (List (DisequalityDispersion.Letter (Fin d))))
  (w : List (DisequalityDispersion.Letter (Fin d))),
  2 ≤ k →
    ∀ (n : ℕ), 2 ≤ n → DisequalityDispersion.paddedRatio k d rels w n = DisequalityDispersion.compiledRatio rels w n
DisequalityDispersion.paddedRatio_tendsto : ∀ (k d : ℕ) (rels : List (List (DisequalityDispersion.Letter (Fin d))))
  (w : List (DisequalityDispersion.Letter (Fin d))),
  2 ≤ k → 0 < w.length → Filter.Tendsto (fun n => DisequalityDispersion.paddedRatio k d rels w n) Filter.atTop (nhds 1)
@DisequalityDispersion.InClassC : {V F : Type} →
  {arity : F → ℕ} →
    V →
      V →
        List (DisequalityDispersion.Term V F arity) →
          List (DisequalityDispersion.Term V F arity × DisequalityDispersion.Term V F arity) → Prop
DisequalityDispersion.threshold_le_pow : ∀ (k n : ℕ), DisequalityDispersion.threshold k n ≤ n ^ k
@DisequalityDispersion.dispersionTuple_le_pow : ∀ {V F : Type} {arity : F → ℕ} [inst : Fintype V] [inst_1 : Fintype F]
  {x y : V} {outputs : List (DisequalityDispersion.Term V F arity)}
  {tests : List (DisequalityDispersion.Term V F arity × DisequalityDispersion.Term V F arity)},
  DisequalityDispersion.InClassC x y outputs tests →
    ∀ (n : ℕ), DisequalityDispersion.dispersionTuple outputs tests ≤ n ^ DisequalityDispersion.cutSize outputs tests
@DisequalityDispersion.cut_sandwich : ∀ {V F : Type} {arity : F → ℕ} [inst : Fintype V] [inst_1 : Fintype F] {x y : V}
  {outputs : List (DisequalityDispersion.Term V F arity)}
  {tests : List (DisequalityDispersion.Term V F arity × DisequalityDispersion.Term V F arity)},
  DisequalityDispersion.InClassC x y outputs tests →
    (∀ uv ∈ tests, uv.1 ≠ uv.2) →
      ∀ (n : ℕ),
        (DisequalityDispersion.tupleSupport outputs tests).card ≤ n →
          (n / (DisequalityDispersion.tupleSupport outputs tests).card) ^ DisequalityDispersion.cutSize outputs tests ≤
              DisequalityDispersion.dispersionTuple outputs tests ∧
            DisequalityDispersion.dispersionTuple outputs tests ≤ n ^ DisequalityDispersion.cutSize outputs tests
@DisequalityDispersion.real_cut_lower : ∀ {V F : Type} {arity : F → ℕ} [inst : Fintype V] [inst_1 : Fintype F] {x y : V}
  {outputs : List (DisequalityDispersion.Term V F arity)}
  {tests : List (DisequalityDispersion.Term V F arity × DisequalityDispersion.Term V F arity)},
  DisequalityDispersion.InClassC x y outputs tests →
    (∀ uv ∈ tests, uv.1 ≠ uv.2) →
      ∀ (n : ℕ),
        2 * (DisequalityDispersion.tupleSupport outputs tests).card ≤ n →
          (↑n / (2 * ↑(DisequalityDispersion.tupleSupport outputs tests).card)) ^
              DisequalityDispersion.cutSize outputs tests ≤
            ↑(DisequalityDispersion.dispersionTuple outputs tests)
@DisequalityDispersion.log_ratio_tendsto : ∀ {V F : Type} {arity : F → ℕ} [inst : Fintype V] [inst_1 : Fintype F]
  {x y : V} {outputs : List (DisequalityDispersion.Term V F arity)}
  {tests : List (DisequalityDispersion.Term V F arity × DisequalityDispersion.Term V F arity)},
  DisequalityDispersion.InClassC x y outputs tests →
    (∀ uv ∈ tests, uv.1 ≠ uv.2) →
      Filter.Tendsto (fun n => Real.log ↑(DisequalityDispersion.dispersionTuple outputs tests) / Real.log ↑n)
        Filter.atTop (nhds ↑(DisequalityDispersion.cutSize outputs tests))
@DisequalityDispersion.EventualStrictT : {V F : Type} →
  {arity : F → ℕ} →
    [Fintype V] →
      [Fintype F] →
        ℕ →
          List (DisequalityDispersion.Term V F arity) →
            List (DisequalityDispersion.Term V F arity × DisequalityDispersion.Term V F arity) → Prop
DisequalityDispersion.floor_pow_ge : ∀ (n s k : ℕ), 0 < s → (2 * s) ^ (k + 1) ≤ n → n ^ k ≤ (n / s) ^ (k + 1)
@DisequalityDispersion.eventual_strict_of_cut : ∀ {V F : Type} {arity : F → ℕ} [inst : Fintype V] [inst_1 : Fintype F]
  {x y : V} {outputs : List (DisequalityDispersion.Term V F arity)}
  {tests : List (DisequalityDispersion.Term V F arity × DisequalityDispersion.Term V F arity)},
  DisequalityDispersion.InClassC x y outputs tests →
    (∀ uv ∈ tests, uv.1 ≠ uv.2) →
      ∀ (k : ℕ),
        1 ≤ k →
          k + 1 ≤ DisequalityDispersion.cutSize outputs tests →
            ∀ (n : ℕ),
              (2 * (DisequalityDispersion.tupleSupport outputs tests).card) ^ (k + 1) ≤ n →
                DisequalityDispersion.threshold k n + 1 ≤ DisequalityDispersion.dispersionTuple outputs tests
@DisequalityDispersion.strictT_iff_eventual : ∀ {V F : Type} {arity : F → ℕ} [inst : Fintype V] [inst_1 : Fintype F]
  {x y : V} {outputs : List (DisequalityDispersion.Term V F arity)}
  {tests : List (DisequalityDispersion.Term V F arity × DisequalityDispersion.Term V F arity)},
  DisequalityDispersion.InClassC x y outputs tests →
    ∀ (k : ℕ),
      2 ≤ k →
        (DisequalityDispersion.StrictT k outputs tests ↔ DisequalityDispersion.EventualStrictT k outputs tests) ∧
          (DisequalityDispersion.StrictT k outputs tests ↔
            (∀ uv ∈ tests, uv.1 ≠ uv.2) ∧ k + 1 ≤ DisequalityDispersion.cutSize outputs tests)
@DisequalityDispersion.eventual_power_lower : ∀ {V F : Type} {arity : F → ℕ} [inst : Fintype V] [inst_1 : Fintype F]
  {x y : V} {outputs : List (DisequalityDispersion.Term V F arity)}
  {tests : List (DisequalityDispersion.Term V F arity × DisequalityDispersion.Term V F arity)},
  DisequalityDispersion.InClassC x y outputs tests →
    (∀ uv ∈ tests, uv.1 ≠ uv.2) →
      ∀ (k : ℕ),
        k + 1 ≤ DisequalityDispersion.cutSize outputs tests →
          ∀ (n : ℕ),
            (2 * (DisequalityDispersion.tupleSupport outputs tests).card) ^ (2 * k + 2) ≤ n →
              ↑n ^ (↑k + 1 / 2) ≤ ↑(DisequalityDispersion.dispersionTuple outputs tests)
@DisequalityDispersion.filteredImage_card_le_pow_cut : ∀ {V F : Type} {arity : F → ℕ} {A : Type} [inst : Fintype V]
  [inst_1 : Fintype A] (outputs : List (DisequalityDispersion.Term V F arity))
  (tests : List (DisequalityDispersion.Term V F arity × DisequalityDispersion.Term V F arity))
  (K : Finset (DisequalityDispersion.Term V F arity)),
  DisequalityDispersion.IsCut K outputs →
    ∀ (I : DisequalityDispersion.Interpretation F arity A),
      (DisequalityDispersion.filteredImage outputs tests I).card ≤ Fintype.card A ^ K.card
@DisequalityDispersion.dispersionTuple_le_pow_cutSize : ∀ {V F : Type} {arity : F → ℕ} [inst : Fintype V]
  [inst_1 : Fintype F] (outputs : List (DisequalityDispersion.Term V F arity))
  (tests : List (DisequalityDispersion.Term V F arity × DisequalityDispersion.Term V F arity)) (n : ℕ),
  DisequalityDispersion.dispersionTuple outputs tests ≤ n ^ DisequalityDispersion.cutSize outputs tests
@DisequalityDispersion.cut_sandwich' : ∀ {V F : Type} {arity : F → ℕ} [inst : Fintype V] [inst_1 : Fintype F]
  [Nonempty V] (outputs : List (DisequalityDispersion.Term V F arity))
  (tests : List (DisequalityDispersion.Term V F arity × DisequalityDispersion.Term V F arity)),
  (∀ uv ∈ tests, uv.1 ≠ uv.2) →
    ∀ (n : ℕ),
      (DisequalityDispersion.tupleSupport outputs tests).card ≤ n →
        (n / (DisequalityDispersion.tupleSupport outputs tests).card) ^ DisequalityDispersion.cutSize outputs tests ≤
            DisequalityDispersion.dispersionTuple outputs tests ∧
          DisequalityDispersion.dispersionTuple outputs tests ≤ n ^ DisequalityDispersion.cutSize outputs tests
@DisequalityDispersion.tupleSupport_card_pos : ∀ {V F : Type} {arity : F → ℕ} [inst : Fintype V] [Nonempty V]
  (outputs : List (DisequalityDispersion.Term V F arity))
  (tests : List (DisequalityDispersion.Term V F arity × DisequalityDispersion.Term V F arity)),
  0 < (DisequalityDispersion.tupleSupport outputs tests).card
@DisequalityDispersion.real_cut_lower' : ∀ {V F : Type} {arity : F → ℕ} [inst : Fintype V] [inst_1 : Fintype F]
  [Nonempty V] (outputs : List (DisequalityDispersion.Term V F arity))
  (tests : List (DisequalityDispersion.Term V F arity × DisequalityDispersion.Term V F arity)),
  (∀ uv ∈ tests, uv.1 ≠ uv.2) →
    ∀ (n : ℕ),
      2 * (DisequalityDispersion.tupleSupport outputs tests).card ≤ n →
        (↑n / (2 * ↑(DisequalityDispersion.tupleSupport outputs tests).card)) ^
            DisequalityDispersion.cutSize outputs tests ≤
          ↑(DisequalityDispersion.dispersionTuple outputs tests)
@DisequalityDispersion.log_ratio_tendsto' : ∀ {V F : Type} {arity : F → ℕ} [inst : Fintype V] [inst_1 : Fintype F]
  [Nonempty V] (outputs : List (DisequalityDispersion.Term V F arity))
  (tests : List (DisequalityDispersion.Term V F arity × DisequalityDispersion.Term V F arity)),
  (∀ uv ∈ tests, uv.1 ≠ uv.2) →
    Filter.Tendsto (fun n => Real.log ↑(DisequalityDispersion.dispersionTuple outputs tests) / Real.log ↑n) Filter.atTop
      (nhds ↑(DisequalityDispersion.cutSize outputs tests))
@DisequalityDispersion.eventual_h_iff : ∀ {V F : Type} {arity : F → ℕ} [inst : Fintype V] [inst_1 : Fintype F]
  [Nonempty V] (outputs : List (DisequalityDispersion.Term V F arity))
  (tests : List (DisequalityDispersion.Term V F arity × DisequalityDispersion.Term V F arity)),
  (∀ uv ∈ tests, uv.1 ≠ uv.2) →
    ∀ (d : ℕ) (h : ℕ → ℝ),
      (∀ᶠ (n : ℕ) in Filter.atTop, ↑n ^ d < h n) →
        Filter.Tendsto (fun n => h n / ↑n ^ (d + 1)) Filter.atTop (nhds 0) →
          ((∀ᶠ (n : ℕ) in Filter.atTop, h n ≤ ↑(DisequalityDispersion.dispersionTuple outputs tests)) ↔
            d + 1 ≤ DisequalityDispersion.cutSize outputs tests)
@DisequalityDispersion.tupleEval_mapVar : ∀ {V V' F A : Type} {arity : F → ℕ} (g : V → V')
  (ts : List (DisequalityDispersion.Term V F arity)) (I : DisequalityDispersion.Interpretation F arity A) (a : V' → A),
  DisequalityDispersion.tupleEval (List.map (DisequalityDispersion.Term.mapVar g) ts) I a =
    DisequalityDispersion.tupleEval ts I fun v => a (g v)
@DisequalityDispersion.filteredImage_mapVar : ∀ {V V' F A : Type} {arity : F → ℕ} [inst : Fintype V]
  [inst_1 : Fintype V'] [inst_2 : Fintype A] [Nonempty V] (g : V → V'),
  Function.Injective g →
    ∀ (outputs : List (DisequalityDispersion.Term V F arity))
      (tests : List (DisequalityDispersion.Term V F arity × DisequalityDispersion.Term V F arity))
      (I : DisequalityDispersion.Interpretation F arity A),
      DisequalityDispersion.filteredImage (List.map (DisequalityDispersion.Term.mapVar g) outputs)
          (DisequalityDispersion.mapVarTests g tests) I =
        DisequalityDispersion.filteredImage outputs tests I
@DisequalityDispersion.dispersionTuple_mapVar_inj : ∀ {V V' F A : Type} {arity : F → ℕ} [inst : Fintype V]
  [inst_1 : Fintype V'] [inst_2 : Fintype F] [inst_3 : Fintype A] [Nonempty V] (g : V → V'),
  Function.Injective g →
    ∀ (outputs : List (DisequalityDispersion.Term V F arity))
      (tests : List (DisequalityDispersion.Term V F arity × DisequalityDispersion.Term V F arity)),
      DisequalityDispersion.dispersionTuple (List.map (DisequalityDispersion.Term.mapVar g) outputs)
          (DisequalityDispersion.mapVarTests g tests) =
        DisequalityDispersion.dispersionTuple outputs tests
@DisequalityDispersion.cutSize_tests_irrelevant : ∀ {V F : Type} {arity : F → ℕ} [inst : Fintype V]
  (outputs : List (DisequalityDispersion.Term V F arity))
  (tests tests' : List (DisequalityDispersion.Term V F arity × DisequalityDispersion.Term V F arity)),
  DisequalityDispersion.cutSize outputs tests = DisequalityDispersion.cutSize outputs tests'
@DisequalityDispersion.cutSize_eq_of : ∀ {V F : Type} {arity : F → ℕ} [inst : Fintype V]
  (outputs : List (DisequalityDispersion.Term V F arity))
  (tests : List (DisequalityDispersion.Term V F arity × DisequalityDispersion.Term V F arity)) (m : ℕ)
  (K : Finset (DisequalityDispersion.Term V F arity)),
  DisequalityDispersion.IsCut K outputs →
    K.card = m →
      (∀ (K' : Finset (DisequalityDispersion.Term V F arity)), DisequalityDispersion.IsCut K' outputs → m ≤ K'.card) →
        DisequalityDispersion.cutSize outputs tests = m
@DisequalityDispersion.identity_example : ∀ {F : Type} {arity : F → ℕ} [inst : Fintype F] (k : ℕ) (hk : 1 ≤ k) (n : ℕ),
  DisequalityDispersion.dispersionTuple (DisequalityDispersion.identityOutputs (k + 1))
      (DisequalityDispersion.firstGuard (k + 1) ⋯) =
    DisequalityDispersion.threshold (k + 1) n
@DisequalityDispersion.dispersionTuple_append_dup : ∀ {V F A : Type} {arity : F → ℕ} [inst : Fintype F]
  [inst_1 : Fintype V] [inst_2 : Fintype A] (outputs : List (DisequalityDispersion.Term V F arity)),
  ∀ u ∈ outputs,
    ∀ (tests : List (DisequalityDispersion.Term V F arity × DisequalityDispersion.Term V F arity)),
      DisequalityDispersion.dispersionTuple (outputs ++ [u]) tests = DisequalityDispersion.dispersionTuple outputs tests
@DisequalityDispersion.repeat_example : ∀ {F : Type} {arity : F → ℕ} [inst : Fintype F] (k : ℕ) (hk : 2 ≤ k) (n : ℕ)
  [NeZero n],
  DisequalityDispersion.dispersionTuple
      (List.map (DisequalityDispersion.Term.mapVar (Fin.castLE ⋯))
        (DisequalityDispersion.identityOutputs k ++ [DisequalityDispersion.Term.var ⟨0, ⋯⟩]))
      (DisequalityDispersion.mapVarTests (Fin.castLE ⋯) (DisequalityDispersion.firstGuard k hk)) =
    DisequalityDispersion.threshold k n
@DisequalityDispersion.identical_test_not_lower : ∀ {V F : Type} {arity : F → ℕ} [inst : Fintype V] [inst_1 : Fintype F]
  (k : ℕ),
  1 ≤ k →
    ∀ (outputs : List (DisequalityDispersion.Term V F arity)) (u : DisequalityDispersion.Term V F arity)
      (tests : List (DisequalityDispersion.Term V F arity × DisequalityDispersion.Term V F arity)),
      (u, u) ∈ tests → ¬DisequalityDispersion.LowerT k outputs tests
DisequalityDispersion.threshold_interleave' : ∀ (k n : ℕ),
  2 ≤ k →
    2 ≤ n →
      DisequalityDispersion.threshold k n < DisequalityDispersion.threshold k n + 1 ∧
        DisequalityDispersion.threshold k n + 1 < DisequalityDispersion.threshold (k + 1) n
@DisequalityDispersion.three_le_card_of_mem : ∀ {V F : Type} {arity : F → ℕ}
  (K : Finset (DisequalityDispersion.Term V F arity)) (a b c : DisequalityDispersion.Term V F arity),
  a ≠ b → a ≠ c → b ≠ c → a ∈ K → b ∈ K → c ∈ K → 3 ≤ K.card
DisequalityDispersion.Unary2 : Type
DisequalityDispersion.unaryArity : DisequalityDispersion.Unary2 → ℕ
DisequalityDispersion.bottleneckOutputs : List
  (DisequalityDispersion.Term (Fin 3) DisequalityDispersion.Unary2 DisequalityDispersion.unaryArity)
DisequalityDispersion.bottleneckTests : List
  (DisequalityDispersion.Term (Fin 3) DisequalityDispersion.Unary2 DisequalityDispersion.unaryArity ×
    DisequalityDispersion.Term (Fin 3) DisequalityDispersion.Unary2 DisequalityDispersion.unaryArity)
DisequalityDispersion.bottleneck_cutSize : DisequalityDispersion.cutSize DisequalityDispersion.bottleneckOutputs
    DisequalityDispersion.bottleneckTests =
  3
DisequalityDispersion.nullaryArity : Fin 1 → ℕ
DisequalityDispersion.nullary_cutSize : DisequalityDispersion.cutSize
    [DisequalityDispersion.Term.var 0, DisequalityDispersion.Term.var 1,
      DisequalityDispersion.Term.app 0 fun i => i.elim0]
    [(DisequalityDispersion.Term.var 0, DisequalityDispersion.Term.var 1)] =
  2
DisequalityDispersion.binaryArity : Fin 1 → ℕ
DisequalityDispersion.repeatedArg_cutSize : DisequalityDispersion.cutSize
    [DisequalityDispersion.Term.var 0, DisequalityDispersion.Term.var 1,
      DisequalityDispersion.Term.app 0 fun x => DisequalityDispersion.Term.var 0]
    [(DisequalityDispersion.Term.var 0, DisequalityDispersion.Term.var 1)] =
  2
DisequalityDispersion.noArity : Fin 0 → ℕ
DisequalityDispersion.outsideOutputs : List (DisequalityDispersion.Term (Fin 4) (Fin 0) DisequalityDispersion.noArity)
DisequalityDispersion.outsideTests : List
  (DisequalityDispersion.Term (Fin 4) (Fin 0) DisequalityDispersion.noArity ×
    DisequalityDispersion.Term (Fin 4) (Fin 0) DisequalityDispersion.noArity)
DisequalityDispersion.outside_cutSize : DisequalityDispersion.cutSize DisequalityDispersion.outsideOutputs
    DisequalityDispersion.outsideTests =
  2
DisequalityDispersion.outside_dispersion : ∀ (n : ℕ),
  2 ≤ n →
    DisequalityDispersion.dispersionTuple DisequalityDispersion.outsideOutputs DisequalityDispersion.outsideTests =
      n ^ 2
DisequalityDispersion.outside_exceeds_threshold : ∀ (n : ℕ),
  2 ≤ n →
    DisequalityDispersion.threshold
        (DisequalityDispersion.cutSize DisequalityDispersion.outsideOutputs DisequalityDispersion.outsideTests) n <
      DisequalityDispersion.dispersionTuple DisequalityDispersion.outsideOutputs DisequalityDispersion.outsideTests
DisequalityDispersion.Encoded.dupInstance : DisequalityDispersion.Encoded.GInstance
DisequalityDispersion.Encoded.dupInstance_valid : DisequalityDispersion.Encoded.dupInstance.Valid
DisequalityDispersion.Encoded.dupInstance_dup : DisequalityDispersion.Encoded.dupInstance.base.termD ⋯ 3 =
  DisequalityDispersion.Encoded.dupInstance.base.termD ⋯ 2
DisequalityDispersion.Encoded.dupInstance_dispersion_zero : ∀ (n : ℕ),
  DisequalityDispersion.Encoded.dupInstance.dispersion DisequalityDispersion.Encoded.dupInstance_valid n = 0
DisequalityDispersion.Encoded.dupInstance_not_lower : ∀ (k : ℕ),
  1 ≤ k → ¬DisequalityDispersion.Encoded.GInstance.Lower k DisequalityDispersion.Encoded.dupInstance
DisequalityDispersion.Encoded.bottleneckG : DisequalityDispersion.Encoded.GInstance
DisequalityDispersion.Encoded.bottleneckG_valid : DisequalityDispersion.Encoded.bottleneckG.Valid
DisequalityDispersion.Encoded.bottleneckG_rho : DisequalityDispersion.Encoded.bottleneckG.rhoExec = 3
DisequalityDispersion.Encoded.bottleneckG_strict2 : DisequalityDispersion.Encoded.bottleneckG.strictDecideG 2 = true
DisequalityDispersion.Encoded.bottleneckG_Strict2 : DisequalityDispersion.Encoded.GInstance.Strict 2
  DisequalityDispersion.Encoded.bottleneckG
DisequalityDispersion.Encoded.bottleneckG_strict3 : DisequalityDispersion.Encoded.bottleneckG.strictDecideG 3 = false
DisequalityDispersion.Encoded.bottleneckG_not_Strict3 : ¬DisequalityDispersion.Encoded.GInstance.Strict 3
    DisequalityDispersion.Encoded.bottleneckG
DisequalityDispersion.Encoded.GInstance.xNode : DisequalityDispersion.Encoded.GInstance → ℕ
DisequalityDispersion.Encoded.GInstance.yNode : DisequalityDispersion.Encoded.GInstance → ℕ
DisequalityDispersion.Encoded.GInstance.outNodes : DisequalityDispersion.Encoded.GInstance → List ℕ
DisequalityDispersion.Encoded.GInstance.cutB : List ℕ → List ℕ → ℕ → Bool
DisequalityDispersion.Encoded.GInstance.avoidsStep : DisequalityDispersion.Encoded.GInstance →
  List ℕ → List ℕ → List Bool → ℕ → Bool
DisequalityDispersion.Encoded.GInstance.avoidsDP : DisequalityDispersion.Encoded.GInstance → List ℕ → List ℕ → List Bool
DisequalityDispersion.Encoded.GInstance.isCutB : DisequalityDispersion.Encoded.GInstance → List ℕ → List ℕ → Bool
DisequalityDispersion.Encoded.GInstance.cutReps : DisequalityDispersion.Encoded.GInstance → List ℕ → List ℕ → List ℕ
DisequalityDispersion.Encoded.GInstance.cutCard : DisequalityDispersion.Encoded.GInstance → List ℕ → List ℕ → ℕ
DisequalityDispersion.Encoded.GInstance.rhoExec : DisequalityDispersion.Encoded.GInstance → ℕ
DisequalityDispersion.Encoded.GInstance.strictDecideG : DisequalityDispersion.Encoded.GInstance → ℕ → Bool
DisequalityDispersion.Encoded.GInstance.src_x_mem : ∀ (g : DisequalityDispersion.Encoded.GInstance),
  g.Valid → DisequalityDispersion.Encoded.Node.src g.base.x ∈ g.base.nodes
DisequalityDispersion.Encoded.GInstance.src_y_mem : ∀ (g : DisequalityDispersion.Encoded.GInstance),
  g.Valid → DisequalityDispersion.Encoded.Node.src g.base.y ∈ g.base.nodes
DisequalityDispersion.Encoded.GInstance.xNode_lt : ∀ (g : DisequalityDispersion.Encoded.GInstance),
  g.Valid → g.xNode < g.base.nodes.length
DisequalityDispersion.Encoded.GInstance.yNode_lt : ∀ (g : DisequalityDispersion.Encoded.GInstance),
  g.Valid → g.yNode < g.base.nodes.length
DisequalityDispersion.Encoded.GInstance.termD_xNode : ∀ (g : DisequalityDispersion.Encoded.GInstance) (hv : g.Valid),
  g.base.termD ⋯ g.xNode = DisequalityDispersion.Term.var (g.base.xv ⋯)
DisequalityDispersion.Encoded.GInstance.termD_yNode : ∀ (g : DisequalityDispersion.Encoded.GInstance) (hv : g.Valid),
  g.base.termD ⋯ g.yNode = DisequalityDispersion.Term.var (g.base.yv ⋯)
DisequalityDispersion.Encoded.GInstance.outputs_eq : ∀ (g : DisequalityDispersion.Encoded.GInstance) (hv : g.Valid),
  g.outputs hv = List.map (g.base.termD ⋯) g.outNodes
DisequalityDispersion.Encoded.GInstance.outNodes_lt : ∀ (g : DisequalityDispersion.Encoded.GInstance),
  g.Valid → ∀ j ∈ g.outNodes, j < g.base.nodes.length
@DisequalityDispersion.Encoded.GInstance.avoids_not_mem : ∀ {V F : Type} {arity : F → ℕ}
  {K : Finset (DisequalityDispersion.Term V F arity)} {t : DisequalityDispersion.Term V F arity},
  DisequalityDispersion.Avoids K t → t ∉ K
DisequalityDispersion.Encoded.GInstance.termCut : (g : DisequalityDispersion.Encoded.GInstance) →
  g.Valid → List ℕ → Finset g.base.Tm
DisequalityDispersion.Encoded.GInstance.cutB_congr : ∀ (g : DisequalityDispersion.Encoded.GInstance) (hv : g.Valid)
  (b : List ℕ) (i j : ℕ),
  i < g.base.nodes.length →
    j < g.base.nodes.length →
      g.base.termD ⋯ i = g.base.termD ⋯ j →
        DisequalityDispersion.Encoded.GInstance.cutB g.base.canonIds b i =
          DisequalityDispersion.Encoded.GInstance.cutB g.base.canonIds b j
DisequalityDispersion.Encoded.GInstance.mem_termCut_iff : ∀ (g : DisequalityDispersion.Encoded.GInstance) (hv : g.Valid)
  (b : List ℕ),
  ∀ j < g.base.nodes.length,
    g.base.termD ⋯ j ∈ g.termCut hv b ↔ DisequalityDispersion.Encoded.GInstance.cutB g.base.canonIds b j = true
DisequalityDispersion.Encoded.GInstance.avoidsDP_iff : ∀ (g : DisequalityDispersion.Encoded.GInstance) (hv : g.Valid)
  (b : List ℕ),
  ∀ j < g.base.nodes.length,
    (g.avoidsDP g.base.canonIds b).getD j false = true ↔
      DisequalityDispersion.Avoids (g.termCut hv b) (g.base.termD ⋯ j)
DisequalityDispersion.Encoded.GInstance.isCutB_iff : ∀ (g : DisequalityDispersion.Encoded.GInstance) (hv : g.Valid)
  (b : List ℕ), g.isCutB g.base.canonIds b = true ↔ DisequalityDispersion.IsCut (g.termCut hv b) (g.outputs hv)
DisequalityDispersion.Encoded.GInstance.termCut_card_le : ∀ (g : DisequalityDispersion.Encoded.GInstance) (hv : g.Valid)
  (b : List ℕ), (g.termCut hv b).card ≤ g.cutCard g.base.canonIds b
DisequalityDispersion.Encoded.GInstance.vecOf : (g : DisequalityDispersion.Encoded.GInstance) →
  g.Valid → Finset g.base.Tm → List ℕ
DisequalityDispersion.Encoded.GInstance.vecOf_mem : ∀ (g : DisequalityDispersion.Encoded.GInstance) (hv : g.Valid)
  (K : Finset g.base.Tm), g.vecOf hv K ∈ DisequalityDispersion.Encoded.allLists 2 g.base.nodes.length
DisequalityDispersion.Encoded.GInstance.vecOf_getD : ∀ (g : DisequalityDispersion.Encoded.GInstance) (hv : g.Valid)
  (K : Finset g.base.Tm),
  ∀ j < g.base.nodes.length,
    (g.vecOf hv K).getD j 0 = if g.base.canonIds.getD j 0 = j ∧ g.base.termD ⋯ j ∈ K then 1 else 0
DisequalityDispersion.Encoded.GInstance.cutB_vecOf : ∀ (g : DisequalityDispersion.Encoded.GInstance) (hv : g.Valid)
  (K : Finset g.base.Tm),
  ∀ j < g.base.nodes.length,
    DisequalityDispersion.Encoded.GInstance.cutB g.base.canonIds (g.vecOf hv K) j = true ↔ g.base.termD ⋯ j ∈ K
DisequalityDispersion.Encoded.GInstance.avoids_vecOf : ∀ (g : DisequalityDispersion.Encoded.GInstance) (hv : g.Valid)
  (K : Finset g.base.Tm),
  ∀ j < g.base.nodes.length,
    DisequalityDispersion.Avoids (g.termCut hv (g.vecOf hv K)) (g.base.termD ⋯ j) →
      DisequalityDispersion.Avoids K (g.base.termD ⋯ j)
DisequalityDispersion.Encoded.GInstance.isCutB_vecOf : ∀ (g : DisequalityDispersion.Encoded.GInstance) (hv : g.Valid)
  (K : Finset g.base.Tm), DisequalityDispersion.IsCut K (g.outputs hv) → g.isCutB g.base.canonIds (g.vecOf hv K) = true
DisequalityDispersion.Encoded.GInstance.cutCard_vecOf_le : ∀ (g : DisequalityDispersion.Encoded.GInstance)
  (hv : g.Valid) (K : Finset g.base.Tm), g.cutCard g.base.canonIds (g.vecOf hv K) ≤ K.card
@DisequalityDispersion.Encoded.GInstance.foldr_min_le : ∀ {β : Type} (l : List β) (p : β → Bool) (c : β → ℕ) (init : ℕ),
  ∀ x ∈ l, p x = true → List.foldr (fun y acc => if p y = true then min (c y) acc else acc) init l ≤ c x
@DisequalityDispersion.Encoded.GInstance.le_foldr_min : ∀ {β : Type} (l : List β) (p : β → Bool) (c : β → ℕ)
  (init m : ℕ),
  m ≤ init →
    (∀ x ∈ l, p x = true → m ≤ c x) → m ≤ List.foldr (fun y acc => if p y = true then min (c y) acc else acc) init l
DisequalityDispersion.Encoded.GInstance.cutSize_le_nodes : ∀ (g : DisequalityDispersion.Encoded.GInstance)
  (hv : g.Valid), DisequalityDispersion.cutSize (g.outputs hv) (g.tests hv) ≤ g.base.nodes.length
DisequalityDispersion.Encoded.GInstance.rhoExec_eq : ∀ (g : DisequalityDispersion.Encoded.GInstance) (hv : g.Valid),
  g.rhoExec = DisequalityDispersion.cutSize (g.outputs hv) (g.tests hv)
DisequalityDispersion.Encoded.GInstance.strictDecideG_iff : ∀ (g : DisequalityDispersion.Encoded.GInstance) (k : ℕ),
  2 ≤ k → (g.strictDecideG k = true ↔ DisequalityDispersion.Encoded.GInstance.Strict k g)
DisequalityDispersion.Encoded.GInstance.strictDecideG_of_invalid : ∀ (g : DisequalityDispersion.Encoded.GInstance)
  (k : ℕ), ¬g.Valid → g.strictDecideG k = false
DisequalityDispersion.Encoded.GInstance.strictDecideG_of_degree_lt : ∀ (g : DisequalityDispersion.Encoded.GInstance),
  ∀ k < 2, g.strictDecideG k = false
DisequalityDispersion.Encoded.GInstance.strictDecideG_ofInstance : ∀ (γ : DisequalityDispersion.Encoded.Instance),
  (DisequalityDispersion.Encoded.GInstance.ofInstance γ).strictDecideG 2 = γ.strictDecide
DisequalityDispersion.Encoded.sigWith_eq_cases : ∀ (ids : List ℕ) (nd : DisequalityDispersion.Encoded.Node),
  DisequalityDispersion.Encoded.Instance.sigWith ids nd =
    Sum.casesOn (DisequalityDispersion.Encoded.Node.equiv nd) (fun i => DisequalityDispersion.Encoded.Node.src i)
      fun p => DisequalityDispersion.Encoded.Node.app p.1 (List.map (fun a => ids.getD a 0) p.2)
DisequalityDispersion.Encoded.primrec_sigWith : Primrec₂ DisequalityDispersion.Encoded.Instance.sigWith
DisequalityDispersion.Encoded.FIParams : Type
DisequalityDispersion.Encoded.firstIndex_eq_rec : ∀ (p : ℕ → Bool) (n : ℕ),
  DisequalityDispersion.Encoded.Instance.firstIndex p n =
    Nat.rec 0 (fun n r => if r < n then r else if p n = true then n else n + 1) n
DisequalityDispersion.Encoded.primrec_firstIndex_sig : Primrec₂ fun t n =>
  DisequalityDispersion.Encoded.Instance.firstIndex
    (fun i =>
      decide
        (DisequalityDispersion.Encoded.Instance.sigWith t.1.2
            (t.1.1.nodes.getD i (DisequalityDispersion.Encoded.Node.src 0)) =
          t.2))
    n
DisequalityDispersion.Encoded.primrec_canonStep : Primrec fun t => t.1.1.canonStep t.1.2 t.2
DisequalityDispersion.Encoded.primrec_canonIds : Primrec DisequalityDispersion.Encoded.Instance.canonIds
DisequalityDispersion.Encoded.primrec_testsDistinct : Primrec₂ DisequalityDispersion.Encoded.Instance.testsDistinct
DisequalityDispersion.Encoded.primrec_cutB : Primrec fun t =>
  DisequalityDispersion.Encoded.GInstance.cutB t.1.1 t.1.2 t.2
DisequalityDispersion.Encoded.DPParams : Type
DisequalityDispersion.Encoded.avoidsStep_eq_cases : ∀ (g : DisequalityDispersion.Encoded.GInstance) (ids b : List ℕ)
  (vals : List Bool) (j : ℕ),
  g.avoidsStep ids b vals j =
    (!DisequalityDispersion.Encoded.GInstance.cutB ids b j &&
      Sum.casesOn
        (DisequalityDispersion.Encoded.Node.equiv (g.base.nodes.getD j (DisequalityDispersion.Encoded.Node.src 0)))
        (fun x => true) fun p => p.2.any fun a => vals.getD a false)
DisequalityDispersion.Encoded.primrec_avoidsStep : Primrec fun t => t.1.1.1.avoidsStep t.1.1.2.1 t.1.1.2.2 t.1.2 t.2
DisequalityDispersion.Encoded.primrec_avoidsDP : Primrec fun p => p.1.avoidsDP p.2.1 p.2.2
DisequalityDispersion.Encoded.primrec_outNodes : Primrec DisequalityDispersion.Encoded.GInstance.outNodes
DisequalityDispersion.Encoded.primrec_isCutB : Primrec fun p => p.1.isCutB p.2.1 p.2.2
DisequalityDispersion.Encoded.primrec_cutCard : Primrec fun p => p.1.cutCard p.2.1 p.2.2
DisequalityDispersion.Encoded.primrec_rhoExec : Primrec DisequalityDispersion.Encoded.GInstance.rhoExec
DisequalityDispersion.Encoded.primrec_strictDecideG : Primrec fun p => p.2.strictDecideG p.1
DisequalityDispersion.Encoded.computable_strictDecideG : ∀ (k : ℕ), Computable fun g => g.strictDecideG k
DisequalityDispersion.Encoded.computablePred_Strict_degree : ∀ (k : ℕ),
  2 ≤ k → ComputablePred (DisequalityDispersion.Encoded.GInstance.Strict k)
DisequalityDispersion.Encoded.GInstance.flatImageG : (g : DisequalityDispersion.Encoded.GInstance) →
  {A : Type} →
    g.Valid → [Fintype A] → DisequalityDispersion.Interpretation (Fin g.base.m) g.base.arity A → A → Finset (List A)
DisequalityDispersion.Encoded.GInstance.tupleEval_outputs : ∀ (g : DisequalityDispersion.Encoded.GInstance) {A : Type}
  (hv : g.Valid) (I : DisequalityDispersion.Interpretation (Fin g.base.m) g.base.arity A) (a : Fin g.base.k → A)
  (d : A),
  DisequalityDispersion.tupleEval (g.outputs hv) I a =
    [a (g.base.xv ⋯), a (g.base.yv ⋯)] ++ List.map (g.base.bval d (g.base.extend I a d)) g.outs
DisequalityDispersion.Encoded.GInstance.flatImageG_eq : ∀ (g : DisequalityDispersion.Encoded.GInstance) {A : Type}
  (hv : g.Valid) [inst : Fintype A] (I : DisequalityDispersion.Interpretation (Fin g.base.m) g.base.arity A) (d : A),
  g.flatImageG hv I d = DisequalityDispersion.filteredImage (g.outputs hv) (g.tests hv) I
DisequalityDispersion.Encoded.GInstance.flatMaxG : (g : DisequalityDispersion.Encoded.GInstance) → g.Valid → ℕ → ℕ
DisequalityDispersion.Encoded.GInstance.flatMaxG_eq : ∀ (g : DisequalityDispersion.Encoded.GInstance) (hv : g.Valid)
  (n : ℕ), g.flatMaxG hv n = g.dispersion hv n
DisequalityDispersion.Encoded.GInstance.tupleSupport_subset : ∀ (g : DisequalityDispersion.Encoded.GInstance)
  (hv : g.Valid),
  DisequalityDispersion.tupleSupport (g.outputs hv) (g.tests hv) ⊆
    Finset.image DisequalityDispersion.Term.var Finset.univ ∪
      Finset.image (g.base.termD ⋯) (List.range g.base.nodes.length).toFinset
DisequalityDispersion.Encoded.GInstance.tupleSupport_card_le : ∀ (g : DisequalityDispersion.Encoded.GInstance)
  (hv : g.Valid), (DisequalityDispersion.tupleSupport (g.outputs hv) (g.tests hv)).card ≤ g.base.k + g.base.nodes.length
DisequalityDispersion.Encoded.GInstance.size_pow_le : ∀ (s k : ℕ), (s ^ (k + 1)).size ≤ (k + 1) * s.size
DisequalityDispersion.Encoded.GInstance.witness_size_le : ∀ (g : DisequalityDispersion.Encoded.GInstance) (hv : g.Valid)
  (k : ℕ),
  ((DisequalityDispersion.tupleSupport (g.outputs hv) (g.tests hv)).card ^ (k + 1)).size ≤
    (k + 1) * (g.base.k + g.base.nodes.length).size
DisequalityDispersion.Encoded.GInstance.strict_witness_encoded : ∀ (g : DisequalityDispersion.Encoded.GInstance)
  (hv : g.Valid) (k : ℕ),
  2 ≤ k →
    DisequalityDispersion.Encoded.GInstance.Strict k g →
      have s := (DisequalityDispersion.tupleSupport (g.outputs hv) (g.tests hv)).card;
      2 ≤ s ^ (k + 1) ∧
        DisequalityDispersion.threshold k (s ^ (k + 1)) + 1 ≤ g.dispersion hv (s ^ (k + 1)) ∧
          (s ^ (k + 1)).size ≤ (k + 1) * (g.base.k + g.base.nodes.length).size
DisequalityDispersion.Encoded.GInstance.witness_size_uniform : ∀ (g : DisequalityDispersion.Encoded.GInstance)
  (hv : g.Valid) (k : ℕ),
  2 ≤ k →
    DisequalityDispersion.Encoded.GInstance.Strict k g →
      k + 1 ≤ DisequalityDispersion.cutSize (g.outputs hv) (g.tests hv) ∧
        DisequalityDispersion.cutSize (g.outputs hv) (g.tests hv) ≤
            (DisequalityDispersion.tupleSupport (g.outputs hv) (g.tests hv)).card ∧
          (DisequalityDispersion.tupleSupport (g.outputs hv) (g.tests hv)).card ≤ g.base.k + g.base.nodes.length ∧
            ((DisequalityDispersion.tupleSupport (g.outputs hv) (g.tests hv)).card ^ (k + 1)).size ≤
              (g.base.k + g.base.nodes.length) * (g.base.k + g.base.nodes.length).size
DisequalityDispersion.Flow.Network : Type → Type
@DisequalityDispersion.Flow.Network.Ok : {ν : Type} → DisequalityDispersion.Flow.Network ν → Prop
@DisequalityDispersion.Flow.Network.indeg : {ν : Type} → [DecidableEq ν] → Finset (ν × ν) → ν → ℕ
@DisequalityDispersion.Flow.Network.outdeg : {ν : Type} → [DecidableEq ν] → Finset (ν × ν) → ν → ℕ
@DisequalityDispersion.Flow.Network.IsFlow : {ν : Type} →
  [DecidableEq ν] → DisequalityDispersion.Flow.Network ν → Finset (ν × ν) → Prop
@DisequalityDispersion.Flow.Network.value : {ν : Type} →
  [DecidableEq ν] → DisequalityDispersion.Flow.Network ν → Finset (ν × ν) → ℕ
@DisequalityDispersion.Flow.Network.indeg_s_eq_zero : ∀ {ν : Type} [inst : DecidableEq ν]
  (N : DisequalityDispersion.Flow.Network ν),
  N.Ok → ∀ {U : Finset (ν × ν)}, N.IsFlow U → DisequalityDispersion.Flow.Network.indeg U N.s = 0
@DisequalityDispersion.Flow.Network.cap : {ν : Type} →
  [DecidableEq ν] → DisequalityDispersion.Flow.Network ν → Finset ν → ℕ
@DisequalityDispersion.Flow.Network.sum_outdeg : ∀ {ν : Type} [inst : DecidableEq ν] (U : Finset (ν × ν))
  (S : Finset ν), ∑ x ∈ S, DisequalityDispersion.Flow.Network.outdeg U x = {a ∈ U | a.1 ∈ S}.card
@DisequalityDispersion.Flow.Network.sum_indeg : ∀ {ν : Type} [inst : DecidableEq ν] (U : Finset (ν × ν)) (S : Finset ν),
  ∑ x ∈ S, DisequalityDispersion.Flow.Network.indeg U x = {a ∈ U | a.2 ∈ S}.card
@DisequalityDispersion.Flow.Network.sum_cut : ∀ {ν : Type} [inst : DecidableEq ν]
  (N : DisequalityDispersion.Flow.Network ν),
  N.Ok →
    ∀ {U : Finset (ν × ν)},
      N.IsFlow U →
        ∀ (S : Finset ν),
          N.s ∈ S →
            N.t ∉ S →
              ∑ x ∈ S, DisequalityDispersion.Flow.Network.outdeg U x =
                ∑ x ∈ S, DisequalityDispersion.Flow.Network.indeg U x + N.value U
@DisequalityDispersion.Flow.Network.cut_identity : ∀ {ν : Type} [inst : DecidableEq ν]
  (N : DisequalityDispersion.Flow.Network ν),
  N.Ok →
    ∀ {U : Finset (ν × ν)},
      N.IsFlow U →
        ∀ (S : Finset ν),
          N.s ∈ S → N.t ∉ S → N.value U + {a ∈ U | a.1 ∉ S ∧ a.2 ∈ S}.card = {a ∈ U | a.1 ∈ S ∧ a.2 ∉ S}.card
@DisequalityDispersion.Flow.Network.value_le_cap : ∀ {ν : Type} [inst : DecidableEq ν]
  (N : DisequalityDispersion.Flow.Network ν),
  N.Ok → ∀ {U : Finset (ν × ν)}, N.IsFlow U → ∀ (S : Finset ν), N.s ∈ S → N.t ∉ S → N.value U ≤ N.cap S
@DisequalityDispersion.Flow.Network.value_le_arcs : ∀ {ν : Type} [inst : DecidableEq ν]
  (N : DisequalityDispersion.Flow.Network ν) {U : Finset (ν × ν)}, N.IsFlow U → N.value U ≤ N.arcs.length
@DisequalityDispersion.Flow.Network.ResL : {ν : Type} →
  DisequalityDispersion.Flow.Network ν → List (ν × ν) → ν → ν → Prop
@DisequalityDispersion.Flow.Network.newFront : {ν : Type} →
  [DecidableEq ν] → DisequalityDispersion.Flow.Network ν → List (ν × ν) → List ν → List ν → List ν
@DisequalityDispersion.Flow.Network.mem_newFront : ∀ {ν : Type} [inst : DecidableEq ν]
  (N : DisequalityDispersion.Flow.Network ν) (U : List (ν × ν)) (seen front : List ν) (y : ν),
  y ∈ N.newFront U seen front ↔ y ∈ N.nodes ∧ y ∉ seen ∧ y ∉ front ∧ ∃ x ∈ front, N.ResL U x y
@DisequalityDispersion.Flow.Network.layersAux : {ν : Type} →
  [DecidableEq ν] → DisequalityDispersion.Flow.Network ν → List (ν × ν) → ℕ → List ν → List ν → List (List ν)
@DisequalityDispersion.Flow.Network.layers : {ν : Type} →
  [DecidableEq ν] → DisequalityDispersion.Flow.Network ν → List (ν × ν) → List (List ν)
@DisequalityDispersion.Flow.Network.seen : {ν : Type} →
  [DecidableEq ν] → DisequalityDispersion.Flow.Network ν → List (ν × ν) → List ν
@DisequalityDispersion.Flow.Network.layersAux_ne_nil : ∀ {ν : Type} [inst : DecidableEq ν]
  (N : DisequalityDispersion.Flow.Network ν) (U : List (ν × ν)) (k : ℕ) (seen front : List ν),
  N.layersAux U k seen front ≠ []
@DisequalityDispersion.Flow.Network.layersAux_head : ∀ {ν : Type} [inst : DecidableEq ν]
  (N : DisequalityDispersion.Flow.Network ν) (U : List (ν × ν)) (k : ℕ) (seen front : List ν),
  (N.layersAux U k seen front).head? = some front
@DisequalityDispersion.Flow.Network.layersAux_notMem_seen : ∀ {ν : Type} [inst : DecidableEq ν]
  (N : DisequalityDispersion.Flow.Network ν) (U : List (ν × ν)) (k : ℕ) (seen front : List ν),
  (∀ y ∈ front, y ∉ seen) → ∀ y ∈ (N.layersAux U k seen front).flatten, y ∉ seen
@DisequalityDispersion.Flow.Network.layersAux_flatten_nodup : ∀ {ν : Type} [inst : DecidableEq ν]
  (N : DisequalityDispersion.Flow.Network ν) (U : List (ν × ν)),
  N.nodes.Nodup →
    ∀ (k : ℕ) (seen front : List ν), front.Nodup → (∀ y ∈ front, y ∉ seen) → (N.layersAux U k seen front).flatten.Nodup
@DisequalityDispersion.Flow.Network.layersAux_flatten_subset : ∀ {ν : Type} [inst : DecidableEq ν]
  (N : DisequalityDispersion.Flow.Network ν) (U : List (ν × ν)) (k : ℕ) (seen front : List ν),
  (∀ y ∈ front, y ∈ N.nodes) → ∀ y ∈ (N.layersAux U k seen front).flatten, y ∈ N.nodes
@DisequalityDispersion.Flow.Network.layersAux_chain : ∀ {ν : Type} [inst : DecidableEq ν]
  (N : DisequalityDispersion.Flow.Network ν) (U : List (ν × ν)) (k : ℕ) (seen front : List ν),
  List.IsChain (fun L L' => ∀ y ∈ L', ∃ x ∈ L, N.ResL U x y) (N.layersAux U k seen front)
@DisequalityDispersion.Flow.Network.Closed : {ν : Type} →
  DisequalityDispersion.Flow.Network ν → List (ν × ν) → List ν → Prop
@DisequalityDispersion.Flow.Network.Inv : {ν : Type} →
  DisequalityDispersion.Flow.Network ν → List (ν × ν) → List ν → List ν → Prop
@DisequalityDispersion.Flow.Network.inv_step : ∀ {ν : Type} [inst : DecidableEq ν]
  (N : DisequalityDispersion.Flow.Network ν) (U : List (ν × ν)) (seen front : List ν),
  N.Inv U seen front → N.Inv U (seen ++ front) (N.newFront U seen front)
@DisequalityDispersion.Flow.Network.newFront_nil : ∀ {ν : Type} [inst : DecidableEq ν]
  (N : DisequalityDispersion.Flow.Network ν) (U : List (ν × ν)) (seen : List ν), N.newFront U seen [] = []
@DisequalityDispersion.Flow.Network.layersAux_nil_front : ∀ {ν : Type} [inst : DecidableEq ν]
  (N : DisequalityDispersion.Flow.Network ν) (U : List (ν × ν)) (k : ℕ) (seen : List ν),
  (N.layersAux U k seen []).flatten = []
@DisequalityDispersion.Flow.Network.layersAux_closed_or : ∀ {ν : Type} [inst : DecidableEq ν]
  (N : DisequalityDispersion.Flow.Network ν) (U : List (ν × ν)) (k : ℕ) (seen front : List ν),
  N.Inv U seen front →
    N.Closed U (seen ++ (N.layersAux U k seen front).flatten) ∨ k + 1 ≤ (N.layersAux U k seen front).flatten.length
@DisequalityDispersion.Flow.Network.seen_nodup : ∀ {ν : Type} [inst : DecidableEq ν]
  (N : DisequalityDispersion.Flow.Network ν) (U : List (ν × ν)), N.nodes.Nodup → (N.seen U).Nodup
@DisequalityDispersion.Flow.Network.seen_subset : ∀ {ν : Type} [inst : DecidableEq ν]
  (N : DisequalityDispersion.Flow.Network ν) (U : List (ν × ν)), N.s ∈ N.nodes → ∀ y ∈ N.seen U, y ∈ N.nodes
@DisequalityDispersion.Flow.Network.s_mem_seen : ∀ {ν : Type} [inst : DecidableEq ν]
  (N : DisequalityDispersion.Flow.Network ν) (U : List (ν × ν)), N.s ∈ N.seen U
@DisequalityDispersion.Flow.Network.seen_closed : ∀ {ν : Type} [inst : DecidableEq ν]
  (N : DisequalityDispersion.Flow.Network ν) (U : List (ν × ν)), N.nodes.Nodup → N.s ∈ N.nodes → N.Closed U (N.seen U)
@DisequalityDispersion.Flow.Network.descendR : {ν : Type} →
  [DecidableEq ν] → DisequalityDispersion.Flow.Network ν → List (ν × ν) → List (List ν) → ν → List ν
@DisequalityDispersion.Flow.Network.extractR : {ν : Type} →
  [DecidableEq ν] → DisequalityDispersion.Flow.Network ν → List (ν × ν) → List (List ν) → ν → List ν
@DisequalityDispersion.Flow.Network.augPath : {ν : Type} →
  [DecidableEq ν] → DisequalityDispersion.Flow.Network ν → List (ν × ν) → List ν
@DisequalityDispersion.Flow.Network.RChain : {ν : Type} →
  DisequalityDispersion.Flow.Network ν → List (ν × ν) → List (List ν) → Prop
@DisequalityDispersion.Flow.Network.descendR_spec : ∀ {ν : Type} [inst : DecidableEq ν]
  (N : DisequalityDispersion.Flow.Network ν) (U : List (ν × ν)) (rls : List (List ν)) (y : ν),
  N.RChain U rls →
    (∀ L ∈ rls.head?, ∃ x ∈ L, N.ResL U x y) →
      ∃ q,
        N.descendR U rls y = y :: q ∧
          q.length = rls.length ∧
            (∀ (i : ℕ) (hi : i < q.length) (hi' : i < rls.length), q[i] ∈ rls[i]) ∧
              List.IsChain (fun a b => N.ResL U b a) (y :: q)
@DisequalityDispersion.Flow.Network.RChain_tail : ∀ {ν : Type} (N : DisequalityDispersion.Flow.Network ν)
  (U : List (ν × ν)) (L : List ν) (rest : List (List ν)), N.RChain U (L :: rest) → N.RChain U rest
@DisequalityDispersion.Flow.Network.extractR_spec : ∀ {ν : Type} [inst : DecidableEq ν]
  (N : DisequalityDispersion.Flow.Network ν) (U : List (ν × ν)) (rls : List (List ν)) (y : ν),
  N.RChain U rls →
    y ∈ rls.flatten →
      ∃ j,
        ∃ (hj : j < rls.length),
          ∃ q,
            y ∈ rls[j] ∧
              N.extractR U rls y = y :: q ∧
                q.length + j + 1 = rls.length ∧
                  (∀ (i : ℕ) (hi : i < q.length) (hi' : i + j + 1 < rls.length), q[i] ∈ rls[i + j + 1]) ∧
                    List.IsChain (fun a b => N.ResL U b a) (y :: q)
@DisequalityDispersion.Flow.Network.nodup_of_layers : ∀ {ν : Type} (Ls : List (List ν)) (q : List ν),
  Ls.flatten.Nodup →
    q.length = Ls.length → (∀ (i : ℕ) (hi : i < q.length) (hi' : i < Ls.length), q[i] ∈ Ls[i]) → q.Nodup
@DisequalityDispersion.Flow.Network.nodup_of_layers_drop : ∀ {ν : Type} (Ls : List (List ν)) (q : List ν) (j : ℕ),
  Ls.flatten.Nodup →
    q.length + j = Ls.length → (∀ (i : ℕ) (hi : i < q.length) (hi' : i + j < Ls.length), q[i] ∈ Ls[i + j]) → q.Nodup
@DisequalityDispersion.Flow.Network.augPath_spec : ∀ {ν : Type} [inst : DecidableEq ν]
  (N : DisequalityDispersion.Flow.Network ν) (U : List (ν × ν)),
  N.nodes.Nodup →
    N.t ∈ N.seen U →
      (N.augPath U).Nodup ∧
        List.IsChain (N.ResL U) (N.augPath U) ∧ (N.augPath U).head? = some N.s ∧ (N.augPath U).getLast? = some N.t
@DisequalityDispersion.Flow.Network.steps : {ν : Type} → List ν → List (ν × ν)
@DisequalityDispersion.Flow.Network.steps_cons_cons : ∀ {ν : Type} (a b : ν) (rest : List ν),
  DisequalityDispersion.Flow.Network.steps (a :: b :: rest) =
    (a, b) :: DisequalityDispersion.Flow.Network.steps (b :: rest)
@DisequalityDispersion.Flow.Network.mem_steps : ∀ {ν : Type} {p : List ν} {e : ν × ν},
  e ∈ DisequalityDispersion.Flow.Network.steps p → e.1 ∈ p ∧ e.2 ∈ p
@DisequalityDispersion.Flow.Network.chain_steps : ∀ {ν : Type} {R : ν → ν → Prop} {p : List ν},
  List.IsChain R p → ∀ e ∈ DisequalityDispersion.Flow.Network.steps p, R e.1 e.2
@DisequalityDispersion.Flow.Network.steps_nodup : ∀ {ν : Type} {p : List ν},
  p.Nodup → (DisequalityDispersion.Flow.Network.steps p).Nodup
@DisequalityDispersion.Flow.Network.din : {ν : Type} → [DecidableEq ν] → List ν → ν → ℕ
@DisequalityDispersion.Flow.Network.dout : {ν : Type} → [DecidableEq ν] → List ν → ν → ℕ
@DisequalityDispersion.Flow.Network.din_dout : ∀ {ν : Type} [inst : DecidableEq ν] (p : List ν) (x : ν),
  (DisequalityDispersion.Flow.Network.din p x + if p.head? = some x then 1 else 0) =
    DisequalityDispersion.Flow.Network.dout p x + if p.getLast? = some x then 1 else 0
@DisequalityDispersion.Flow.Network.augment : {ν : Type} →
  [DecidableEq ν] → DisequalityDispersion.Flow.Network ν → List (ν × ν) → List ν → List (ν × ν)
@DisequalityDispersion.Flow.Network.forward_notMem : ∀ {ν : Type} (N : DisequalityDispersion.Flow.Network ν),
  N.Ok →
    ∀ {U : List (ν × ν)},
      (∀ a ∈ U, a ∈ N.arcs) →
        ∀ {p : List ν},
          List.IsChain (N.ResL U) p → ∀ {e : ν × ν}, e ∈ DisequalityDispersion.Flow.Network.steps p → e ∈ N.arcs → e ∉ U
@DisequalityDispersion.Flow.Network.augment_nodup : ∀ {ν : Type} [inst : DecidableEq ν]
  (N : DisequalityDispersion.Flow.Network ν),
  N.Ok →
    ∀ (U : List (ν × ν)) (p : List ν),
      U.Nodup → (∀ a ∈ U, a ∈ N.arcs) → p.Nodup → List.IsChain (N.ResL U) p → (N.augment U p).Nodup
@DisequalityDispersion.Flow.Network.augment_sub : ∀ {ν : Type} [inst : DecidableEq ν]
  (N : DisequalityDispersion.Flow.Network ν) (U : List (ν × ν)) (p : List ν),
  (∀ a ∈ U, a ∈ N.arcs) → ∀ a ∈ N.augment U p, a ∈ N.arcs
@DisequalityDispersion.Flow.Network.indeg_union : ∀ {ν : Type} [inst : DecidableEq ν] (G₁ G₂ : Finset (ν × ν)),
  Disjoint G₁ G₂ →
    ∀ (x : ν),
      DisequalityDispersion.Flow.Network.indeg (G₁ ∪ G₂) x =
        DisequalityDispersion.Flow.Network.indeg G₁ x + DisequalityDispersion.Flow.Network.indeg G₂ x
@DisequalityDispersion.Flow.Network.outdeg_union : ∀ {ν : Type} [inst : DecidableEq ν] (G₁ G₂ : Finset (ν × ν)),
  Disjoint G₁ G₂ →
    ∀ (x : ν),
      DisequalityDispersion.Flow.Network.outdeg (G₁ ∪ G₂) x =
        DisequalityDispersion.Flow.Network.outdeg G₁ x + DisequalityDispersion.Flow.Network.outdeg G₂ x
@DisequalityDispersion.Flow.Network.indeg_split : ∀ {ν : Type} [inst : DecidableEq ν] (G : Finset (ν × ν))
  (q : ν × ν → Prop) [inst_1 : DecidablePred q] (x : ν),
  DisequalityDispersion.Flow.Network.indeg (Finset.filter q G) x +
      DisequalityDispersion.Flow.Network.indeg ({a ∈ G | ¬q a}) x =
    DisequalityDispersion.Flow.Network.indeg G x
@DisequalityDispersion.Flow.Network.outdeg_split : ∀ {ν : Type} [inst : DecidableEq ν] (G : Finset (ν × ν))
  (q : ν × ν → Prop) [inst_1 : DecidablePred q] (x : ν),
  DisequalityDispersion.Flow.Network.outdeg (Finset.filter q G) x +
      DisequalityDispersion.Flow.Network.outdeg ({a ∈ G | ¬q a}) x =
    DisequalityDispersion.Flow.Network.outdeg G x
@DisequalityDispersion.Flow.Network.card_swap_filter : ∀ {ν : Type} [inst : DecidableEq ν] (G E' : Finset (ν × ν))
  (r : ν × ν → Prop) [inst_1 : DecidablePred r],
  {a ∈ G | r a ∧ (a.2, a.1) ∈ E'}.card = {e ∈ E' | r (e.2, e.1) ∧ (e.2, e.1) ∈ G}.card
@DisequalityDispersion.Flow.Network.card_filter_toFinset : ∀ {ν : Type} [inst : DecidableEq ν] {E : List (ν × ν)},
  E.Nodup → ∀ (q : ν × ν → Bool), {e ∈ E.toFinset | q e = true}.card = List.countP q E
@DisequalityDispersion.Flow.Network.augment_flow : ∀ {ν : Type} [inst : DecidableEq ν]
  (N : DisequalityDispersion.Flow.Network ν),
  N.Ok →
    ∀ (U : List (ν × ν)) (p : List ν),
      N.IsFlow U.toFinset →
        p.Nodup →
          List.IsChain (N.ResL U) p →
            p.head? = some N.s →
              p.getLast? = some N.t →
                N.IsFlow (N.augment U p).toFinset ∧ N.value U.toFinset + 1 ≤ N.value (N.augment U p).toFinset
@DisequalityDispersion.Flow.Network.value_eq_cap_of_closed : ∀ {ν : Type} [inst : DecidableEq ν]
  (N : DisequalityDispersion.Flow.Network ν),
  N.Ok →
    ∀ (U : List (ν × ν)),
      N.IsFlow U.toFinset →
        ∀ (S : Finset ν),
          (∀ x ∈ S, ∀ y ∈ N.nodes, N.ResL U x y → y ∈ S) → N.s ∈ S → N.t ∉ S → N.value U.toFinset = N.cap S
@DisequalityDispersion.Flow.Network.Good : {ν : Type} →
  [DecidableEq ν] → DisequalityDispersion.Flow.Network ν → List (ν × ν) → Prop
@DisequalityDispersion.Flow.Network.ffAux : {ν : Type} →
  [DecidableEq ν] → DisequalityDispersion.Flow.Network ν → ℕ → List (ν × ν) → List (ν × ν)
@DisequalityDispersion.Flow.Network.maxflow : {ν : Type} →
  [DecidableEq ν] → DisequalityDispersion.Flow.Network ν → List (ν × ν)
@DisequalityDispersion.Flow.Network.ffAux_spec : ∀ {ν : Type} [inst : DecidableEq ν]
  (N : DisequalityDispersion.Flow.Network ν),
  N.Ok →
    ∀ (f : ℕ) (U : List (ν × ν)),
      N.Good U → N.arcs.length < N.value U.toFinset + f → N.Good (N.ffAux f U) ∧ N.t ∉ N.seen (N.ffAux f U)
@DisequalityDispersion.Flow.Network.good_nil : ∀ {ν : Type} [inst : DecidableEq ν]
  (N : DisequalityDispersion.Flow.Network ν), N.Good []
@DisequalityDispersion.Flow.Network.maxflow_spec : ∀ {ν : Type} [inst : DecidableEq ν]
  (N : DisequalityDispersion.Flow.Network ν),
  N.Ok →
    N.Good N.maxflow ∧
      N.t ∉ N.seen N.maxflow ∧
        N.s ∈ (N.seen N.maxflow).toFinset ∧
          N.t ∉ (N.seen N.maxflow).toFinset ∧ N.value N.maxflow.toFinset = N.cap (N.seen N.maxflow).toFinset
@DisequalityDispersion.Flow.Network.maxflow_minCut : ∀ {ν : Type} [inst : DecidableEq ν]
  (N : DisequalityDispersion.Flow.Network ν),
  N.Ok →
    (∀ (S : Finset ν), N.s ∈ S → N.t ∉ S → N.value N.maxflow.toFinset ≤ N.cap S) ∧
      ∃ S, N.s ∈ S ∧ N.t ∉ S ∧ N.value N.maxflow.toFinset = N.cap S
@DisequalityDispersion.Flow.Network.minCutSet : {ν : Type} →
  [DecidableEq ν] → DisequalityDispersion.Flow.Network ν → List ν
@DisequalityDispersion.Flow.Network.minCutSet_spec : ∀ {ν : Type} [inst : DecidableEq ν]
  (N : DisequalityDispersion.Flow.Network ν),
  N.Ok →
    N.s ∈ N.minCutSet ∧
      N.t ∉ N.minCutSet ∧
        (∀ x ∈ N.minCutSet, ∀ y ∈ N.nodes, N.ResL N.maxflow x y → y ∈ N.minCutSet) ∧
          N.value N.maxflow.toFinset = N.cap N.minCutSet.toFinset
@DisequalityDispersion.Flow.Network.pc : {ν : Type} → (ν → ℕ) → ν × ν → ℕ
@DisequalityDispersion.Flow.Network.memC : {ν : Type} → (ν → ℕ) → List (ν × ν) → ν × ν → ℕ
@DisequalityDispersion.Flow.Network.memNC : {ν : Type} → (ν → ℕ) → List ν → ν → ℕ
@DisequalityDispersion.Flow.Network.resC : {ν : Type} →
  DisequalityDispersion.Flow.Network ν → (ν → ℕ) → List (ν × ν) → ν → ν → ℕ
@DisequalityDispersion.Flow.Network.newFrontC : {ν : Type} →
  DisequalityDispersion.Flow.Network ν → (ν → ℕ) → List (ν × ν) → List ν → List ν → ℕ
@DisequalityDispersion.Flow.Network.layersAuxC : {ν : Type} →
  [DecidableEq ν] → DisequalityDispersion.Flow.Network ν → (ν → ℕ) → List (ν × ν) → ℕ → List ν → List ν → ℕ
@DisequalityDispersion.Flow.Network.layersC : {ν : Type} →
  [DecidableEq ν] → DisequalityDispersion.Flow.Network ν → (ν → ℕ) → List (ν × ν) → ℕ
@DisequalityDispersion.Flow.Network.seenC : {ν : Type} →
  [DecidableEq ν] → DisequalityDispersion.Flow.Network ν → (ν → ℕ) → List (ν × ν) → ℕ
@DisequalityDispersion.Flow.Network.descendRC : {ν : Type} →
  [DecidableEq ν] → DisequalityDispersion.Flow.Network ν → (ν → ℕ) → List (ν × ν) → List (List ν) → ν → ℕ
@DisequalityDispersion.Flow.Network.extractRC : {ν : Type} →
  [DecidableEq ν] → DisequalityDispersion.Flow.Network ν → (ν → ℕ) → List (ν × ν) → List (List ν) → ν → ℕ
@DisequalityDispersion.Flow.Network.augPathC : {ν : Type} →
  [DecidableEq ν] → DisequalityDispersion.Flow.Network ν → (ν → ℕ) → List (ν × ν) → ℕ
@DisequalityDispersion.Flow.Network.augmentC : {ν : Type} →
  DisequalityDispersion.Flow.Network ν → (ν → ℕ) → List (ν × ν) → List ν → ℕ
@DisequalityDispersion.Flow.Network.ffAuxC : {ν : Type} →
  [DecidableEq ν] → DisequalityDispersion.Flow.Network ν → (ν → ℕ) → ℕ → List (ν × ν) → ℕ
@DisequalityDispersion.Flow.Network.maxflowC : {ν : Type} →
  [DecidableEq ν] → DisequalityDispersion.Flow.Network ν → (ν → ℕ) → ℕ
@DisequalityDispersion.Flow.Network.length_le_of_nodup_subset : ∀ {ν : Type} (N : DisequalityDispersion.Flow.Network ν)
  (l : List ν), l.Nodup → (∀ x ∈ l, x ∈ N.nodes) → l.length ≤ N.nodes.length
@DisequalityDispersion.Flow.Network.good_length_le : ∀ {ν : Type} [inst : DecidableEq ν]
  (N : DisequalityDispersion.Flow.Network ν) (U : List (ν × ν)), N.Good U → U.length ≤ N.arcs.length
@DisequalityDispersion.Flow.Network.layersAux_length : ∀ {ν : Type} [inst : DecidableEq ν]
  (N : DisequalityDispersion.Flow.Network ν) (U : List (ν × ν)) (k : ℕ) (seen front : List ν),
  (N.layersAux U k seen front).length = k + 1
@DisequalityDispersion.Flow.Network.layers_length : ∀ {ν : Type} [inst : DecidableEq ν]
  (N : DisequalityDispersion.Flow.Network ν) (U : List (ν × ν)), (N.layers U).length = N.nodes.length + 1
@DisequalityDispersion.Flow.Network.seen_length_le : ∀ {ν : Type} [inst : DecidableEq ν]
  (N : DisequalityDispersion.Flow.Network ν) (U : List (ν × ν)), N.Ok → (N.seen U).length ≤ N.nodes.length
@DisequalityDispersion.Flow.Network.mem_descendR : ∀ {ν : Type} [inst : DecidableEq ν]
  (N : DisequalityDispersion.Flow.Network ν) (U : List (ν × ν)) (rls : List (List ν)) (y z : ν),
  z ∈ N.descendR U rls y → z = y ∨ z ∈ rls.flatten
@DisequalityDispersion.Flow.Network.mem_extractR : ∀ {ν : Type} [inst : DecidableEq ν]
  (N : DisequalityDispersion.Flow.Network ν) (U : List (ν × ν)) (rls : List (List ν)) (y z : ν),
  z ∈ N.extractR U rls y → z ∈ rls.flatten
@DisequalityDispersion.Flow.Network.augPath_subset : ∀ {ν : Type} [inst : DecidableEq ν]
  (N : DisequalityDispersion.Flow.Network ν) (U : List (ν × ν)), N.Ok → ∀ x ∈ N.augPath U, x ∈ N.nodes
@DisequalityDispersion.Flow.Network.augPath_length_le : ∀ {ν : Type} [inst : DecidableEq ν]
  (N : DisequalityDispersion.Flow.Network ν) (U : List (ν × ν)),
  N.Ok → N.t ∈ N.seen U → (N.augPath U).length ≤ N.nodes.length
@DisequalityDispersion.Flow.Network.steps_length : ∀ {ν : Type} (p : List ν),
  (DisequalityDispersion.Flow.Network.steps p).length ≤ p.length
DisequalityDispersion.Flow.Network.resB : ℕ → ℕ → ℕ
DisequalityDispersion.Flow.Network.frontB : ℕ → ℕ → ℕ → ℕ
DisequalityDispersion.Flow.Network.layerRoundB : ℕ → ℕ → ℕ → ℕ
DisequalityDispersion.Flow.Network.layersB : ℕ → ℕ → ℕ → ℕ
DisequalityDispersion.Flow.Network.seenB : ℕ → ℕ → ℕ → ℕ
DisequalityDispersion.Flow.Network.augPathB : ℕ → ℕ → ℕ → ℕ
DisequalityDispersion.Flow.Network.augmentB : ℕ → ℕ → ℕ → ℕ
DisequalityDispersion.Flow.Network.roundB : ℕ → ℕ → ℕ → ℕ
DisequalityDispersion.Flow.Network.flowBound : ℕ → ℕ → ℕ → ℕ
@DisequalityDispersion.Flow.Network.pc_le : ∀ {ν : Type} (N : DisequalityDispersion.Flow.Network ν) (c : ν → ℕ) (L : ℕ),
  (∀ x ∈ N.nodes, c x ≤ L) →
    ∀ (e : ν × ν), e.1 ∈ N.nodes → e.2 ∈ N.nodes → DisequalityDispersion.Flow.Network.pc c e ≤ 2 * L
@DisequalityDispersion.Flow.Network.memC_le : ∀ {ν : Type} (N : DisequalityDispersion.Flow.Network ν) (c : ν → ℕ)
  (L : ℕ),
  (∀ x ∈ N.nodes, c x ≤ L) →
    ∀ (l : List (ν × ν)) (e : ν × ν),
      (∀ e' ∈ l, e'.1 ∈ N.nodes ∧ e'.2 ∈ N.nodes) →
        e.1 ∈ N.nodes → e.2 ∈ N.nodes → DisequalityDispersion.Flow.Network.memC c l e ≤ l.length * (1 + 4 * L)
@DisequalityDispersion.Flow.Network.memNC_le : ∀ {ν : Type} (N : DisequalityDispersion.Flow.Network ν) (c : ν → ℕ)
  (L : ℕ),
  (∀ x ∈ N.nodes, c x ≤ L) →
    ∀ (l : List ν) (x : ν),
      (∀ y ∈ l, y ∈ N.nodes) → x ∈ N.nodes → DisequalityDispersion.Flow.Network.memNC c l x ≤ l.length * (1 + 2 * L)
@DisequalityDispersion.Flow.Network.resC_le : ∀ {ν : Type} (N : DisequalityDispersion.Flow.Network ν) (c : ν → ℕ),
  N.Ok →
    ∀ (L : ℕ),
      (∀ x ∈ N.nodes, c x ≤ L) →
        ∀ (U : List (ν × ν)),
          (∀ a ∈ U, a ∈ N.arcs) →
            U.length ≤ N.arcs.length →
              ∀ (a b : ν),
                a ∈ N.nodes → b ∈ N.nodes → N.resC c U a b ≤ DisequalityDispersion.Flow.Network.resB N.arcs.length L
@DisequalityDispersion.Flow.Network.newFrontC_le : ∀ {ν : Type} (N : DisequalityDispersion.Flow.Network ν) (c : ν → ℕ),
  N.Ok →
    ∀ (L : ℕ),
      (∀ x ∈ N.nodes, c x ≤ L) →
        ∀ (U : List (ν × ν)),
          (∀ a ∈ U, a ∈ N.arcs) →
            U.length ≤ N.arcs.length →
              ∀ (seen front : List ν),
                (∀ y ∈ seen, y ∈ N.nodes) →
                  (∀ y ∈ front, y ∈ N.nodes) →
                    seen.length ≤ N.nodes.length →
                      front.length ≤ N.nodes.length →
                        N.newFrontC c U seen front ≤
                          DisequalityDispersion.Flow.Network.frontB N.nodes.length N.arcs.length L
@DisequalityDispersion.Flow.Network.layersAuxC_le : ∀ {ν : Type} [inst : DecidableEq ν]
  (N : DisequalityDispersion.Flow.Network ν) (c : ν → ℕ),
  N.Ok →
    ∀ (L : ℕ),
      (∀ x ∈ N.nodes, c x ≤ L) →
        ∀ (U : List (ν × ν)),
          (∀ a ∈ U, a ∈ N.arcs) →
            U.length ≤ N.arcs.length →
              ∀ (k : ℕ) (seen front : List ν),
                seen.Nodup →
                  front.Nodup →
                    (∀ y ∈ front, y ∉ seen) →
                      (∀ y ∈ seen, y ∈ N.nodes) →
                        (∀ y ∈ front, y ∈ N.nodes) →
                          k ≤ N.nodes.length →
                            N.layersAuxC c U k seen front ≤
                              (k + 1) * DisequalityDispersion.Flow.Network.layerRoundB N.nodes.length N.arcs.length L
@DisequalityDispersion.Flow.Network.layersC_le : ∀ {ν : Type} [inst : DecidableEq ν]
  (N : DisequalityDispersion.Flow.Network ν) (c : ν → ℕ),
  N.Ok →
    ∀ (L : ℕ),
      (∀ x ∈ N.nodes, c x ≤ L) →
        ∀ (U : List (ν × ν)),
          (∀ a ∈ U, a ∈ N.arcs) →
            U.length ≤ N.arcs.length →
              N.layersC c U ≤ DisequalityDispersion.Flow.Network.layersB N.nodes.length N.arcs.length L
@DisequalityDispersion.Flow.Network.seenC_le : ∀ {ν : Type} [inst : DecidableEq ν]
  (N : DisequalityDispersion.Flow.Network ν) (c : ν → ℕ),
  N.Ok →
    ∀ (L : ℕ),
      (∀ x ∈ N.nodes, c x ≤ L) →
        ∀ (U : List (ν × ν)),
          (∀ a ∈ U, a ∈ N.arcs) →
            U.length ≤ N.arcs.length →
              N.seenC c U ≤ DisequalityDispersion.Flow.Network.seenB N.nodes.length N.arcs.length L
@DisequalityDispersion.Flow.Network.descendRC_le : ∀ {ν : Type} [inst : DecidableEq ν]
  (N : DisequalityDispersion.Flow.Network ν) (c : ν → ℕ),
  N.Ok →
    ∀ (L : ℕ),
      (∀ x ∈ N.nodes, c x ≤ L) →
        ∀ (U : List (ν × ν)),
          (∀ a ∈ U, a ∈ N.arcs) →
            U.length ≤ N.arcs.length →
              ∀ (rls : List (List ν)) (y : ν),
                (∀ Ly ∈ rls, ∀ x ∈ Ly, x ∈ N.nodes) →
                  y ∈ N.nodes →
                    N.descendRC c U rls y ≤
                      rls.length + 1 +
                        rls.flatten.length * (1 + DisequalityDispersion.Flow.Network.resB N.arcs.length L)
@DisequalityDispersion.Flow.Network.extractRC_le : ∀ {ν : Type} [inst : DecidableEq ν]
  (N : DisequalityDispersion.Flow.Network ν) (c : ν → ℕ),
  N.Ok →
    ∀ (L : ℕ),
      (∀ x ∈ N.nodes, c x ≤ L) →
        ∀ (U : List (ν × ν)),
          (∀ a ∈ U, a ∈ N.arcs) →
            U.length ≤ N.arcs.length →
              ∀ (rls : List (List ν)) (y : ν),
                (∀ Ly ∈ rls, ∀ x ∈ Ly, x ∈ N.nodes) →
                  y ∈ N.nodes →
                    N.extractRC c U rls y ≤
                      2 * rls.length + 1 +
                        rls.flatten.length * (2 + 2 * L + DisequalityDispersion.Flow.Network.resB N.arcs.length L)
@DisequalityDispersion.Flow.Network.augPathC_le : ∀ {ν : Type} [inst : DecidableEq ν]
  (N : DisequalityDispersion.Flow.Network ν) (c : ν → ℕ),
  N.Ok →
    ∀ (L : ℕ),
      (∀ x ∈ N.nodes, c x ≤ L) →
        ∀ (U : List (ν × ν)),
          (∀ a ∈ U, a ∈ N.arcs) →
            U.length ≤ N.arcs.length →
              N.t ∈ N.seen U →
                N.augPathC c U ≤ DisequalityDispersion.Flow.Network.augPathB N.nodes.length N.arcs.length L
@DisequalityDispersion.Flow.Network.augmentC_le : ∀ {ν : Type} (N : DisequalityDispersion.Flow.Network ν) (c : ν → ℕ),
  N.Ok →
    ∀ (L : ℕ),
      (∀ x ∈ N.nodes, c x ≤ L) →
        ∀ (U : List (ν × ν)),
          (∀ a ∈ U, a ∈ N.arcs) →
            U.length ≤ N.arcs.length →
              ∀ (p : List ν),
                (∀ x ∈ p, x ∈ N.nodes) →
                  p.length ≤ N.nodes.length →
                    N.augmentC c U p ≤ DisequalityDispersion.Flow.Network.augmentB N.nodes.length N.arcs.length L
@DisequalityDispersion.Flow.Network.good_augment : ∀ {ν : Type} [inst : DecidableEq ν]
  (N : DisequalityDispersion.Flow.Network ν),
  N.Ok → ∀ (U : List (ν × ν)), N.Good U → N.t ∈ N.seen U → N.Good (N.augment U (N.augPath U))
@DisequalityDispersion.Flow.Network.ffAuxC_le : ∀ {ν : Type} [inst : DecidableEq ν]
  (N : DisequalityDispersion.Flow.Network ν) (c : ν → ℕ),
  N.Ok →
    ∀ (L : ℕ),
      (∀ x ∈ N.nodes, c x ≤ L) →
        ∀ (f : ℕ) (U : List (ν × ν)),
          N.Good U →
            f ≤ N.arcs.length + 1 →
              N.ffAuxC c f U ≤ 1 + f * DisequalityDispersion.Flow.Network.roundB N.nodes.length N.arcs.length L
@DisequalityDispersion.Flow.Network.maxflowC_le : ∀ {ν : Type} [inst : DecidableEq ν]
  (N : DisequalityDispersion.Flow.Network ν) (c : ν → ℕ),
  N.Ok →
    ∀ (L : ℕ),
      (∀ x ∈ N.nodes, c x ≤ L) →
        N.maxflowC c ≤ DisequalityDispersion.Flow.Network.flowBound N.nodes.length N.arcs.length L
DisequalityDispersion.Encoded.GInstance.argsOf : DisequalityDispersion.Encoded.GInstance → ℕ → List ℕ
DisequalityDispersion.Encoded.GInstance.isSrcNode : DisequalityDispersion.Encoded.GInstance → ℕ → Bool
DisequalityDispersion.Encoded.GInstance.netS : DisequalityDispersion.Encoded.GInstance → ℕ
DisequalityDispersion.Encoded.GInstance.netT : DisequalityDispersion.Encoded.GInstance → ℕ
DisequalityDispersion.Encoded.GInstance.repsL : DisequalityDispersion.Encoded.GInstance → List ℕ → List ℕ
DisequalityDispersion.Encoded.GInstance.netNodesL : DisequalityDispersion.Encoded.GInstance → List ℕ → List ℕ
DisequalityDispersion.Encoded.GInstance.nodeArcsL : DisequalityDispersion.Encoded.GInstance → List ℕ → List (ℕ × ℕ)
DisequalityDispersion.Encoded.GInstance.edgeArcsL : DisequalityDispersion.Encoded.GInstance → List ℕ → List (ℕ × ℕ)
DisequalityDispersion.Encoded.GInstance.srcArcsL : DisequalityDispersion.Encoded.GInstance → List ℕ → List (ℕ × ℕ)
DisequalityDispersion.Encoded.GInstance.snkArcsL : DisequalityDispersion.Encoded.GInstance → List ℕ → List (ℕ × ℕ)
DisequalityDispersion.Encoded.GInstance.networkL : DisequalityDispersion.Encoded.GInstance →
  List ℕ → DisequalityDispersion.Flow.Network ℕ
DisequalityDispersion.Encoded.GInstance.rhoFlowL : DisequalityDispersion.Encoded.GInstance → List ℕ → ℕ
DisequalityDispersion.Encoded.GInstance.strictDecideP : DisequalityDispersion.Encoded.GInstance → ℕ → Bool
DisequalityDispersion.Encoded.GInstance.repOf : DisequalityDispersion.Encoded.GInstance → ℕ → ℕ
DisequalityDispersion.Encoded.GInstance.reps : DisequalityDispersion.Encoded.GInstance → List ℕ
DisequalityDispersion.Encoded.GInstance.netNodes : DisequalityDispersion.Encoded.GInstance → List ℕ
DisequalityDispersion.Encoded.GInstance.nodeArcs : DisequalityDispersion.Encoded.GInstance → List (ℕ × ℕ)
DisequalityDispersion.Encoded.GInstance.edgeArcs : DisequalityDispersion.Encoded.GInstance → List (ℕ × ℕ)
DisequalityDispersion.Encoded.GInstance.srcArcs : DisequalityDispersion.Encoded.GInstance → List (ℕ × ℕ)
DisequalityDispersion.Encoded.GInstance.snkArcs : DisequalityDispersion.Encoded.GInstance → List (ℕ × ℕ)
DisequalityDispersion.Encoded.GInstance.network : DisequalityDispersion.Encoded.GInstance →
  DisequalityDispersion.Flow.Network ℕ
DisequalityDispersion.Encoded.GInstance.rhoFlow : DisequalityDispersion.Encoded.GInstance → ℕ
DisequalityDispersion.Encoded.GInstance.strictDecideP_def : ∀ (g : DisequalityDispersion.Encoded.GInstance) (k : ℕ),
  g.strictDecideP k =
    (decide (2 ≤ k) && g.isValid && g.base.testsDistinct g.base.canonIds && decide (k + 1 ≤ g.rhoFlow))
DisequalityDispersion.Encoded.GInstance.network_arcs : ∀ (g : DisequalityDispersion.Encoded.GInstance),
  g.network.arcs = g.nodeArcs ++ g.edgeArcs ++ g.srcArcs ++ g.snkArcs
DisequalityDispersion.Encoded.GInstance.network_nodes : ∀ (g : DisequalityDispersion.Encoded.GInstance),
  g.network.nodes = g.netNodes
DisequalityDispersion.Encoded.GInstance.repOf_eq : ∀ (g : DisequalityDispersion.Encoded.GInstance) (hv : g.Valid),
  ∀ j < g.base.nodes.length, g.repOf j = g.base.rep ⋯ j
DisequalityDispersion.Encoded.GInstance.repOf_lt : ∀ (g : DisequalityDispersion.Encoded.GInstance),
  g.Valid → ∀ j < g.base.nodes.length, g.repOf j < g.base.nodes.length
DisequalityDispersion.Encoded.GInstance.repOf_le : ∀ (g : DisequalityDispersion.Encoded.GInstance),
  g.Valid → ∀ j < g.base.nodes.length, g.repOf j ≤ j
DisequalityDispersion.Encoded.GInstance.repOf_repOf : ∀ (g : DisequalityDispersion.Encoded.GInstance),
  g.Valid → ∀ j < g.base.nodes.length, g.repOf (g.repOf j) = g.repOf j
DisequalityDispersion.Encoded.GInstance.termD_repOf : ∀ (g : DisequalityDispersion.Encoded.GInstance) (hv : g.Valid),
  ∀ j < g.base.nodes.length, g.base.termD ⋯ (g.repOf j) = g.base.termD ⋯ j
DisequalityDispersion.Encoded.GInstance.repOf_eq_iff : ∀ (g : DisequalityDispersion.Encoded.GInstance) (hv : g.Valid)
  (i j : ℕ),
  i < g.base.nodes.length → j < g.base.nodes.length → (g.repOf i = g.repOf j ↔ g.base.termD ⋯ i = g.base.termD ⋯ j)
DisequalityDispersion.Encoded.GInstance.mem_reps : ∀ (g : DisequalityDispersion.Encoded.GInstance) (r : ℕ),
  r ∈ g.reps ↔ r < g.base.nodes.length ∧ g.repOf r = r
DisequalityDispersion.Encoded.GInstance.repOf_mem_reps : ∀ (g : DisequalityDispersion.Encoded.GInstance),
  g.Valid → ∀ j < g.base.nodes.length, g.repOf j ∈ g.reps
DisequalityDispersion.Encoded.GInstance.reps_nodup : ∀ (g : DisequalityDispersion.Encoded.GInstance), g.reps.Nodup
DisequalityDispersion.Encoded.GInstance.reps_lt : ∀ (g : DisequalityDispersion.Encoded.GInstance),
  ∀ r ∈ g.reps, r < g.base.nodes.length
DisequalityDispersion.Encoded.GInstance.mem_nodeArcs : ∀ (g : DisequalityDispersion.Encoded.GInstance) (e : ℕ × ℕ),
  e ∈ g.nodeArcs ↔ ∃ r ∈ g.reps, e = (2 * r, 2 * r + 1)
DisequalityDispersion.Encoded.GInstance.mem_edgeArcs : ∀ (g : DisequalityDispersion.Encoded.GInstance) (e : ℕ × ℕ),
  e ∈ g.edgeArcs ↔ ∃ j < g.base.nodes.length, ∃ a ∈ g.argsOf j, e = (2 * g.repOf a + 1, 2 * g.repOf j)
DisequalityDispersion.Encoded.GInstance.mem_srcArcs : ∀ (g : DisequalityDispersion.Encoded.GInstance) (e : ℕ × ℕ),
  e ∈ g.srcArcs ↔ ∃ j < g.base.nodes.length, g.isSrcNode j = true ∧ e = (g.netS, 2 * g.repOf j)
DisequalityDispersion.Encoded.GInstance.mem_snkArcs : ∀ (g : DisequalityDispersion.Encoded.GInstance) (e : ℕ × ℕ),
  e ∈ g.snkArcs ↔ ∃ j ∈ g.outNodes, e = (2 * g.repOf j + 1, g.netT)
DisequalityDispersion.Encoded.GInstance.mem_arcs_iff : ∀ (g : DisequalityDispersion.Encoded.GInstance) (e : ℕ × ℕ),
  e ∈ g.network.arcs ↔
    (∃ r ∈ g.reps, e = (2 * r, 2 * r + 1)) ∨
      (∃ j < g.base.nodes.length, ∃ a ∈ g.argsOf j, e = (2 * g.repOf a + 1, 2 * g.repOf j)) ∨
        (∃ j < g.base.nodes.length, g.isSrcNode j = true ∧ e = (g.netS, 2 * g.repOf j)) ∨
          ∃ j ∈ g.outNodes, e = (2 * g.repOf j + 1, g.netT)
DisequalityDispersion.Encoded.GInstance.mem_netNodes : ∀ (g : DisequalityDispersion.Encoded.GInstance) (v : ℕ),
  v ∈ g.network.nodes ↔ (∃ r ∈ g.reps, v = 2 * r) ∨ (∃ r ∈ g.reps, v = 2 * r + 1) ∨ v = g.netS ∨ v = g.netT
DisequalityDispersion.Encoded.GInstance.argsOf_lt : ∀ (g : DisequalityDispersion.Encoded.GInstance),
  g.Valid → ∀ j < g.base.nodes.length, ∀ a ∈ g.argsOf j, a < j
DisequalityDispersion.Encoded.GInstance.argsOf_isArg : ∀ (g : DisequalityDispersion.Encoded.GInstance) (hv : g.Valid),
  ∀ j < g.base.nodes.length, ∀ a ∈ g.argsOf j, DisequalityDispersion.IsArg (g.base.termD ⋯ a) (g.base.termD ⋯ j)
DisequalityDispersion.Encoded.GInstance.repOf_arg_ne : ∀ (g : DisequalityDispersion.Encoded.GInstance),
  g.Valid → ∀ j < g.base.nodes.length, ∀ a ∈ g.argsOf j, g.repOf a ≠ g.repOf j
DisequalityDispersion.Encoded.GInstance.isSrcNode_iff : ∀ (g : DisequalityDispersion.Encoded.GInstance) (hv : g.Valid),
  ∀ j < g.base.nodes.length, g.isSrcNode j = true ↔ ∃ v, g.base.termD ⋯ j = DisequalityDispersion.Term.var v
DisequalityDispersion.Encoded.GInstance.argsOf_app : ∀ (g : DisequalityDispersion.Encoded.GInstance) (hv : g.Valid),
  ∀ j < g.base.nodes.length,
    g.isSrcNode j = false →
      ∃ f,
        ∃ (_ : (g.argsOf j).length = g.base.arity f),
          g.base.termD ⋯ j = DisequalityDispersion.Term.app f fun i => g.base.termD ⋯ ((g.argsOf j).getD (↑i) 0)
DisequalityDispersion.Encoded.GInstance.network_ok : ∀ (g : DisequalityDispersion.Encoded.GInstance),
  g.Valid → g.network.Ok
DisequalityDispersion.Encoded.GInstance.Pre : (g : DisequalityDispersion.Encoded.GInstance) →
  Finset g.base.Tm → g.base.Tm → Prop
DisequalityDispersion.Encoded.GInstance.mem_of_pre_not_avoids : ∀ (g : DisequalityDispersion.Encoded.GInstance)
  (K : Finset g.base.Tm) (t : g.base.Tm), g.Pre K t → ¬DisequalityDispersion.Avoids K t → t ∈ K
DisequalityDispersion.Encoded.GInstance.cutSet : (g : DisequalityDispersion.Encoded.GInstance) →
  g.Valid → Finset g.base.Tm → Finset ℕ
DisequalityDispersion.Encoded.GInstance.mem_cutSet : ∀ (g : DisequalityDispersion.Encoded.GInstance) (hv : g.Valid)
  (K : Finset g.base.Tm) (v : ℕ),
  v ∈ g.cutSet hv K ↔
    v ∈ g.network.nodes ∧
      (v = g.netS ∨
        v / 2 < g.base.nodes.length ∧
          (v % 2 = 0 ∧ g.Pre K (g.base.termD ⋯ (v / 2)) ∨
            v % 2 = 1 ∧ DisequalityDispersion.Avoids K (g.base.termD ⋯ (v / 2))))
DisequalityDispersion.Encoded.GInstance.s_mem_cutSet : ∀ (g : DisequalityDispersion.Encoded.GInstance) (hv : g.Valid)
  (K : Finset g.base.Tm), g.netS ∈ g.cutSet hv K
DisequalityDispersion.Encoded.GInstance.t_notMem_cutSet : ∀ (g : DisequalityDispersion.Encoded.GInstance) (hv : g.Valid)
  (K : Finset g.base.Tm), g.netT ∉ g.cutSet hv K
DisequalityDispersion.Encoded.GInstance.entry_mem_cutSet : ∀ (g : DisequalityDispersion.Encoded.GInstance)
  (hv : g.Valid) (K : Finset g.base.Tm),
  ∀ j < g.base.nodes.length, g.Pre K (g.base.termD ⋯ j) → 2 * g.repOf j ∈ g.cutSet hv K
DisequalityDispersion.Encoded.GInstance.exit_mem_cutSet_iff : ∀ (g : DisequalityDispersion.Encoded.GInstance)
  (hv : g.Valid) (K : Finset g.base.Tm),
  ∀ j < g.base.nodes.length, 2 * g.repOf j + 1 ∈ g.cutSet hv K ↔ DisequalityDispersion.Avoids K (g.base.termD ⋯ j)
DisequalityDispersion.Encoded.GInstance.entry_mem_cutSet_iff : ∀ (g : DisequalityDispersion.Encoded.GInstance)
  (hv : g.Valid) (K : Finset g.base.Tm),
  ∀ j < g.base.nodes.length, 2 * g.repOf j ∈ g.cutSet hv K ↔ g.Pre K (g.base.termD ⋯ j)
DisequalityDispersion.Encoded.GInstance.pre_of_arg : ∀ (g : DisequalityDispersion.Encoded.GInstance) (hv : g.Valid)
  (K : Finset g.base.Tm),
  ∀ j < g.base.nodes.length,
    ∀ a ∈ g.argsOf j, DisequalityDispersion.Avoids K (g.base.termD ⋯ a) → g.Pre K (g.base.termD ⋯ j)
DisequalityDispersion.Encoded.GInstance.pre_of_src : ∀ (g : DisequalityDispersion.Encoded.GInstance) (hv : g.Valid)
  (K : Finset g.base.Tm), ∀ j < g.base.nodes.length, g.isSrcNode j = true → g.Pre K (g.base.termD ⋯ j)
DisequalityDispersion.Encoded.GInstance.crossing_cutSet : ∀ (g : DisequalityDispersion.Encoded.GInstance) (hv : g.Valid)
  (b : List ℕ),
  g.isCutB g.base.canonIds b = true →
    ∀ e ∈ g.network.arcs,
      e.1 ∈ g.cutSet hv (g.termCut hv b) →
        e.2 ∉ g.cutSet hv (g.termCut hv b) → ∃ r ∈ g.cutReps g.base.canonIds b, e = (2 * r, 2 * r + 1)
DisequalityDispersion.Encoded.GInstance.cap_cutSet_le : ∀ (g : DisequalityDispersion.Encoded.GInstance) (hv : g.Valid)
  (b : List ℕ),
  g.isCutB g.base.canonIds b = true → g.network.cap (g.cutSet hv (g.termCut hv b)) ≤ g.cutCard g.base.canonIds b
DisequalityDispersion.Encoded.GInstance.value_le_cutCard : ∀ (g : DisequalityDispersion.Encoded.GInstance),
  g.Valid →
    ∀ (b : List ℕ),
      g.isCutB g.base.canonIds b = true → g.network.value g.network.maxflow.toFinset ≤ g.cutCard g.base.canonIds b
DisequalityDispersion.Encoded.GInstance.pickOf : DisequalityDispersion.Encoded.GInstance → ℕ × ℕ → ℕ
DisequalityDispersion.Encoded.GInstance.picks : DisequalityDispersion.Encoded.GInstance → List ℕ → List ℕ
DisequalityDispersion.Encoded.GInstance.vecOfCut : DisequalityDispersion.Encoded.GInstance → List ℕ → List ℕ
DisequalityDispersion.Encoded.GInstance.vecOfCut_getD : ∀ (g : DisequalityDispersion.Encoded.GInstance) (S : List ℕ),
  ∀ r < g.base.nodes.length, (g.vecOfCut S).getD r 0 = if r ∈ g.picks S then 1 else 0
DisequalityDispersion.Encoded.GInstance.cutB_vecOfCut : ∀ (g : DisequalityDispersion.Encoded.GInstance),
  g.Valid →
    ∀ (S : List ℕ),
      ∀ j < g.base.nodes.length,
        DisequalityDispersion.Encoded.GInstance.cutB g.base.canonIds (g.vecOfCut S) j = true ↔ g.repOf j ∈ g.picks S
DisequalityDispersion.Encoded.GInstance.cutCard_vecOfCut_le : ∀ (g : DisequalityDispersion.Encoded.GInstance),
  g.Valid → ∀ (S : List ℕ), g.cutCard g.base.canonIds (g.vecOfCut S) ≤ g.network.cap S.toFinset
DisequalityDispersion.Encoded.GInstance.pick_mem_picks : ∀ (g : DisequalityDispersion.Encoded.GInstance) (S : List ℕ),
  ∀ e ∈ g.network.arcs, e.1 ∈ S → e.2 ∉ S → g.pickOf e ∈ g.picks S
DisequalityDispersion.Encoded.GInstance.exit_mem_of_avoids : ∀ (g : DisequalityDispersion.Encoded.GInstance)
  (hv : g.Valid) (S : List ℕ),
  g.netS ∈ S →
    ∀ j < g.base.nodes.length,
      DisequalityDispersion.Avoids (g.termCut hv (g.vecOfCut S)) (g.base.termD ⋯ j) → 2 * g.repOf j + 1 ∈ S
DisequalityDispersion.Encoded.GInstance.isCutB_vecOfCut : ∀ (g : DisequalityDispersion.Encoded.GInstance),
  g.Valid → ∀ (S : List ℕ), g.netS ∈ S → g.netT ∉ S → g.isCutB g.base.canonIds (g.vecOfCut S) = true
DisequalityDispersion.Encoded.GInstance.rhoFlow_eq_value : ∀ (g : DisequalityDispersion.Encoded.GInstance),
  g.Valid → g.rhoFlow = g.network.value g.network.maxflow.toFinset
DisequalityDispersion.Encoded.GInstance.rhoFlow_eq : ∀ (g : DisequalityDispersion.Encoded.GInstance) (hv : g.Valid),
  g.rhoFlow = DisequalityDispersion.cutSize (g.outputs hv) (g.tests hv)
DisequalityDispersion.Encoded.GInstance.strictDecideP_eq : ∀ (g : DisequalityDispersion.Encoded.GInstance) (k : ℕ),
  g.strictDecideP k = g.strictDecideG k
DisequalityDispersion.Encoded.GInstance.strictDecideP_iff : ∀ (g : DisequalityDispersion.Encoded.GInstance) (k : ℕ),
  2 ≤ k → (g.strictDecideP k = true ↔ DisequalityDispersion.Encoded.GInstance.Strict k g)
DisequalityDispersion.Encoded.GInstance.strictDecideP_of_invalid : ∀ (g : DisequalityDispersion.Encoded.GInstance)
  (k : ℕ), ¬g.Valid → g.strictDecideP k = false
DisequalityDispersion.Encoded.GInstance.strictDecideP_of_degree_lt : ∀ (g : DisequalityDispersion.Encoded.GInstance),
  ∀ k < 2, g.strictDecideP k = false
DisequalityDispersion.Encoded.GInstance.primrec_strictDecideP : Primrec fun p => p.2.strictDecideP p.1
DisequalityDispersion.Encoded.GInstance.computablePred_Strict_degree' : ∀ (k : ℕ),
  2 ≤ k → ComputablePred (DisequalityDispersion.Encoded.GInstance.Strict k)
DisequalityDispersion.Encoded.sizeG : DisequalityDispersion.Encoded.GInstance → ℕ
DisequalityDispersion.Encoded.encodeBitsG : DisequalityDispersion.Encoded.GInstance → List Bool
DisequalityDispersion.Encoded.encodeBitsG_length : ∀ (g : DisequalityDispersion.Encoded.GInstance),
  (DisequalityDispersion.Encoded.encodeBitsG g).length = DisequalityDispersion.Encoded.sizeG g
DisequalityDispersion.Encoded.encodeInput : ℕ → DisequalityDispersion.Encoded.GInstance → List Bool
DisequalityDispersion.Encoded.encodeInput_length : ∀ (k : ℕ) (g : DisequalityDispersion.Encoded.GInstance),
  (DisequalityDispersion.Encoded.encodeInput k g).length =
    DisequalityDispersion.Encoded.natC k + DisequalityDispersion.Encoded.sizeG g
@DisequalityDispersion.Encoded.flowBound_mono' : ∀ {n m L n' m' L' : ℕ},
  n ≤ n' →
    m ≤ m' →
      L ≤ L' →
        DisequalityDispersion.Flow.Network.flowBound n m L ≤ DisequalityDispersion.Flow.Network.flowBound n' m' L'
DisequalityDispersion.Encoded.flowBound_closed : ∀ (S : ℕ),
  7 ≤ S → DisequalityDispersion.Flow.Network.flowBound (3 * S) (5 * S) (5 * S) ≤ 90000 * S ^ 6
DisequalityDispersion.Encoded.Instance.isValidSurcharge : DisequalityDispersion.Encoded.Instance → ℕ
DisequalityDispersion.Encoded.Instance.isValidC' : DisequalityDispersion.Encoded.Instance → ℕ
DisequalityDispersion.Encoded.Instance.isValidSurcharge_le : ∀ (γ : DisequalityDispersion.Encoded.Instance),
  γ.isValidSurcharge ≤ 5 * DisequalityDispersion.Encoded.sizeInstance γ ^ 2
DisequalityDispersion.Encoded.Instance.isValidC'_le : ∀ (γ : DisequalityDispersion.Encoded.Instance),
  γ.isValidC' ≤
    35 * DisequalityDispersion.Encoded.sizeInstance γ ^ 2 + 27 * DisequalityDispersion.Encoded.sizeInstance γ + 1
DisequalityDispersion.Encoded.Instance.canonSurcharge : DisequalityDispersion.Encoded.Instance → ℕ
DisequalityDispersion.Encoded.Instance.canonIdsC' : DisequalityDispersion.Encoded.Instance → ℕ
DisequalityDispersion.Encoded.Instance.sum_range_nodeC_le : ∀ (γ : DisequalityDispersion.Encoded.Instance),
  ∀ j ≤ γ.nodes.length,
    (List.map (fun i => DisequalityDispersion.Encoded.nodeC (γ.nodes.getD i (DisequalityDispersion.Encoded.Node.src 0)))
          (List.range j)).sum ≤
      DisequalityDispersion.Encoded.sizeInstance γ
DisequalityDispersion.Encoded.Instance.canonSurcharge_le : ∀ (γ : DisequalityDispersion.Encoded.Instance),
  γ.canonSurcharge ≤ 4 * DisequalityDispersion.Encoded.sizeInstance γ ^ 3
DisequalityDispersion.Encoded.Instance.canonIdsC'_le : ∀ (γ : DisequalityDispersion.Encoded.Instance),
  γ.canonIdsC' ≤
    8 * DisequalityDispersion.Encoded.sizeInstance γ ^ 3 + 13 * DisequalityDispersion.Encoded.sizeInstance γ ^ 2 +
      5 * DisequalityDispersion.Encoded.sizeInstance γ
DisequalityDispersion.Encoded.GInstance.netSC : DisequalityDispersion.Encoded.GInstance → ℕ
DisequalityDispersion.Encoded.GInstance.rangeC : DisequalityDispersion.Encoded.GInstance → ℕ
DisequalityDispersion.Encoded.GInstance.isValidGC : DisequalityDispersion.Encoded.GInstance → ℕ
DisequalityDispersion.Encoded.GInstance.repsC : DisequalityDispersion.Encoded.GInstance → ℕ
DisequalityDispersion.Encoded.GInstance.nodeArcsC : DisequalityDispersion.Encoded.GInstance → ℕ
DisequalityDispersion.Encoded.GInstance.netNodesC : DisequalityDispersion.Encoded.GInstance → ℕ
DisequalityDispersion.Encoded.GInstance.dedupC : List (ℕ × ℕ) → ℕ
DisequalityDispersion.Encoded.GInstance.edgeRaw : DisequalityDispersion.Encoded.GInstance → List (ℕ × ℕ)
DisequalityDispersion.Encoded.GInstance.edgeArcsC : DisequalityDispersion.Encoded.GInstance → ℕ
DisequalityDispersion.Encoded.GInstance.srcRaw : DisequalityDispersion.Encoded.GInstance → List (ℕ × ℕ)
DisequalityDispersion.Encoded.GInstance.srcArcsC : DisequalityDispersion.Encoded.GInstance → ℕ
DisequalityDispersion.Encoded.GInstance.idxOfC : DisequalityDispersion.Encoded.GInstance →
  DisequalityDispersion.Encoded.Node → ℕ
DisequalityDispersion.Encoded.GInstance.snkRaw : DisequalityDispersion.Encoded.GInstance → List (ℕ × ℕ)
DisequalityDispersion.Encoded.GInstance.snkArcsC : DisequalityDispersion.Encoded.GInstance → ℕ
DisequalityDispersion.Encoded.GInstance.appendsC : DisequalityDispersion.Encoded.GInstance → ℕ
DisequalityDispersion.Encoded.GInstance.networkC : DisequalityDispersion.Encoded.GInstance → ℕ
DisequalityDispersion.Encoded.GInstance.rhoFlowC : DisequalityDispersion.Encoded.GInstance → ℕ
DisequalityDispersion.Encoded.GInstance.repsCL : DisequalityDispersion.Encoded.GInstance → List ℕ → ℕ
DisequalityDispersion.Encoded.GInstance.nodeArcsCL : DisequalityDispersion.Encoded.GInstance → List ℕ → ℕ
DisequalityDispersion.Encoded.GInstance.netNodesCL : DisequalityDispersion.Encoded.GInstance → List ℕ → ℕ
DisequalityDispersion.Encoded.GInstance.edgeRawL : DisequalityDispersion.Encoded.GInstance → List ℕ → List (ℕ × ℕ)
DisequalityDispersion.Encoded.GInstance.edgeArcsCL : DisequalityDispersion.Encoded.GInstance → List ℕ → ℕ
DisequalityDispersion.Encoded.GInstance.srcRawL : DisequalityDispersion.Encoded.GInstance → List ℕ → List (ℕ × ℕ)
DisequalityDispersion.Encoded.GInstance.srcArcsCL : DisequalityDispersion.Encoded.GInstance → List ℕ → ℕ
DisequalityDispersion.Encoded.GInstance.snkRawL : DisequalityDispersion.Encoded.GInstance → List ℕ → List (ℕ × ℕ)
DisequalityDispersion.Encoded.GInstance.snkArcsCL : DisequalityDispersion.Encoded.GInstance → List ℕ → ℕ
DisequalityDispersion.Encoded.GInstance.appendsCL : DisequalityDispersion.Encoded.GInstance → List ℕ → ℕ
DisequalityDispersion.Encoded.GInstance.networkCL : DisequalityDispersion.Encoded.GInstance → List ℕ → ℕ
DisequalityDispersion.Encoded.GInstance.rhoFlowCL : DisequalityDispersion.Encoded.GInstance → List ℕ → ℕ
DisequalityDispersion.Encoded.GInstance.rhoFlowCL_canonIds : ∀ (g : DisequalityDispersion.Encoded.GInstance),
  g.rhoFlowCL g.base.canonIds = g.rhoFlowC
DisequalityDispersion.Encoded.GInstance.strictDecidePC : DisequalityDispersion.Encoded.GInstance → ℕ → ℕ
DisequalityDispersion.Encoded.GInstance.strictDecidePC_def : ∀ (g : DisequalityDispersion.Encoded.GInstance) (k : ℕ),
  g.strictDecidePC k =
    DisequalityDispersion.Encoded.natC 2 + DisequalityDispersion.Encoded.natC k +
      if 2 ≤ k then
        g.isValidGC +
          if g.isValid = true then
            g.base.canonIdsC' + g.base.testsDistinctC g.base.canonIds +
              if g.base.testsDistinct g.base.canonIds = true then
                g.rhoFlowC + DisequalityDispersion.Encoded.natC k + DisequalityDispersion.Encoded.natC (k + 1) +
                  DisequalityDispersion.Encoded.natC g.rhoFlow
              else 0
          else 0
      else 0
DisequalityDispersion.Encoded.GInstance.sizeInstance_le_sizeG : ∀ (g : DisequalityDispersion.Encoded.GInstance),
  DisequalityDispersion.Encoded.sizeInstance g.base ≤ DisequalityDispersion.Encoded.sizeG g
DisequalityDispersion.Encoded.GInstance.outs_length_le : ∀ (g : DisequalityDispersion.Encoded.GInstance),
  g.outs.length ≤ DisequalityDispersion.Encoded.sizeG g
DisequalityDispersion.Encoded.GInstance.natC_out_le : ∀ (g : DisequalityDispersion.Encoded.GInstance),
  ∀ o ∈ g.outs, DisequalityDispersion.Encoded.natC o ≤ DisequalityDispersion.Encoded.sizeG g
DisequalityDispersion.Encoded.GInstance.seven_le_sizeG : ∀ (g : DisequalityDispersion.Encoded.GInstance),
  7 ≤ DisequalityDispersion.Encoded.sizeG g
DisequalityDispersion.Encoded.GInstance.nodes_le_size : ∀ (g : DisequalityDispersion.Encoded.GInstance),
  g.base.nodes.length ≤ DisequalityDispersion.Encoded.sizeInstance g.base
DisequalityDispersion.Encoded.GInstance.repOf_le_len : ∀ (g : DisequalityDispersion.Encoded.GInstance) (a : ℕ),
  g.repOf a ≤ g.base.nodes.length
DisequalityDispersion.Encoded.GInstance.natC_repOf_le : ∀ (g : DisequalityDispersion.Encoded.GInstance) (a : ℕ),
  DisequalityDispersion.Encoded.natC (g.repOf a) ≤ 3 * DisequalityDispersion.Encoded.sizeInstance g.base
DisequalityDispersion.Encoded.GInstance.natC_idx_le : ∀ (g : DisequalityDispersion.Encoded.GInstance),
  ∀ j < g.base.nodes.length,
    DisequalityDispersion.Encoded.natC j ≤ 3 * DisequalityDispersion.Encoded.sizeInstance g.base
DisequalityDispersion.Encoded.GInstance.labelB : DisequalityDispersion.Encoded.GInstance → ℕ
DisequalityDispersion.Encoded.GInstance.labelB_le : ∀ (g : DisequalityDispersion.Encoded.GInstance),
  g.labelB ≤ 4 * DisequalityDispersion.Encoded.sizeInstance g.base + 3
DisequalityDispersion.Encoded.GInstance.reps_length_le : ∀ (g : DisequalityDispersion.Encoded.GInstance),
  g.reps.length ≤ g.base.nodes.length
DisequalityDispersion.Encoded.GInstance.netNodes_length : ∀ (g : DisequalityDispersion.Encoded.GInstance),
  g.network.nodes.length = 2 * g.reps.length + 2
DisequalityDispersion.Encoded.GInstance.label_le : ∀ (g : DisequalityDispersion.Encoded.GInstance),
  ∀ x ∈ g.network.nodes, DisequalityDispersion.Encoded.natC x ≤ g.labelB
DisequalityDispersion.Encoded.GInstance.argsOf_length_eq : ∀ (g : DisequalityDispersion.Encoded.GInstance) (j : ℕ),
  (g.argsOf j).length =
    DisequalityDispersion.Encoded.Instance.argsLen (g.base.nodes.getD j (DisequalityDispersion.Encoded.Node.src 0))
DisequalityDispersion.Encoded.GInstance.edgeRaw_length_le : ∀ (g : DisequalityDispersion.Encoded.GInstance),
  g.edgeRaw.length ≤ DisequalityDispersion.Encoded.sizeInstance g.base
DisequalityDispersion.Encoded.GInstance.srcRaw_length_le : ∀ (g : DisequalityDispersion.Encoded.GInstance),
  g.srcRaw.length ≤ g.base.nodes.length
DisequalityDispersion.Encoded.GInstance.outNodes_length : ∀ (g : DisequalityDispersion.Encoded.GInstance),
  g.outNodes.length = 2 + g.outs.length
DisequalityDispersion.Encoded.GInstance.snkRaw_length : ∀ (g : DisequalityDispersion.Encoded.GInstance),
  g.snkRaw.length = 2 + g.outs.length
DisequalityDispersion.Encoded.GInstance.arcs_length_le : ∀ (g : DisequalityDispersion.Encoded.GInstance),
  g.network.arcs.length ≤ 3 * DisequalityDispersion.Encoded.sizeInstance g.base + 2 + g.outs.length
DisequalityDispersion.Encoded.GInstance.memC_le' : ∀ (L : ℕ) (l : List (ℕ × ℕ)) (e : ℕ × ℕ),
  (∀ e' ∈ l, DisequalityDispersion.Flow.Network.pc DisequalityDispersion.Encoded.natC e' ≤ 2 * L) →
    DisequalityDispersion.Flow.Network.pc DisequalityDispersion.Encoded.natC e ≤ 2 * L →
      DisequalityDispersion.Flow.Network.memC DisequalityDispersion.Encoded.natC l e ≤ l.length * (1 + 4 * L)
DisequalityDispersion.Encoded.GInstance.pc_le_labelB : ∀ (g : DisequalityDispersion.Encoded.GInstance) (e : ℕ × ℕ),
  e.1 ≤ 2 * g.base.nodes.length + 1 →
    e.2 ≤ 2 * g.base.nodes.length + 1 →
      DisequalityDispersion.Flow.Network.pc DisequalityDispersion.Encoded.natC e ≤ 2 * g.labelB
DisequalityDispersion.Encoded.GInstance.dedupC_le : ∀ (L : ℕ) (l : List (ℕ × ℕ)),
  (∀ e ∈ l, DisequalityDispersion.Flow.Network.pc DisequalityDispersion.Encoded.natC e ≤ 2 * L) →
    DisequalityDispersion.Encoded.GInstance.dedupC l ≤ l.length * (1 + l.length * (1 + 4 * L))
DisequalityDispersion.Encoded.GInstance.sum_range_add_mul : ∀ (n A c : ℕ) (h : ℕ → ℕ),
  (List.map (fun j => A + h j * c) (List.range n)).sum = n * A + c * (List.map h (List.range n)).sum
DisequalityDispersion.Encoded.GInstance.sum_argsOf_le : ∀ (g : DisequalityDispersion.Encoded.GInstance),
  (List.map (fun j => (g.argsOf j).length) (List.range g.base.nodes.length)).sum ≤
    DisequalityDispersion.Encoded.sizeInstance g.base
DisequalityDispersion.Encoded.GInstance.netSC_le : ∀ (g : DisequalityDispersion.Encoded.GInstance),
  g.netSC ≤ g.base.nodes.length + 1 + g.labelB
DisequalityDispersion.Encoded.GInstance.natC_reps_le : ∀ (g : DisequalityDispersion.Encoded.GInstance),
  ∀ r ∈ g.reps, DisequalityDispersion.Encoded.natC r ≤ 3 * DisequalityDispersion.Encoded.sizeInstance g.base
DisequalityDispersion.Encoded.GInstance.repsC_le : ∀ (g : DisequalityDispersion.Encoded.GInstance),
  g.repsC ≤
    g.rangeC + g.base.nodes.length * (g.base.nodes.length + 2 + 6 * DisequalityDispersion.Encoded.sizeInstance g.base)
DisequalityDispersion.Encoded.GInstance.nodeArcsC_le : ∀ (g : DisequalityDispersion.Encoded.GInstance),
  g.nodeArcsC ≤ g.repsC + g.base.nodes.length * (1 + 6 * DisequalityDispersion.Encoded.sizeInstance g.base)
DisequalityDispersion.Encoded.GInstance.netNodesC_le : ∀ (g : DisequalityDispersion.Encoded.GInstance),
  g.netNodesC ≤
    2 * g.repsC + 2 * (g.base.nodes.length * (1 + 3 * DisequalityDispersion.Encoded.sizeInstance g.base)) +
          3 * g.base.nodes.length +
        2 * g.netSC +
      2
DisequalityDispersion.Encoded.GInstance.edgeRaw_labels : ∀ (g : DisequalityDispersion.Encoded.GInstance),
  ∀ e ∈ g.edgeRaw, DisequalityDispersion.Flow.Network.pc DisequalityDispersion.Encoded.natC e ≤ 2 * g.labelB
DisequalityDispersion.Encoded.GInstance.edgeArcsC_le : ∀ (g : DisequalityDispersion.Encoded.GInstance),
  g.edgeArcsC ≤
    g.rangeC + g.base.nodes.length * (g.base.nodes.length + 2) +
          DisequalityDispersion.Encoded.sizeInstance g.base *
            (2 * g.base.nodes.length + 3 + 6 * DisequalityDispersion.Encoded.sizeInstance g.base) +
        (DisequalityDispersion.Encoded.sizeInstance g.base + g.base.nodes.length) +
      DisequalityDispersion.Encoded.sizeInstance g.base *
        (1 + DisequalityDispersion.Encoded.sizeInstance g.base * (1 + 4 * g.labelB))
DisequalityDispersion.Encoded.GInstance.srcRaw_labels : ∀ (g : DisequalityDispersion.Encoded.GInstance),
  ∀ e ∈ g.srcRaw, DisequalityDispersion.Flow.Network.pc DisequalityDispersion.Encoded.natC e ≤ 2 * g.labelB
DisequalityDispersion.Encoded.GInstance.srcArcsC_le : ∀ (g : DisequalityDispersion.Encoded.GInstance),
  g.srcArcsC ≤
    g.rangeC +
        g.base.nodes.length *
          (2 * g.base.nodes.length + 4 + g.netSC + 3 * DisequalityDispersion.Encoded.sizeInstance g.base) +
      g.base.nodes.length * (1 + g.base.nodes.length * (1 + 4 * g.labelB))
DisequalityDispersion.Encoded.GInstance.idxOfC_le : ∀ (g : DisequalityDispersion.Encoded.GInstance) (i : ℕ),
  DisequalityDispersion.Encoded.natC i ≤ DisequalityDispersion.Encoded.sizeInstance g.base →
    g.idxOfC (DisequalityDispersion.Encoded.Node.src i) ≤
      g.base.nodes.length * (2 + 2 * DisequalityDispersion.Encoded.sizeInstance g.base)
DisequalityDispersion.Encoded.GInstance.snkRaw_labels : ∀ (g : DisequalityDispersion.Encoded.GInstance),
  ∀ e ∈ g.snkRaw, DisequalityDispersion.Flow.Network.pc DisequalityDispersion.Encoded.natC e ≤ 2 * g.labelB
DisequalityDispersion.Encoded.GInstance.snkArcsC_le : ∀ (g : DisequalityDispersion.Encoded.GInstance),
  g.snkArcsC ≤
    2 * DisequalityDispersion.Encoded.sizeInstance g.base +
            2 * (g.base.nodes.length * (2 + 2 * DisequalityDispersion.Encoded.sizeInstance g.base)) +
          2 +
        (2 + g.outs.length) *
          (g.base.nodes.length + 2 + 3 * DisequalityDispersion.Encoded.sizeInstance g.base + g.netSC) +
      (2 + g.outs.length) * (1 + (2 + g.outs.length) * (1 + 4 * g.labelB))
DisequalityDispersion.Encoded.GInstance.labelB_le_sizeG : ∀ (g : DisequalityDispersion.Encoded.GInstance),
  g.labelB ≤ 5 * DisequalityDispersion.Encoded.sizeG g
DisequalityDispersion.Encoded.GInstance.netSC_le_sizeG : ∀ (g : DisequalityDispersion.Encoded.GInstance),
  g.netSC ≤ 7 * DisequalityDispersion.Encoded.sizeG g
DisequalityDispersion.Encoded.GInstance.netNodes_length_le : ∀ (g : DisequalityDispersion.Encoded.GInstance),
  g.network.nodes.length ≤ 3 * DisequalityDispersion.Encoded.sizeG g
DisequalityDispersion.Encoded.GInstance.arcs_length_le_sizeG : ∀ (g : DisequalityDispersion.Encoded.GInstance),
  g.network.arcs.length ≤ 5 * DisequalityDispersion.Encoded.sizeG g
DisequalityDispersion.Encoded.GInstance.repsC_le_sizeG : ∀ (g : DisequalityDispersion.Encoded.GInstance),
  g.repsC ≤ 8 * DisequalityDispersion.Encoded.sizeG g ^ 2
DisequalityDispersion.Encoded.GInstance.appendsC_le : ∀ (g : DisequalityDispersion.Encoded.GInstance),
  g.appendsC ≤ 3 * g.network.arcs.length
DisequalityDispersion.Encoded.GInstance.networkC_le_sizeG : ∀ (g : DisequalityDispersion.Encoded.GInstance),
  g.networkC ≤ 140 * DisequalityDispersion.Encoded.sizeG g ^ 3
DisequalityDispersion.Encoded.GInstance.maxflowC_le_sizeG : ∀ (g : DisequalityDispersion.Encoded.GInstance),
  g.Valid → g.network.maxflowC DisequalityDispersion.Encoded.natC ≤ 90000 * DisequalityDispersion.Encoded.sizeG g ^ 6
DisequalityDispersion.Encoded.GInstance.count_le_sizeG : ∀ (g : DisequalityDispersion.Encoded.GInstance),
  g.Valid →
    (List.map
            (fun a => 1 + g.netSC + DisequalityDispersion.Encoded.natC a.1 + DisequalityDispersion.Encoded.natC g.netS)
            g.network.maxflow).sum +
        (List.filter (fun a => a.1 == g.netS) g.network.maxflow).length ≤
      100 * DisequalityDispersion.Encoded.sizeG g ^ 2
DisequalityDispersion.Encoded.GInstance.natC_rhoFlow_le : ∀ (g : DisequalityDispersion.Encoded.GInstance),
  g.Valid → DisequalityDispersion.Encoded.natC g.rhoFlow ≤ 11 * DisequalityDispersion.Encoded.sizeG g
DisequalityDispersion.Encoded.GInstance.rhoFlowC_le_sizeG : ∀ (g : DisequalityDispersion.Encoded.GInstance),
  g.Valid →
    g.rhoFlowC ≤ 90000 * DisequalityDispersion.Encoded.sizeG g ^ 6 + 241 * DisequalityDispersion.Encoded.sizeG g ^ 3
DisequalityDispersion.Encoded.GInstance.isValidGC_le : ∀ (g : DisequalityDispersion.Encoded.GInstance),
  g.isValidGC ≤ 45 * DisequalityDispersion.Encoded.sizeG g ^ 2
DisequalityDispersion.Encoded.GInstance.natC_succ_le : ∀ (k : ℕ),
  DisequalityDispersion.Encoded.natC (k + 1) ≤ DisequalityDispersion.Encoded.natC k + 2
DisequalityDispersion.Encoded.GInstance.strictDecidePC_le : ∀ (g : DisequalityDispersion.Encoded.GInstance) (k : ℕ),
  g.strictDecidePC k ≤ 91000 * DisequalityDispersion.Encoded.sizeG g ^ 6 + 3 * DisequalityDispersion.Encoded.natC k
@DisequalityDispersion.Encoded.bindP : {α β : Type} →
  (List Bool → Option (α × List Bool)) → (α → List Bool → Option (β × List Bool)) → List Bool → Option (β × List Bool)
@DisequalityDispersion.Encoded.pureP : {β : Type} → β → List Bool → Option (β × List Bool)
@DisequalityDispersion.Encoded.bindP_of_eq : ∀ {α β : Type} {f : List Bool → Option (α × List Bool)}
  {g : α → List Bool → Option (β × List Bool)} {l : List Bool} {a : α} {rest : List Bool},
  f l = some (a, rest) → DisequalityDispersion.Encoded.bindP f g l = g a rest
@DisequalityDispersion.Encoded.bindP_some : ∀ {α β : Type} {f : List Bool → Option (α × List Bool)}
  {g : α → List Bool → Option (β × List Bool)} {l : List Bool} {b : β} {rest : List Bool},
  DisequalityDispersion.Encoded.bindP f g l = some (b, rest) →
    ∃ a rest₁, f l = some (a, rest₁) ∧ g a rest₁ = some (b, rest)
@DisequalityDispersion.Encoded.pureP_some : ∀ {β : Type} {b b' : β} {l rest : List Bool},
  DisequalityDispersion.Encoded.pureP b l = some (b', rest) → b' = b ∧ rest = l
DisequalityDispersion.Encoded.fromBits : List Bool → ℕ
DisequalityDispersion.Encoded.fromBits_bits : ∀ (n : ℕ), DisequalityDispersion.Encoded.fromBits n.bits = n
DisequalityDispersion.Encoded.fromBits_cons : ∀ (b : Bool) (bs : List Bool),
  DisequalityDispersion.Encoded.fromBits (b :: bs) = Nat.bit b (DisequalityDispersion.Encoded.fromBits bs)
DisequalityDispersion.Encoded.fromBits_lt : ∀ (bs : List Bool),
  DisequalityDispersion.Encoded.fromBits bs < 2 ^ bs.length
DisequalityDispersion.Encoded.Canon : List Bool → Bool
DisequalityDispersion.Encoded.canon_nil : DisequalityDispersion.Encoded.Canon [] = true
DisequalityDispersion.Encoded.canon_cons_cons : ∀ (a b : Bool) (bs : List Bool),
  DisequalityDispersion.Encoded.Canon (a :: b :: bs) = DisequalityDispersion.Encoded.Canon (b :: bs)
DisequalityDispersion.Encoded.canon_singleton : ∀ (b : Bool), DisequalityDispersion.Encoded.Canon [b] = b
DisequalityDispersion.Encoded.fromBits_pos : ∀ (bs : List Bool),
  bs ≠ [] → DisequalityDispersion.Encoded.Canon bs = true → 0 < DisequalityDispersion.Encoded.fromBits bs
DisequalityDispersion.Encoded.bits_fromBits : ∀ (bs : List Bool),
  DisequalityDispersion.Encoded.Canon bs = true → (DisequalityDispersion.Encoded.fromBits bs).bits = bs
DisequalityDispersion.Encoded.canon_bits : ∀ (n : ℕ), DisequalityDispersion.Encoded.Canon n.bits = true
DisequalityDispersion.Encoded.size_of_canon : ∀ (bs : List Bool),
  DisequalityDispersion.Encoded.Canon bs = true → (DisequalityDispersion.Encoded.fromBits bs).size = bs.length
DisequalityDispersion.Encoded.readBits : ℕ → List Bool → Option (List Bool × List Bool)
DisequalityDispersion.Encoded.readBits_append : ∀ (bs rest : List Bool),
  DisequalityDispersion.Encoded.readBits bs.length (bs ++ rest) = some (bs, rest)
DisequalityDispersion.Encoded.readBits_some : ∀ (c : ℕ) (l bs rest : List Bool),
  DisequalityDispersion.Encoded.readBits c l = some (bs, rest) → bs.length = c ∧ l = bs ++ rest
DisequalityDispersion.Encoded.decodeNatAux : ℕ → List Bool → Option (ℕ × List Bool)
DisequalityDispersion.Encoded.decodeNat : List Bool → Option (ℕ × List Bool)
DisequalityDispersion.Encoded.decodeNatAux_replicate : ∀ (c s : ℕ) (l : List Bool),
  DisequalityDispersion.Encoded.decodeNatAux c (List.replicate s true ++ l) =
    DisequalityDispersion.Encoded.decodeNatAux (c + s) l
DisequalityDispersion.Encoded.decodeNat_encodeNat : ∀ (n : ℕ) (rest : List Bool),
  DisequalityDispersion.Encoded.decodeNat (DisequalityDispersion.Encoded.encodeNat n ++ rest) = some (n, rest)
DisequalityDispersion.Encoded.decodeNatAux_some : ∀ (c : ℕ) (l : List Bool) (n : ℕ) (rest : List Bool),
  DisequalityDispersion.Encoded.decodeNatAux c l = some (n, rest) →
    c ≤ n.size ∧ l = List.replicate (n.size - c) true ++ false :: n.bits ++ rest
DisequalityDispersion.Encoded.decodeNat_some : ∀ (l : List Bool) (n : ℕ) (rest : List Bool),
  DisequalityDispersion.Encoded.decodeNat l = some (n, rest) → l = DisequalityDispersion.Encoded.encodeNat n ++ rest
DisequalityDispersion.Encoded.decodeNat_natC : ∀ (l : List Bool) (n : ℕ) (rest : List Bool),
  DisequalityDispersion.Encoded.decodeNat l = some (n, rest) →
    DisequalityDispersion.Encoded.natC n = l.length - rest.length
@DisequalityDispersion.Encoded.decodeN : {α : Type} →
  (List Bool → Option (α × List Bool)) → ℕ → List Bool → Option (List α × List Bool)
@DisequalityDispersion.Encoded.decodeList : {α : Type} →
  (List Bool → Option (α × List Bool)) → List Bool → Option (List α × List Bool)
@DisequalityDispersion.Encoded.decodeN_encode : ∀ {α : Type} (f : List Bool → Option (α × List Bool))
  (enc : α → List Bool),
  (∀ (a : α) (rest : List Bool), f (enc a ++ rest) = some (a, rest)) →
    ∀ (l : List α) (rest : List Bool),
      DisequalityDispersion.Encoded.decodeN f l.length ((List.map enc l).flatten ++ rest) = some (l, rest)
@DisequalityDispersion.Encoded.decodeN_some : ∀ {α : Type} (f : List Bool → Option (α × List Bool))
  (enc : α → List Bool),
  (∀ (l : List Bool) (a : α) (rest : List Bool), f l = some (a, rest) → l = enc a ++ rest) →
    ∀ (n : ℕ) (l : List Bool) (as : List α) (rest : List Bool),
      DisequalityDispersion.Encoded.decodeN f n l = some (as, rest) →
        as.length = n ∧ l = (List.map enc as).flatten ++ rest
@DisequalityDispersion.Encoded.decodeList_encodeList : ∀ {α : Type} (f : List Bool → Option (α × List Bool))
  (enc : α → List Bool),
  (∀ (a : α) (rest : List Bool), f (enc a ++ rest) = some (a, rest)) →
    ∀ (l : List α) (rest : List Bool),
      DisequalityDispersion.Encoded.decodeList f (DisequalityDispersion.Encoded.encodeList enc l ++ rest) =
        some (l, rest)
@DisequalityDispersion.Encoded.decodeList_some : ∀ {α : Type} (f : List Bool → Option (α × List Bool))
  (enc : α → List Bool),
  (∀ (l : List Bool) (a : α) (rest : List Bool), f l = some (a, rest) → l = enc a ++ rest) →
    ∀ (l : List Bool) (as : List α) (rest : List Bool),
      DisequalityDispersion.Encoded.decodeList f l = some (as, rest) →
        l = DisequalityDispersion.Encoded.encodeList enc as ++ rest
DisequalityDispersion.Encoded.decodePair : List Bool → Option ((ℕ × ℕ) × List Bool)
DisequalityDispersion.Encoded.decodePair_encodePair : ∀ (p : ℕ × ℕ) (rest : List Bool),
  DisequalityDispersion.Encoded.decodePair (DisequalityDispersion.Encoded.encodePair p ++ rest) = some (p, rest)
DisequalityDispersion.Encoded.decodePair_some : ∀ (l : List Bool) (p : ℕ × ℕ) (rest : List Bool),
  DisequalityDispersion.Encoded.decodePair l = some (p, rest) → l = DisequalityDispersion.Encoded.encodePair p ++ rest
@DisequalityDispersion.Encoded.tagP : {α : Type} →
  (List Bool → Option (α × List Bool)) → (List Bool → Option (α × List Bool)) → List Bool → Option (α × List Bool)
DisequalityDispersion.Encoded.decodeNode : List Bool → Option (DisequalityDispersion.Encoded.Node × List Bool)
DisequalityDispersion.Encoded.decodeNode_encodeNode : ∀ (nd : DisequalityDispersion.Encoded.Node) (rest : List Bool),
  DisequalityDispersion.Encoded.decodeNode (DisequalityDispersion.Encoded.encodeNode nd ++ rest) = some (nd, rest)
DisequalityDispersion.Encoded.decodeNode_some : ∀ (l : List Bool) (nd : DisequalityDispersion.Encoded.Node)
  (rest : List Bool),
  DisequalityDispersion.Encoded.decodeNode l = some (nd, rest) → l = DisequalityDispersion.Encoded.encodeNode nd ++ rest
DisequalityDispersion.Encoded.decodeInstance : List Bool → Option (DisequalityDispersion.Encoded.Instance × List Bool)
DisequalityDispersion.Encoded.decodeInstance_encodeBits : ∀ (γ : DisequalityDispersion.Encoded.Instance)
  (rest : List Bool),
  DisequalityDispersion.Encoded.decodeInstance (DisequalityDispersion.Encoded.encodeBits γ ++ rest) = some (γ, rest)
DisequalityDispersion.Encoded.decodeInstance_some : ∀ (l : List Bool) (γ : DisequalityDispersion.Encoded.Instance)
  (rest : List Bool),
  DisequalityDispersion.Encoded.decodeInstance l = some (γ, rest) →
    l = DisequalityDispersion.Encoded.encodeBits γ ++ rest
DisequalityDispersion.Encoded.decodeG : List Bool → Option (DisequalityDispersion.Encoded.GInstance × List Bool)
DisequalityDispersion.Encoded.decodeG_encodeBitsG : ∀ (g : DisequalityDispersion.Encoded.GInstance) (rest : List Bool),
  DisequalityDispersion.Encoded.decodeG (DisequalityDispersion.Encoded.encodeBitsG g ++ rest) = some (g, rest)
DisequalityDispersion.Encoded.decodeG_some : ∀ (l : List Bool) (g : DisequalityDispersion.Encoded.GInstance)
  (rest : List Bool),
  DisequalityDispersion.Encoded.decodeG l = some (g, rest) → l = DisequalityDispersion.Encoded.encodeBitsG g ++ rest
DisequalityDispersion.Encoded.decodePair' : List Bool →
  Option ((ℕ × DisequalityDispersion.Encoded.GInstance) × List Bool)
DisequalityDispersion.Encoded.decodePair'_encodeInput : ∀ (k : ℕ) (g : DisequalityDispersion.Encoded.GInstance)
  (rest : List Bool),
  DisequalityDispersion.Encoded.decodePair' (DisequalityDispersion.Encoded.encodeInput k g ++ rest) =
    some ((k, g), rest)
DisequalityDispersion.Encoded.decodePair'_some : ∀ (l : List Bool) (k : ℕ) (g : DisequalityDispersion.Encoded.GInstance)
  (rest : List Bool),
  DisequalityDispersion.Encoded.decodePair' l = some ((k, g), rest) →
    l = DisequalityDispersion.Encoded.encodeInput k g ++ rest
DisequalityDispersion.Encoded.decodeInput : List Bool → Option (ℕ × DisequalityDispersion.Encoded.GInstance)
DisequalityDispersion.Encoded.decodeInput_encodeInput : ∀ (k : ℕ) (g : DisequalityDispersion.Encoded.GInstance),
  DisequalityDispersion.Encoded.decodeInput (DisequalityDispersion.Encoded.encodeInput k g) = some (k, g)
DisequalityDispersion.Encoded.decodeInput_some : ∀ (bs : List Bool) (k : ℕ)
  (g : DisequalityDispersion.Encoded.GInstance),
  DisequalityDispersion.Encoded.decodeInput bs = some (k, g) → bs = DisequalityDispersion.Encoded.encodeInput k g
DisequalityDispersion.Encoded.decodeInput_eq_some_iff : ∀ (bs : List Bool) (k : ℕ)
  (g : DisequalityDispersion.Encoded.GInstance),
  DisequalityDispersion.Encoded.decodeInput bs = some (k, g) ↔ bs = DisequalityDispersion.Encoded.encodeInput k g
DisequalityDispersion.Encoded.encodeInput_injective : ∀ (k k' : ℕ) (g g' : DisequalityDispersion.Encoded.GInstance),
  DisequalityDispersion.Encoded.encodeInput k g = DisequalityDispersion.Encoded.encodeInput k' g' → k = k' ∧ g = g'
DisequalityDispersion.Encoded.encodeInput_prefix : ∀ (k k' : ℕ) (g g' : DisequalityDispersion.Encoded.GInstance)
  (rest : List Bool),
  DisequalityDispersion.Encoded.encodeInput k g ++ rest = DisequalityDispersion.Encoded.encodeInput k' g' → rest = []
DisequalityDispersion.Encoded.decodeInput_sizes : ∀ (bs : List Bool) (k : ℕ)
  (g : DisequalityDispersion.Encoded.GInstance),
  DisequalityDispersion.Encoded.decodeInput bs = some (k, g) →
    DisequalityDispersion.Encoded.natC k + DisequalityDispersion.Encoded.sizeG g = bs.length
DisequalityDispersion.Encoded.StrictBits : List Bool → Prop
DisequalityDispersion.Encoded.decideBits : List Bool → Bool
DisequalityDispersion.Encoded.decideBits_encodeInput : ∀ (k : ℕ) (g : DisequalityDispersion.Encoded.GInstance),
  DisequalityDispersion.Encoded.decideBits (DisequalityDispersion.Encoded.encodeInput k g) = g.strictDecideP k
DisequalityDispersion.Encoded.decideBits_iff : ∀ (k : ℕ),
  2 ≤ k →
    ∀ (g : DisequalityDispersion.Encoded.GInstance),
      DisequalityDispersion.Encoded.decideBits (DisequalityDispersion.Encoded.encodeInput k g) = true ↔
        DisequalityDispersion.Encoded.GInstance.Strict k g
DisequalityDispersion.Encoded.decideBits_iff_StrictBits : ∀ (bs : List Bool),
  DisequalityDispersion.Encoded.decideBits bs = true ↔ DisequalityDispersion.Encoded.StrictBits bs
@DisequalityDispersion.Encoded.consumed : {α : Type} → (List Bool → Option (α × List Bool)) → List Bool → ℕ
@DisequalityDispersion.Encoded.Consumes : {α : Type} → ℕ → (List Bool → Option (α × List Bool)) → (List Bool → ℕ) → Prop
@DisequalityDispersion.Encoded.Progress : {α : Type} → (List Bool → Option (α × List Bool)) → Prop
@DisequalityDispersion.Encoded.consumed_le : ∀ {α : Type} (f : List Bool → Option (α × List Bool)) (l : List Bool),
  DisequalityDispersion.Encoded.consumed f l ≤ l.length
@DisequalityDispersion.Encoded.consumed_none : ∀ {α : Type} {f : List Bool → Option (α × List Bool)} {l : List Bool},
  f l = none → DisequalityDispersion.Encoded.consumed f l = l.length
@DisequalityDispersion.Encoded.consumed_some : ∀ {α : Type} {f : List Bool → Option (α × List Bool)} {l : List Bool}
  {a : α} {rest : List Bool}, f l = some (a, rest) → DisequalityDispersion.Encoded.consumed f l = l.length - rest.length
@DisequalityDispersion.Encoded.Consumes.le : ∀ {α : Type} {K : ℕ} {f : List Bool → Option (α × List Bool)}
  {fc : List Bool → ℕ}, DisequalityDispersion.Encoded.Consumes K f fc → ∀ (l : List Bool), fc l ≤ K * l.length ^ 2 + K
@DisequalityDispersion.Encoded.Consumes.mono : ∀ {α : Type} {K K' : ℕ},
  K ≤ K' →
    ∀ {f : List Bool → Option (α × List Bool)} {fc : List Bool → ℕ},
      DisequalityDispersion.Encoded.Consumes K f fc → DisequalityDispersion.Encoded.Consumes K' f fc
DisequalityDispersion.Encoded.sq_add_le : ∀ (a b : ℕ), a ^ 2 + b ^ 2 ≤ (a + b) ^ 2
@DisequalityDispersion.Encoded.bindPC : {α : Type} →
  (List Bool → Option (α × List Bool)) → (List Bool → ℕ) → (α → List Bool → ℕ) → List Bool → ℕ
@DisequalityDispersion.Encoded.consumes_pure : ∀ {β : Type} (b : β),
  DisequalityDispersion.Encoded.Consumes 0 (DisequalityDispersion.Encoded.pureP b) fun x => 0
@DisequalityDispersion.Encoded.consumes_bind : ∀ {α β : Type} {K₁ K₂ : ℕ} {f : List Bool → Option (α × List Bool)}
  {fc : List Bool → ℕ} {g : α → List Bool → Option (β × List Bool)} {gc : α → List Bool → ℕ},
  DisequalityDispersion.Encoded.Consumes K₁ f fc →
    (∀ (a : α), DisequalityDispersion.Encoded.Consumes K₂ (g a) (gc a)) →
      DisequalityDispersion.Encoded.Consumes (K₁ + K₂) (DisequalityDispersion.Encoded.bindP f g)
        (DisequalityDispersion.Encoded.bindPC f fc gc)
@DisequalityDispersion.Encoded.decodeNC : {α : Type} →
  (List Bool → Option (α × List Bool)) → (List Bool → ℕ) → ℕ → List Bool → ℕ
@DisequalityDispersion.Encoded.decodeN_bound : ∀ {α : Type} {K : ℕ} {f : List Bool → Option (α × List Bool)}
  {fc : List Bool → ℕ},
  DisequalityDispersion.Encoded.Consumes K f fc →
    DisequalityDispersion.Encoded.Progress f →
      ∀ (n : ℕ) (l : List Bool),
        DisequalityDispersion.Encoded.decodeNC f fc n l ≤
            (2 * K + 3) * DisequalityDispersion.Encoded.consumed (DisequalityDispersion.Encoded.decodeN f n) l ^ 2 +
                (2 * K + 3) +
              (DisequalityDispersion.Encoded.consumed (DisequalityDispersion.Encoded.decodeN f n) l + 1) *
                DisequalityDispersion.Encoded.natC n ∧
          ∀ (as : List α) (rest : List Bool),
            DisequalityDispersion.Encoded.decodeN f n l = some (as, rest) → rest.length ≤ l.length
DisequalityDispersion.Encoded.readBitsC : ℕ → List Bool → ℕ
DisequalityDispersion.Encoded.fromBitsC : List Bool → ℕ
DisequalityDispersion.Encoded.canonC : List Bool → ℕ
DisequalityDispersion.Encoded.decodeNatAuxC : ℕ → List Bool → ℕ
DisequalityDispersion.Encoded.decodeNatC : List Bool → ℕ
@DisequalityDispersion.Encoded.natC_of_lt_pow : ∀ {n k : ℕ},
  n < 2 ^ k → DisequalityDispersion.Encoded.natC n ≤ 2 * k + 1
DisequalityDispersion.Encoded.fromBitsC_le : ∀ (bs : List Bool),
  DisequalityDispersion.Encoded.fromBitsC bs ≤ bs.length * (2 * bs.length + 2) + 1
DisequalityDispersion.Encoded.readBitsC_le : ∀ (c : ℕ) (l : List Bool),
  DisequalityDispersion.Encoded.readBitsC c l ≤ (min c l.length + 1) * (2 + DisequalityDispersion.Encoded.natC c)
DisequalityDispersion.Encoded.decodeNatAux_bound : ∀ (c : ℕ) (l : List Bool),
  DisequalityDispersion.Encoded.decodeNatAuxC c l + c * c + 2 * c ≤
      5 * (c + DisequalityDispersion.Encoded.consumed (DisequalityDispersion.Encoded.decodeNatAux c) l) ^ 2 + 5 ∧
    ∀ (n : ℕ) (rest : List Bool),
      DisequalityDispersion.Encoded.decodeNatAux c l = some (n, rest) → rest.length < l.length
DisequalityDispersion.Encoded.consumes_decodeNat : DisequalityDispersion.Encoded.Consumes 5
  DisequalityDispersion.Encoded.decodeNat DisequalityDispersion.Encoded.decodeNatC
DisequalityDispersion.Encoded.progress_decodeNat : DisequalityDispersion.Encoded.Progress
  DisequalityDispersion.Encoded.decodeNat
@DisequalityDispersion.Encoded.decodeListC : {α : Type} →
  (List Bool → Option (α × List Bool)) → (List Bool → ℕ) → List Bool → ℕ
@DisequalityDispersion.Encoded.consumes_decodeList : ∀ {α : Type} {K : ℕ} {f : List Bool → Option (α × List Bool)}
  {fc : List Bool → ℕ},
  DisequalityDispersion.Encoded.Consumes K f fc →
    DisequalityDispersion.Encoded.Progress f →
      DisequalityDispersion.Encoded.Consumes (2 * K + 10) (DisequalityDispersion.Encoded.decodeList f)
        (DisequalityDispersion.Encoded.decodeListC f fc)
@DisequalityDispersion.Encoded.progress_bind : ∀ {α β : Type} {f : List Bool → Option (α × List Bool)}
  {g : α → List Bool → Option (β × List Bool)},
  DisequalityDispersion.Encoded.Progress f →
    (∀ (a : α) (l : List Bool) (b : β) (rest : List Bool), g a l = some (b, rest) → rest.length ≤ l.length) →
      DisequalityDispersion.Encoded.Progress (DisequalityDispersion.Encoded.bindP f g)
@DisequalityDispersion.Encoded.progress_decodeList : ∀ {α : Type} {K : ℕ} {f : List Bool → Option (α × List Bool)}
  {fc : List Bool → ℕ},
  DisequalityDispersion.Encoded.Consumes K f fc →
    DisequalityDispersion.Encoded.Progress f →
      DisequalityDispersion.Encoded.Progress (DisequalityDispersion.Encoded.decodeList f)
DisequalityDispersion.Encoded.decodePairC : List Bool → ℕ
DisequalityDispersion.Encoded.consumes_decodePair : DisequalityDispersion.Encoded.Consumes 10
  DisequalityDispersion.Encoded.decodePair DisequalityDispersion.Encoded.decodePairC
DisequalityDispersion.Encoded.progress_decodePair : DisequalityDispersion.Encoded.Progress
  DisequalityDispersion.Encoded.decodePair
DisequalityDispersion.Encoded.tagPC : (List Bool → ℕ) → (List Bool → ℕ) → List Bool → ℕ
@DisequalityDispersion.Encoded.consumes_tag : ∀ {α : Type} {K : ℕ} {f0 f1 : List Bool → Option (α × List Bool)}
  {f0c f1c : List Bool → ℕ},
  DisequalityDispersion.Encoded.Consumes K f0 f0c →
    DisequalityDispersion.Encoded.Consumes K f1 f1c →
      DisequalityDispersion.Encoded.Consumes (K + 1) (DisequalityDispersion.Encoded.tagP f0 f1)
        (DisequalityDispersion.Encoded.tagPC f0c f1c)
DisequalityDispersion.Encoded.decodeNodeC : List Bool → ℕ
DisequalityDispersion.Encoded.consumes_decodeNode : DisequalityDispersion.Encoded.Consumes 26
  DisequalityDispersion.Encoded.decodeNode DisequalityDispersion.Encoded.decodeNodeC
DisequalityDispersion.Encoded.progress_decodeNode : DisequalityDispersion.Encoded.Progress
  DisequalityDispersion.Encoded.decodeNode
DisequalityDispersion.Encoded.decodeInstanceC : List Bool → ℕ
DisequalityDispersion.Encoded.consumes_decodeInstance : DisequalityDispersion.Encoded.Consumes 200
  DisequalityDispersion.Encoded.decodeInstance DisequalityDispersion.Encoded.decodeInstanceC
DisequalityDispersion.Encoded.decodeGC : List Bool → ℕ
DisequalityDispersion.Encoded.consumes_decodeG : DisequalityDispersion.Encoded.Consumes 220
  DisequalityDispersion.Encoded.decodeG DisequalityDispersion.Encoded.decodeGC
DisequalityDispersion.Encoded.decodePair'C : List Bool → ℕ
DisequalityDispersion.Encoded.consumes_decodePair' : DisequalityDispersion.Encoded.Consumes 225
  DisequalityDispersion.Encoded.decodePair' DisequalityDispersion.Encoded.decodePair'C
DisequalityDispersion.Encoded.decodeInputC : List Bool → ℕ
DisequalityDispersion.Encoded.decodeInputC_le : ∀ (l : List Bool),
  DisequalityDispersion.Encoded.decodeInputC l ≤ 225 * l.length ^ 2 + 226
DisequalityDispersion.Encoded.decideBitsC : List Bool → ℕ
DisequalityDispersion.Encoded.decideBitsC_le : ∀ (k : ℕ) (g : DisequalityDispersion.Encoded.GInstance),
  DisequalityDispersion.Encoded.decideBitsC (DisequalityDispersion.Encoded.encodeInput k g) ≤
    225 * (DisequalityDispersion.Encoded.natC k + DisequalityDispersion.Encoded.sizeG g) ^ 2 + 226 +
        91000 * DisequalityDispersion.Encoded.sizeG g ^ 6 +
      3 * DisequalityDispersion.Encoded.natC k
DisequalityDispersion.Encoded.decideBitsC_le_all : ∀ (bs : List Bool),
  DisequalityDispersion.Encoded.decideBitsC bs ≤ 92000 * (bs.length + 1) ^ 6
DisequalityDispersion.Costed : Type → Type
@DisequalityDispersion.Costed.pure : {α : Type} → α → DisequalityDispersion.Costed α
@DisequalityDispersion.Costed.bind : {α β : Type} →
  DisequalityDispersion.Costed α → (α → DisequalityDispersion.Costed β) → DisequalityDispersion.Costed β
DisequalityDispersion.Costed.tick : ℕ → DisequalityDispersion.Costed Unit
@DisequalityDispersion.Costed.pure_val : ∀ {α : Type} (a : α), (pure a).val = a
@DisequalityDispersion.Costed.pure_cost : ∀ {α : Type} (a : α), (pure a).cost = 0
@DisequalityDispersion.Costed.bind_val : ∀ {α β : Type} (x : DisequalityDispersion.Costed α)
  (f : α → DisequalityDispersion.Costed β), (x >>= f).val = (f x.val).val
@DisequalityDispersion.Costed.bind_cost : ∀ {α β : Type} (x : DisequalityDispersion.Costed α)
  (f : α → DisequalityDispersion.Costed β), (x >>= f).cost = x.cost + (f x.val).cost
DisequalityDispersion.Costed.tick_val : ∀ (n : ℕ), (DisequalityDispersion.Costed.tick n).val = ()
DisequalityDispersion.Costed.tick_cost : ∀ (n : ℕ), (DisequalityDispersion.Costed.tick n).cost = n
@DisequalityDispersion.Costed.filterM : {α : Type} →
  ℕ → (α → DisequalityDispersion.Costed Bool) → List α → DisequalityDispersion.Costed (List α)
@DisequalityDispersion.Costed.anyM : {α : Type} →
  ℕ → (α → DisequalityDispersion.Costed Bool) → List α → DisequalityDispersion.Costed Bool
@DisequalityDispersion.Costed.findM : {α : Type} →
  ℕ → (α → DisequalityDispersion.Costed Bool) → List α → DisequalityDispersion.Costed (Option α)
@DisequalityDispersion.Costed.filterM_val : ∀ {α : Type} (k : ℕ) (p : α → DisequalityDispersion.Costed Bool)
  (q : α → Bool),
  (∀ (a : α), (p a).val = q a) → ∀ (l : List α), (DisequalityDispersion.Costed.filterM k p l).val = List.filter q l
@DisequalityDispersion.Costed.filterM_cost : ∀ {α : Type} (k : ℕ) (p : α → DisequalityDispersion.Costed Bool)
  (pc : α → ℕ),
  (∀ (a : α), (p a).cost = pc a) →
    ∀ (l : List α), (DisequalityDispersion.Costed.filterM k p l).cost = (List.map (fun a => k + pc a) l).sum
@DisequalityDispersion.Costed.anyM_val : ∀ {α : Type} (k : ℕ) (p : α → DisequalityDispersion.Costed Bool)
  (q : α → Bool), (∀ (a : α), (p a).val = q a) → ∀ (l : List α), (DisequalityDispersion.Costed.anyM k p l).val = l.any q
@DisequalityDispersion.Costed.anyM_cost : ∀ {α : Type} (k : ℕ) (p : α → DisequalityDispersion.Costed Bool) (pc : α → ℕ),
  (∀ (a : α), (p a).cost = pc a) →
    ∀ (l : List α), (DisequalityDispersion.Costed.anyM k p l).cost = (List.map (fun a => k + pc a) l).sum
@DisequalityDispersion.Costed.findM_val : ∀ {α : Type} (k : ℕ) (p : α → DisequalityDispersion.Costed Bool)
  (q : α → Bool),
  (∀ (a : α), (p a).val = q a) → ∀ (l : List α), (DisequalityDispersion.Costed.findM k p l).val = List.find? q l
@DisequalityDispersion.Costed.findM_cost : ∀ {α : Type} (k : ℕ) (p : α → DisequalityDispersion.Costed Bool)
  (pc : α → ℕ),
  (∀ (a : α), (p a).cost = pc a) →
    ∀ (l : List α), (DisequalityDispersion.Costed.findM k p l).cost = (List.map (fun a => k + pc a) l).sum
@DisequalityDispersion.Costed.mapM : {α β : Type} →
  ℕ → (α → DisequalityDispersion.Costed β) → List α → DisequalityDispersion.Costed (List β)
@DisequalityDispersion.Costed.mapM_val : ∀ {α β : Type} (k : ℕ) (f : α → DisequalityDispersion.Costed β) (g : α → β),
  (∀ (a : α), (f a).val = g a) → ∀ (l : List α), (DisequalityDispersion.Costed.mapM k f l).val = List.map g l
@DisequalityDispersion.Costed.mapM_cost : ∀ {α β : Type} (k : ℕ) (f : α → DisequalityDispersion.Costed β) (fc : α → ℕ),
  (∀ (a : α), (f a).cost = fc a) →
    ∀ (l : List α), (DisequalityDispersion.Costed.mapM k f l).cost = (List.map (fun a => k + fc a) l).sum
@DisequalityDispersion.Costed.allM : {α : Type} →
  ℕ → (α → DisequalityDispersion.Costed Bool) → List α → DisequalityDispersion.Costed Bool
@DisequalityDispersion.Costed.allM_val : ∀ {α : Type} (k : ℕ) (p : α → DisequalityDispersion.Costed Bool)
  (q : α → Bool), (∀ (a : α), (p a).val = q a) → ∀ (l : List α), (DisequalityDispersion.Costed.allM k p l).val = l.all q
@DisequalityDispersion.Costed.allM_cost : ∀ {α : Type} (k : ℕ) (p : α → DisequalityDispersion.Costed Bool) (pc : α → ℕ),
  (∀ (a : α), (p a).cost = pc a) →
    ∀ (l : List α), (DisequalityDispersion.Costed.allM k p l).cost = (List.map (fun a => k + pc a) l).sum
DisequalityDispersion.Encoded.readBitsM : ℕ → List Bool → DisequalityDispersion.Costed (Option (List Bool × List Bool))
DisequalityDispersion.Encoded.readBitsM_val : ∀ (c : ℕ) (l : List Bool),
  (DisequalityDispersion.Encoded.readBitsM c l).val = DisequalityDispersion.Encoded.readBits c l
DisequalityDispersion.Encoded.readBitsM_cost : ∀ (c : ℕ) (l : List Bool),
  (DisequalityDispersion.Encoded.readBitsM c l).cost = DisequalityDispersion.Encoded.readBitsC c l
DisequalityDispersion.Encoded.fromBitsM : List Bool → DisequalityDispersion.Costed ℕ
DisequalityDispersion.Encoded.fromBitsM_val : ∀ (bs : List Bool),
  (DisequalityDispersion.Encoded.fromBitsM bs).val = DisequalityDispersion.Encoded.fromBits bs
DisequalityDispersion.Encoded.fromBitsM_cost : ∀ (bs : List Bool),
  (DisequalityDispersion.Encoded.fromBitsM bs).cost = DisequalityDispersion.Encoded.fromBitsC bs
DisequalityDispersion.Encoded.canonM : List Bool → DisequalityDispersion.Costed Bool
DisequalityDispersion.Encoded.canonM_val : ∀ (bs : List Bool),
  (DisequalityDispersion.Encoded.canonM bs).val = DisequalityDispersion.Encoded.Canon bs
DisequalityDispersion.Encoded.canonM_cost : ∀ (bs : List Bool),
  (DisequalityDispersion.Encoded.canonM bs).cost = DisequalityDispersion.Encoded.canonC bs
DisequalityDispersion.Encoded.decodeNatAuxM : ℕ → List Bool → DisequalityDispersion.Costed (Option (ℕ × List Bool))
DisequalityDispersion.Encoded.decodeNatAuxM_val : ∀ (c : ℕ) (l : List Bool),
  (DisequalityDispersion.Encoded.decodeNatAuxM c l).val = DisequalityDispersion.Encoded.decodeNatAux c l
DisequalityDispersion.Encoded.decodeNatAuxM_cost : ∀ (c : ℕ) (l : List Bool),
  (DisequalityDispersion.Encoded.decodeNatAuxM c l).cost = DisequalityDispersion.Encoded.decodeNatAuxC c l
DisequalityDispersion.Encoded.decodeNatM : List Bool → DisequalityDispersion.Costed (Option (ℕ × List Bool))
DisequalityDispersion.Encoded.decodeNatM_val : ∀ (l : List Bool),
  (DisequalityDispersion.Encoded.decodeNatM l).val = DisequalityDispersion.Encoded.decodeNat l
DisequalityDispersion.Encoded.decodeNatM_cost : ∀ (l : List Bool),
  (DisequalityDispersion.Encoded.decodeNatM l).cost = DisequalityDispersion.Encoded.decodeNatC l
@DisequalityDispersion.Encoded.bindPM : {α β : Type} →
  (List Bool → DisequalityDispersion.Costed (Option (α × List Bool))) →
    (α → List Bool → DisequalityDispersion.Costed (Option (β × List Bool))) →
      List Bool → DisequalityDispersion.Costed (Option (β × List Bool))
@DisequalityDispersion.Encoded.purePM : {β : Type} →
  β → List Bool → DisequalityDispersion.Costed (Option (β × List Bool))
@DisequalityDispersion.Encoded.bindPM_val : ∀ {α β : Type}
  {f : List Bool → DisequalityDispersion.Costed (Option (α × List Bool))} {fp : List Bool → Option (α × List Bool)},
  (∀ (l : List Bool), (f l).val = fp l) →
    ∀ {g : α → List Bool → DisequalityDispersion.Costed (Option (β × List Bool))}
      {gp : α → List Bool → Option (β × List Bool)},
      (∀ (a : α) (l : List Bool), (g a l).val = gp a l) →
        ∀ (l : List Bool),
          (DisequalityDispersion.Encoded.bindPM f g l).val = DisequalityDispersion.Encoded.bindP fp gp l
@DisequalityDispersion.Encoded.bindPM_cost : ∀ {α β : Type}
  {f : List Bool → DisequalityDispersion.Costed (Option (α × List Bool))} {fp : List Bool → Option (α × List Bool)}
  {fc : List Bool → ℕ},
  (∀ (l : List Bool), (f l).val = fp l) →
    (∀ (l : List Bool), (f l).cost = fc l) →
      ∀ {g : α → List Bool → DisequalityDispersion.Costed (Option (β × List Bool))} {gc : α → List Bool → ℕ},
        (∀ (a : α) (l : List Bool), (g a l).cost = gc a l) →
          ∀ (l : List Bool),
            (DisequalityDispersion.Encoded.bindPM f g l).cost = DisequalityDispersion.Encoded.bindPC fp fc gc l
@DisequalityDispersion.Encoded.purePM_val : ∀ {β : Type} (b : β) (l : List Bool),
  (DisequalityDispersion.Encoded.purePM b l).val = DisequalityDispersion.Encoded.pureP b l
@DisequalityDispersion.Encoded.purePM_cost : ∀ {β : Type} (b : β) (l : List Bool),
  (DisequalityDispersion.Encoded.purePM b l).cost = 0
@DisequalityDispersion.Encoded.decodeNM : {α : Type} →
  (List Bool → DisequalityDispersion.Costed (Option (α × List Bool))) →
    ℕ → List Bool → DisequalityDispersion.Costed (Option (List α × List Bool))
@DisequalityDispersion.Encoded.decodeNM_val : ∀ {α : Type}
  {f : List Bool → DisequalityDispersion.Costed (Option (α × List Bool))} {fp : List Bool → Option (α × List Bool)},
  (∀ (l : List Bool), (f l).val = fp l) →
    ∀ (n : ℕ) (l : List Bool),
      (DisequalityDispersion.Encoded.decodeNM f n l).val = DisequalityDispersion.Encoded.decodeN fp n l
@DisequalityDispersion.Encoded.decodeNM_cost : ∀ {α : Type}
  {f : List Bool → DisequalityDispersion.Costed (Option (α × List Bool))} {fp : List Bool → Option (α × List Bool)}
  {fc : List Bool → ℕ},
  (∀ (l : List Bool), (f l).val = fp l) →
    (∀ (l : List Bool), (f l).cost = fc l) →
      ∀ (n : ℕ) (l : List Bool),
        (DisequalityDispersion.Encoded.decodeNM f n l).cost = DisequalityDispersion.Encoded.decodeNC fp fc n l
@DisequalityDispersion.Encoded.decodeListM : {α : Type} →
  (List Bool → DisequalityDispersion.Costed (Option (α × List Bool))) →
    List Bool → DisequalityDispersion.Costed (Option (List α × List Bool))
@DisequalityDispersion.Encoded.decodeListM_val : ∀ {α : Type}
  {f : List Bool → DisequalityDispersion.Costed (Option (α × List Bool))} {fp : List Bool → Option (α × List Bool)},
  (∀ (l : List Bool), (f l).val = fp l) →
    ∀ (l : List Bool),
      (DisequalityDispersion.Encoded.decodeListM f l).val = DisequalityDispersion.Encoded.decodeList fp l
@DisequalityDispersion.Encoded.decodeListM_cost : ∀ {α : Type}
  {f : List Bool → DisequalityDispersion.Costed (Option (α × List Bool))} {fp : List Bool → Option (α × List Bool)}
  {fc : List Bool → ℕ},
  (∀ (l : List Bool), (f l).val = fp l) →
    (∀ (l : List Bool), (f l).cost = fc l) →
      ∀ (l : List Bool),
        (DisequalityDispersion.Encoded.decodeListM f l).cost = DisequalityDispersion.Encoded.decodeListC fp fc l
DisequalityDispersion.Encoded.decodePairM : List Bool → DisequalityDispersion.Costed (Option ((ℕ × ℕ) × List Bool))
DisequalityDispersion.Encoded.decodePairM_val : ∀ (l : List Bool),
  (DisequalityDispersion.Encoded.decodePairM l).val = DisequalityDispersion.Encoded.decodePair l
DisequalityDispersion.Encoded.decodePairM_cost : ∀ (l : List Bool),
  (DisequalityDispersion.Encoded.decodePairM l).cost = DisequalityDispersion.Encoded.decodePairC l
@DisequalityDispersion.Encoded.tagPM : {α : Type} →
  (List Bool → DisequalityDispersion.Costed (Option (α × List Bool))) →
    (List Bool → DisequalityDispersion.Costed (Option (α × List Bool))) →
      List Bool → DisequalityDispersion.Costed (Option (α × List Bool))
@DisequalityDispersion.Encoded.tagPM_val : ∀ {α : Type}
  {f0 f1 : List Bool → DisequalityDispersion.Costed (Option (α × List Bool))}
  {f0p f1p : List Bool → Option (α × List Bool)},
  (∀ (l : List Bool), (f0 l).val = f0p l) →
    (∀ (l : List Bool), (f1 l).val = f1p l) →
      ∀ (l : List Bool),
        (DisequalityDispersion.Encoded.tagPM f0 f1 l).val = DisequalityDispersion.Encoded.tagP f0p f1p l
@DisequalityDispersion.Encoded.tagPM_cost : ∀ {α : Type}
  {f0 f1 : List Bool → DisequalityDispersion.Costed (Option (α × List Bool))} {f0c f1c : List Bool → ℕ},
  (∀ (l : List Bool), (f0 l).cost = f0c l) →
    (∀ (l : List Bool), (f1 l).cost = f1c l) →
      ∀ (l : List Bool),
        (DisequalityDispersion.Encoded.tagPM f0 f1 l).cost = DisequalityDispersion.Encoded.tagPC f0c f1c l
DisequalityDispersion.Encoded.decodeNodeM : List Bool →
  DisequalityDispersion.Costed (Option (DisequalityDispersion.Encoded.Node × List Bool))
DisequalityDispersion.Encoded.decodeNodeM_val : ∀ (l : List Bool),
  (DisequalityDispersion.Encoded.decodeNodeM l).val = DisequalityDispersion.Encoded.decodeNode l
DisequalityDispersion.Encoded.decodeNodeM_cost : ∀ (l : List Bool),
  (DisequalityDispersion.Encoded.decodeNodeM l).cost = DisequalityDispersion.Encoded.decodeNodeC l
DisequalityDispersion.Encoded.decodeInstanceM : List Bool →
  DisequalityDispersion.Costed (Option (DisequalityDispersion.Encoded.Instance × List Bool))
DisequalityDispersion.Encoded.decodeInstanceM_val : ∀ (l : List Bool),
  (DisequalityDispersion.Encoded.decodeInstanceM l).val = DisequalityDispersion.Encoded.decodeInstance l
DisequalityDispersion.Encoded.decodeInstanceM_cost : ∀ (l : List Bool),
  (DisequalityDispersion.Encoded.decodeInstanceM l).cost = DisequalityDispersion.Encoded.decodeInstanceC l
DisequalityDispersion.Encoded.decodeGM : List Bool →
  DisequalityDispersion.Costed (Option (DisequalityDispersion.Encoded.GInstance × List Bool))
DisequalityDispersion.Encoded.decodeGM_val : ∀ (l : List Bool),
  (DisequalityDispersion.Encoded.decodeGM l).val = DisequalityDispersion.Encoded.decodeG l
DisequalityDispersion.Encoded.decodeGM_cost : ∀ (l : List Bool),
  (DisequalityDispersion.Encoded.decodeGM l).cost = DisequalityDispersion.Encoded.decodeGC l
DisequalityDispersion.Encoded.decodePair'M : List Bool →
  DisequalityDispersion.Costed (Option ((ℕ × DisequalityDispersion.Encoded.GInstance) × List Bool))
DisequalityDispersion.Encoded.decodePair'M_val : ∀ (l : List Bool),
  (DisequalityDispersion.Encoded.decodePair'M l).val = DisequalityDispersion.Encoded.decodePair' l
DisequalityDispersion.Encoded.decodePair'M_cost : ∀ (l : List Bool),
  (DisequalityDispersion.Encoded.decodePair'M l).cost = DisequalityDispersion.Encoded.decodePair'C l
DisequalityDispersion.Encoded.decodeInputM : List Bool →
  DisequalityDispersion.Costed (Option (ℕ × DisequalityDispersion.Encoded.GInstance))
DisequalityDispersion.Encoded.decodeInputM_val : ∀ (l : List Bool),
  (DisequalityDispersion.Encoded.decodeInputM l).val = DisequalityDispersion.Encoded.decodeInput l
DisequalityDispersion.Encoded.decodeInputM_cost : ∀ (l : List Bool),
  (DisequalityDispersion.Encoded.decodeInputM l).cost = DisequalityDispersion.Encoded.decodeInputC l
DisequalityDispersion.Encoded.decodeInputM_spec : ∀ (l : List Bool),
  (DisequalityDispersion.Encoded.decodeInputM l).val = DisequalityDispersion.Encoded.decodeInput l ∧
    (DisequalityDispersion.Encoded.decodeInputM l).cost = DisequalityDispersion.Encoded.decodeInputC l
DisequalityDispersion.Encoded.decodeInputM_steps : ∀ (l : List Bool),
  (DisequalityDispersion.Encoded.decodeInputM l).cost ≤ 225 * l.length ^ 2 + 226
@DisequalityDispersion.Flow.Network.memM : {ν : Type} →
  [DecidableEq ν] → (ν → ℕ) → List (ν × ν) → ν × ν → DisequalityDispersion.Costed Bool
@DisequalityDispersion.Flow.Network.any_eq_decide_mem : ∀ {α : Type} [inst : DecidableEq α] (e : α) (l : List α),
  (l.any fun e' => decide (e' = e)) = decide (e ∈ l)
@DisequalityDispersion.Flow.Network.memM_val : ∀ {ν : Type} [inst : DecidableEq ν] (c : ν → ℕ) (l : List (ν × ν))
  (e : ν × ν), (DisequalityDispersion.Flow.Network.memM c l e).val = decide (e ∈ l)
@DisequalityDispersion.Flow.Network.memM_cost : ∀ {ν : Type} [inst : DecidableEq ν] (c : ν → ℕ) (l : List (ν × ν))
  (e : ν × ν), (DisequalityDispersion.Flow.Network.memM c l e).cost = DisequalityDispersion.Flow.Network.memC c l e
@DisequalityDispersion.Flow.Network.memNM : {ν : Type} →
  [DecidableEq ν] → (ν → ℕ) → List ν → ν → DisequalityDispersion.Costed Bool
@DisequalityDispersion.Flow.Network.memNM_val : ∀ {ν : Type} [inst : DecidableEq ν] (c : ν → ℕ) (l : List ν) (x : ν),
  (DisequalityDispersion.Flow.Network.memNM c l x).val = decide (x ∈ l)
@DisequalityDispersion.Flow.Network.memNM_cost : ∀ {ν : Type} [inst : DecidableEq ν] (c : ν → ℕ) (l : List ν) (x : ν),
  (DisequalityDispersion.Flow.Network.memNM c l x).cost = DisequalityDispersion.Flow.Network.memNC c l x
@DisequalityDispersion.Flow.Network.resM : {ν : Type} →
  [DecidableEq ν] →
    DisequalityDispersion.Flow.Network ν → (ν → ℕ) → List (ν × ν) → ν → ν → DisequalityDispersion.Costed Bool
@DisequalityDispersion.Flow.Network.resM_val : ∀ {ν : Type} [inst : DecidableEq ν]
  (N : DisequalityDispersion.Flow.Network ν) (c : ν → ℕ) (U : List (ν × ν)) (a b : ν),
  (N.resM c U a b).val = decide (N.ResL U a b)
@DisequalityDispersion.Flow.Network.resM_cost : ∀ {ν : Type} [inst : DecidableEq ν]
  (N : DisequalityDispersion.Flow.Network ν) (c : ν → ℕ) (U : List (ν × ν)) (a b : ν),
  (N.resM c U a b).cost = N.resC c U a b
@DisequalityDispersion.Flow.Network.newFrontM : {ν : Type} →
  [DecidableEq ν] →
    DisequalityDispersion.Flow.Network ν →
      (ν → ℕ) → List (ν × ν) → List ν → List ν → DisequalityDispersion.Costed (List ν)
@DisequalityDispersion.Flow.Network.newFrontM_val : ∀ {ν : Type} [inst : DecidableEq ν]
  (N : DisequalityDispersion.Flow.Network ν) (c : ν → ℕ) (U : List (ν × ν)) (seen front : List ν),
  (N.newFrontM c U seen front).val = N.newFront U seen front
@DisequalityDispersion.Flow.Network.newFrontM_cost : ∀ {ν : Type} [inst : DecidableEq ν]
  (N : DisequalityDispersion.Flow.Network ν) (c : ν → ℕ) (U : List (ν × ν)) (seen front : List ν),
  (N.newFrontM c U seen front).cost = N.newFrontC c U seen front
@DisequalityDispersion.Flow.Network.layersAuxM : {ν : Type} →
  [DecidableEq ν] →
    DisequalityDispersion.Flow.Network ν →
      (ν → ℕ) → List (ν × ν) → ℕ → List ν → List ν → DisequalityDispersion.Costed (List (List ν))
@DisequalityDispersion.Flow.Network.layersAuxM_val : ∀ {ν : Type} [inst : DecidableEq ν]
  (N : DisequalityDispersion.Flow.Network ν) (c : ν → ℕ) (U : List (ν × ν)) (k : ℕ) (seen front : List ν),
  (N.layersAuxM c U k seen front).val = N.layersAux U k seen front
@DisequalityDispersion.Flow.Network.layersAuxM_cost : ∀ {ν : Type} [inst : DecidableEq ν]
  (N : DisequalityDispersion.Flow.Network ν) (c : ν → ℕ) (U : List (ν × ν)) (k : ℕ) (seen front : List ν),
  (N.layersAuxM c U k seen front).cost = N.layersAuxC c U k seen front
@DisequalityDispersion.Flow.Network.layersM : {ν : Type} →
  [DecidableEq ν] →
    DisequalityDispersion.Flow.Network ν → (ν → ℕ) → List (ν × ν) → DisequalityDispersion.Costed (List (List ν))
@DisequalityDispersion.Flow.Network.layersM_val : ∀ {ν : Type} [inst : DecidableEq ν]
  (N : DisequalityDispersion.Flow.Network ν) (c : ν → ℕ) (U : List (ν × ν)), (N.layersM c U).val = N.layers U
@DisequalityDispersion.Flow.Network.layersM_cost : ∀ {ν : Type} [inst : DecidableEq ν]
  (N : DisequalityDispersion.Flow.Network ν) (c : ν → ℕ) (U : List (ν × ν)), (N.layersM c U).cost = N.layersC c U
@DisequalityDispersion.Flow.Network.seenM : {ν : Type} →
  [DecidableEq ν] →
    DisequalityDispersion.Flow.Network ν → (ν → ℕ) → List (ν × ν) → DisequalityDispersion.Costed (List ν)
@DisequalityDispersion.Flow.Network.seenM_val : ∀ {ν : Type} [inst : DecidableEq ν]
  (N : DisequalityDispersion.Flow.Network ν) (c : ν → ℕ) (U : List (ν × ν)), (N.seenM c U).val = N.seen U
@DisequalityDispersion.Flow.Network.seenM_cost : ∀ {ν : Type} [inst : DecidableEq ν]
  (N : DisequalityDispersion.Flow.Network ν) (c : ν → ℕ) (U : List (ν × ν)), (N.seenM c U).cost = N.seenC c U
@DisequalityDispersion.Flow.Network.descendRM : {ν : Type} →
  [DecidableEq ν] →
    DisequalityDispersion.Flow.Network ν →
      (ν → ℕ) → List (ν × ν) → List (List ν) → ν → DisequalityDispersion.Costed (List ν)
@DisequalityDispersion.Flow.Network.descendRM_val : ∀ {ν : Type} [inst : DecidableEq ν]
  (N : DisequalityDispersion.Flow.Network ν) (c : ν → ℕ) (U : List (ν × ν)) (rls : List (List ν)) (y : ν),
  (N.descendRM c U rls y).val = N.descendR U rls y
@DisequalityDispersion.Flow.Network.descendRM_cost : ∀ {ν : Type} [inst : DecidableEq ν]
  (N : DisequalityDispersion.Flow.Network ν) (c : ν → ℕ) (U : List (ν × ν)) (rls : List (List ν)) (y : ν),
  (N.descendRM c U rls y).cost = N.descendRC c U rls y
@DisequalityDispersion.Flow.Network.extractRM : {ν : Type} →
  [DecidableEq ν] →
    DisequalityDispersion.Flow.Network ν →
      (ν → ℕ) → List (ν × ν) → List (List ν) → ν → DisequalityDispersion.Costed (List ν)
@DisequalityDispersion.Flow.Network.extractRM_val : ∀ {ν : Type} [inst : DecidableEq ν]
  (N : DisequalityDispersion.Flow.Network ν) (c : ν → ℕ) (U : List (ν × ν)) (rls : List (List ν)) (y : ν),
  (N.extractRM c U rls y).val = N.extractR U rls y
@DisequalityDispersion.Flow.Network.extractRM_cost : ∀ {ν : Type} [inst : DecidableEq ν]
  (N : DisequalityDispersion.Flow.Network ν) (c : ν → ℕ) (U : List (ν × ν)) (rls : List (List ν)) (y : ν),
  (N.extractRM c U rls y).cost = N.extractRC c U rls y
@DisequalityDispersion.Flow.Network.augPathM : {ν : Type} →
  [DecidableEq ν] →
    DisequalityDispersion.Flow.Network ν → (ν → ℕ) → List (ν × ν) → DisequalityDispersion.Costed (List ν)
@DisequalityDispersion.Flow.Network.augPathM_val : ∀ {ν : Type} [inst : DecidableEq ν]
  (N : DisequalityDispersion.Flow.Network ν) (c : ν → ℕ) (U : List (ν × ν)), (N.augPathM c U).val = N.augPath U
@DisequalityDispersion.Flow.Network.augPathM_cost : ∀ {ν : Type} [inst : DecidableEq ν]
  (N : DisequalityDispersion.Flow.Network ν) (c : ν → ℕ) (U : List (ν × ν)), (N.augPathM c U).cost = N.augPathC c U
@DisequalityDispersion.Flow.Network.stepsM : {ν : Type} → List ν → DisequalityDispersion.Costed (List (ν × ν))
@DisequalityDispersion.Flow.Network.stepsM_val : ∀ {ν : Type} (p : List ν),
  (DisequalityDispersion.Flow.Network.stepsM p).val = DisequalityDispersion.Flow.Network.steps p
@DisequalityDispersion.Flow.Network.stepsM_cost : ∀ {ν : Type} (p : List ν),
  (DisequalityDispersion.Flow.Network.stepsM p).cost = p.length
@DisequalityDispersion.Flow.Network.augmentM : {ν : Type} →
  [DecidableEq ν] →
    DisequalityDispersion.Flow.Network ν → (ν → ℕ) → List (ν × ν) → List ν → DisequalityDispersion.Costed (List (ν × ν))
@DisequalityDispersion.Flow.Network.augmentM_val : ∀ {ν : Type} [inst : DecidableEq ν]
  (N : DisequalityDispersion.Flow.Network ν) (c : ν → ℕ) (U : List (ν × ν)) (p : List ν),
  (N.augmentM c U p).val = N.augment U p
@DisequalityDispersion.Flow.Network.augmentM_cost : ∀ {ν : Type} [inst : DecidableEq ν]
  (N : DisequalityDispersion.Flow.Network ν) (c : ν → ℕ) (U : List (ν × ν)) (p : List ν),
  (N.augmentM c U p).cost = N.augmentC c U p
@DisequalityDispersion.Flow.Network.ffAuxM : {ν : Type} →
  [DecidableEq ν] →
    DisequalityDispersion.Flow.Network ν → (ν → ℕ) → ℕ → List (ν × ν) → DisequalityDispersion.Costed (List (ν × ν))
@DisequalityDispersion.Flow.Network.ffAuxM_val : ∀ {ν : Type} [inst : DecidableEq ν]
  (N : DisequalityDispersion.Flow.Network ν) (c : ν → ℕ) (f : ℕ) (U : List (ν × ν)), (N.ffAuxM c f U).val = N.ffAux f U
@DisequalityDispersion.Flow.Network.ffAuxM_cost : ∀ {ν : Type} [inst : DecidableEq ν]
  (N : DisequalityDispersion.Flow.Network ν) (c : ν → ℕ) (f : ℕ) (U : List (ν × ν)),
  (N.ffAuxM c f U).cost = N.ffAuxC c f U
@DisequalityDispersion.Flow.Network.maxflowM : {ν : Type} →
  [DecidableEq ν] → DisequalityDispersion.Flow.Network ν → (ν → ℕ) → DisequalityDispersion.Costed (List (ν × ν))
@DisequalityDispersion.Flow.Network.maxflowM_val : ∀ {ν : Type} [inst : DecidableEq ν]
  (N : DisequalityDispersion.Flow.Network ν) (c : ν → ℕ), (N.maxflowM c).val = N.maxflow
@DisequalityDispersion.Flow.Network.maxflowM_cost : ∀ {ν : Type} [inst : DecidableEq ν]
  (N : DisequalityDispersion.Flow.Network ν) (c : ν → ℕ), (N.maxflowM c).cost = N.maxflowC c
@DisequalityDispersion.Flow.Network.maxflowM_spec : ∀ {ν : Type} [inst : DecidableEq ν]
  (N : DisequalityDispersion.Flow.Network ν) (c : ν → ℕ),
  N.Ok →
    ∀ (L : ℕ),
      (∀ x ∈ N.nodes, c x ≤ L) →
        (N.maxflowM c).val = N.maxflow ∧
          (N.maxflowM c).cost = N.maxflowC c ∧
            (N.maxflowM c).cost ≤ DisequalityDispersion.Flow.Network.flowBound N.nodes.length N.arcs.length L
@DisequalityDispersion.Encoded.Instance.getDM' : {α : Type} → List α → ℕ → α → DisequalityDispersion.Costed α
@DisequalityDispersion.Encoded.Instance.getDM'_val : ∀ {α : Type} (l : List α) (j : ℕ) (d : α),
  (DisequalityDispersion.Encoded.Instance.getDM' l j d).val = l.getD j d
@DisequalityDispersion.Encoded.Instance.getDM'_cost : ∀ {α : Type} (l : List α) (j : ℕ) (d : α),
  (DisequalityDispersion.Encoded.Instance.getDM' l j d).cost = DisequalityDispersion.Encoded.accessC l j
DisequalityDispersion.Encoded.Instance.nodupM : List ℕ → DisequalityDispersion.Costed Bool
DisequalityDispersion.Encoded.Instance.nodupM_val : ∀ (l : List ℕ),
  (DisequalityDispersion.Encoded.Instance.nodupM l).val = decide l.Nodup
DisequalityDispersion.Encoded.Instance.nodupM_cost : ∀ (l : List ℕ),
  (DisequalityDispersion.Encoded.Instance.nodupM l).cost = DisequalityDispersion.Encoded.Instance.nodupC l
DisequalityDispersion.Encoded.Instance.nodeOkM : DisequalityDispersion.Encoded.Instance →
  ℕ → DisequalityDispersion.Encoded.Node → DisequalityDispersion.Costed Bool
DisequalityDispersion.Encoded.Instance.nodeOkM_val : ∀ (γ : DisequalityDispersion.Encoded.Instance) (j : ℕ)
  (nd : DisequalityDispersion.Encoded.Node), (γ.nodeOkM j nd).val = γ.nodeOk j nd
DisequalityDispersion.Encoded.Instance.nodeOkM_cost : ∀ (γ : DisequalityDispersion.Encoded.Instance) (j : ℕ)
  (nd : DisequalityDispersion.Encoded.Node), (γ.nodeOkM j nd).cost = γ.nodeOkC j nd
DisequalityDispersion.Encoded.Instance.nodesOkM : DisequalityDispersion.Encoded.Instance →
  DisequalityDispersion.Costed Bool
DisequalityDispersion.Encoded.Instance.nodesOkM_val : ∀ (γ : DisequalityDispersion.Encoded.Instance),
  γ.nodesOkM.val = γ.nodesOk
DisequalityDispersion.Encoded.Instance.nodesOkM_cost : ∀ (γ : DisequalityDispersion.Encoded.Instance),
  γ.nodesOkM.cost =
    2 * γ.nodes.length + γ.nodesOkC +
      (List.map (fun nd => γ.sources.length + γ.symbols.length + DisequalityDispersion.Encoded.Instance.argsLen nd)
          γ.nodes).sum
DisequalityDispersion.Encoded.Instance.guardOkM : DisequalityDispersion.Encoded.Instance →
  DisequalityDispersion.Costed Bool
DisequalityDispersion.Encoded.Instance.guardOkM_val : ∀ (γ : DisequalityDispersion.Encoded.Instance),
  γ.guardOkM.val = γ.guardOk
DisequalityDispersion.Encoded.Instance.guardOkM_cost : ∀ (γ : DisequalityDispersion.Encoded.Instance),
  γ.guardOkM.cost = γ.guardC
DisequalityDispersion.Encoded.Instance.isValidM : DisequalityDispersion.Encoded.Instance →
  DisequalityDispersion.Costed Bool
DisequalityDispersion.Encoded.Instance.isValidM_val : ∀ (γ : DisequalityDispersion.Encoded.Instance),
  γ.isValidM.val = γ.isValid
DisequalityDispersion.Encoded.Instance.isValidM_cost : ∀ (γ : DisequalityDispersion.Encoded.Instance),
  γ.isValidM.cost = γ.isValidC'
DisequalityDispersion.Encoded.Instance.sigWithM : List ℕ →
  DisequalityDispersion.Encoded.Node → DisequalityDispersion.Costed DisequalityDispersion.Encoded.Node
DisequalityDispersion.Encoded.Instance.sigWithM_val : ∀ (ids : List ℕ) (nd : DisequalityDispersion.Encoded.Node),
  (DisequalityDispersion.Encoded.Instance.sigWithM ids nd).val = DisequalityDispersion.Encoded.Instance.sigWith ids nd
DisequalityDispersion.Encoded.Instance.sigWithM_cost : ∀ (ids : List ℕ) (nd : DisequalityDispersion.Encoded.Node),
  (DisequalityDispersion.Encoded.Instance.sigWithM ids nd).cost =
    DisequalityDispersion.Encoded.Instance.sigC ids nd + DisequalityDispersion.Encoded.nodeC nd
DisequalityDispersion.Encoded.Instance.firstIndexM : ℕ →
  (ℕ → DisequalityDispersion.Costed Bool) → ℕ → DisequalityDispersion.Costed ℕ
DisequalityDispersion.Encoded.Instance.firstIndexM_val : ∀ (J : ℕ) (pM : ℕ → DisequalityDispersion.Costed Bool)
  (p : ℕ → Bool),
  (∀ (i : ℕ), (pM i).val = p i) →
    ∀ (n : ℕ),
      (DisequalityDispersion.Encoded.Instance.firstIndexM J pM n).val =
        DisequalityDispersion.Encoded.Instance.firstIndex p n
DisequalityDispersion.Encoded.Instance.firstIndexM_cost : ∀ (J : ℕ) (pM : ℕ → DisequalityDispersion.Costed Bool)
  (pc : ℕ → ℕ),
  (∀ (i : ℕ), (pM i).cost = pc i) →
    ∀ (n : ℕ),
      (DisequalityDispersion.Encoded.Instance.firstIndexM J pM n).cost =
        (List.map (fun i => 1 + pc i + (DisequalityDispersion.Encoded.natC J + 1)) (List.range n)).sum
@DisequalityDispersion.Encoded.Instance.buildListM : {α : Type} →
  (List α → ℕ → DisequalityDispersion.Costed α) → ℕ → DisequalityDispersion.Costed (List α)
@DisequalityDispersion.Encoded.Instance.buildListM_val : ∀ {α : Type}
  (stepM : List α → ℕ → DisequalityDispersion.Costed α) (step : List α → ℕ → α),
  (∀ (acc : List α) (j : ℕ), (stepM acc j).val = step acc j) →
    ∀ (n : ℕ),
      (DisequalityDispersion.Encoded.Instance.buildListM stepM n).val = DisequalityDispersion.Encoded.buildList step n
@DisequalityDispersion.Encoded.Instance.buildListM_cost : ∀ {α : Type}
  (stepM : List α → ℕ → DisequalityDispersion.Costed α) (step : List α → ℕ → α) (sc : List α → ℕ → ℕ),
  (∀ (acc : List α) (j : ℕ), (stepM acc j).val = step acc j) →
    (∀ (acc : List α) (j : ℕ), (stepM acc j).cost = sc acc j) →
      ∀ (n : ℕ),
        (DisequalityDispersion.Encoded.Instance.buildListM stepM n).cost =
          (List.map (fun j => 1 + sc (DisequalityDispersion.Encoded.buildList step j) j + j) (List.range n)).sum
DisequalityDispersion.Encoded.Instance.canonStepM : DisequalityDispersion.Encoded.Instance →
  List ℕ → ℕ → DisequalityDispersion.Costed ℕ
DisequalityDispersion.Encoded.Instance.canonStepM_val : ∀ (γ : DisequalityDispersion.Encoded.Instance) (ids : List ℕ)
  (j : ℕ), (γ.canonStepM ids j).val = γ.canonStep ids j
DisequalityDispersion.Encoded.Instance.canonStepM_cost : ∀ (γ : DisequalityDispersion.Encoded.Instance) (ids : List ℕ)
  (j : ℕ),
  (γ.canonStepM ids j).cost =
    γ.canonStepC ids j +
          DisequalityDispersion.Encoded.nodeC (γ.nodes.getD j (DisequalityDispersion.Encoded.Node.src 0)) +
        (List.map
            (fun i => DisequalityDispersion.Encoded.nodeC (γ.nodes.getD i (DisequalityDispersion.Encoded.Node.src 0)))
            (List.range j)).sum +
      j * (DisequalityDispersion.Encoded.natC j + 1)
DisequalityDispersion.Encoded.Instance.canonIdsM : DisequalityDispersion.Encoded.Instance →
  DisequalityDispersion.Costed (List ℕ)
DisequalityDispersion.Encoded.Instance.canonIdsM_val : ∀ (γ : DisequalityDispersion.Encoded.Instance),
  γ.canonIdsM.val = γ.canonIds
DisequalityDispersion.Encoded.Instance.canonIdsM_cost : ∀ (γ : DisequalityDispersion.Encoded.Instance),
  γ.canonIdsM.cost = γ.canonIdsC'
DisequalityDispersion.Encoded.GInstance.getDM : List ℕ → ℕ → DisequalityDispersion.Costed ℕ
DisequalityDispersion.Encoded.GInstance.getDM_val : ∀ (l : List ℕ) (j : ℕ),
  (DisequalityDispersion.Encoded.GInstance.getDM l j).val = l.getD j 0
DisequalityDispersion.Encoded.GInstance.getDM_cost : ∀ (l : List ℕ) (j : ℕ),
  (DisequalityDispersion.Encoded.GInstance.getDM l j).cost = DisequalityDispersion.Encoded.accessC l j
DisequalityDispersion.Encoded.GInstance.getNodeM : DisequalityDispersion.Encoded.GInstance →
  ℕ → DisequalityDispersion.Costed DisequalityDispersion.Encoded.Node
DisequalityDispersion.Encoded.GInstance.getNodeM_val : ∀ (g : DisequalityDispersion.Encoded.GInstance) (j : ℕ),
  (g.getNodeM j).val = g.base.nodes.getD j (DisequalityDispersion.Encoded.Node.src 0)
DisequalityDispersion.Encoded.GInstance.getNodeM_cost : ∀ (g : DisequalityDispersion.Encoded.GInstance) (j : ℕ),
  (g.getNodeM j).cost = DisequalityDispersion.Encoded.accessC g.base.nodes j
DisequalityDispersion.Encoded.GInstance.netSM : DisequalityDispersion.Encoded.GInstance → DisequalityDispersion.Costed ℕ
DisequalityDispersion.Encoded.GInstance.netTM : DisequalityDispersion.Encoded.GInstance → DisequalityDispersion.Costed ℕ
DisequalityDispersion.Encoded.GInstance.netSM_val : ∀ (g : DisequalityDispersion.Encoded.GInstance),
  g.netSM.val = g.netS
DisequalityDispersion.Encoded.GInstance.netSM_cost : ∀ (g : DisequalityDispersion.Encoded.GInstance),
  g.netSM.cost = g.netSC
DisequalityDispersion.Encoded.GInstance.netTM_val : ∀ (g : DisequalityDispersion.Encoded.GInstance),
  g.netTM.val = g.netT
DisequalityDispersion.Encoded.GInstance.netTM_cost : ∀ (g : DisequalityDispersion.Encoded.GInstance),
  g.netTM.cost = g.netSC
DisequalityDispersion.Encoded.GInstance.rangeM : DisequalityDispersion.Encoded.GInstance →
  DisequalityDispersion.Costed (List ℕ)
DisequalityDispersion.Encoded.GInstance.rangeM_val : ∀ (g : DisequalityDispersion.Encoded.GInstance),
  g.rangeM.val = List.range g.base.nodes.length
DisequalityDispersion.Encoded.GInstance.rangeM_cost : ∀ (g : DisequalityDispersion.Encoded.GInstance),
  g.rangeM.cost = g.rangeC
DisequalityDispersion.Encoded.GInstance.argsOfM : DisequalityDispersion.Encoded.GInstance →
  ℕ → DisequalityDispersion.Costed (List ℕ)
DisequalityDispersion.Encoded.GInstance.argsOfM_val : ∀ (g : DisequalityDispersion.Encoded.GInstance) (j : ℕ),
  (g.argsOfM j).val = g.argsOf j
DisequalityDispersion.Encoded.GInstance.argsOfM_cost : ∀ (g : DisequalityDispersion.Encoded.GInstance) (j : ℕ),
  (g.argsOfM j).cost = DisequalityDispersion.Encoded.accessC g.base.nodes j
DisequalityDispersion.Encoded.GInstance.isSrcNodeM : DisequalityDispersion.Encoded.GInstance →
  ℕ → DisequalityDispersion.Costed Bool
DisequalityDispersion.Encoded.GInstance.isSrcNodeM_val : ∀ (g : DisequalityDispersion.Encoded.GInstance) (j : ℕ),
  (g.isSrcNodeM j).val = g.isSrcNode j
DisequalityDispersion.Encoded.GInstance.isSrcNodeM_cost : ∀ (g : DisequalityDispersion.Encoded.GInstance) (j : ℕ),
  (g.isSrcNodeM j).cost = DisequalityDispersion.Encoded.accessC g.base.nodes j
DisequalityDispersion.Encoded.GInstance.dedupM : List (ℕ × ℕ) → DisequalityDispersion.Costed (List (ℕ × ℕ))
DisequalityDispersion.Encoded.GInstance.dedupM_val : ∀ (l : List (ℕ × ℕ)),
  (DisequalityDispersion.Encoded.GInstance.dedupM l).val = DisequalityDispersion.Encoded.dedupList l
DisequalityDispersion.Encoded.GInstance.dedupM_cost : ∀ (l : List (ℕ × ℕ)),
  (DisequalityDispersion.Encoded.GInstance.dedupM l).cost = DisequalityDispersion.Encoded.GInstance.dedupC l
DisequalityDispersion.Encoded.GInstance.idxOfAuxM : DisequalityDispersion.Encoded.Node →
  List DisequalityDispersion.Encoded.Node → DisequalityDispersion.Costed ℕ
DisequalityDispersion.Encoded.GInstance.idxOfAuxM_val : ∀ (nd : DisequalityDispersion.Encoded.Node)
  (l : List DisequalityDispersion.Encoded.Node),
  (DisequalityDispersion.Encoded.GInstance.idxOfAuxM nd l).val = List.idxOf nd l
DisequalityDispersion.Encoded.GInstance.idxOfAuxM_cost : ∀ (nd : DisequalityDispersion.Encoded.Node)
  (l : List DisequalityDispersion.Encoded.Node),
  (DisequalityDispersion.Encoded.GInstance.idxOfAuxM nd l).cost =
    (List.map (fun nd' => 1 + DisequalityDispersion.Encoded.nodeC nd + DisequalityDispersion.Encoded.nodeC nd') l).sum
DisequalityDispersion.Encoded.GInstance.idxOfM : DisequalityDispersion.Encoded.GInstance →
  DisequalityDispersion.Encoded.Node → DisequalityDispersion.Costed ℕ
DisequalityDispersion.Encoded.GInstance.idxOfM_val : ∀ (g : DisequalityDispersion.Encoded.GInstance)
  (nd : DisequalityDispersion.Encoded.Node), (g.idxOfM nd).val = List.idxOf nd g.base.nodes
DisequalityDispersion.Encoded.GInstance.idxOfM_cost : ∀ (g : DisequalityDispersion.Encoded.GInstance)
  (nd : DisequalityDispersion.Encoded.Node), (g.idxOfM nd).cost = g.idxOfC nd
DisequalityDispersion.Encoded.GInstance.isValidBaseM : DisequalityDispersion.Encoded.GInstance →
  DisequalityDispersion.Costed Bool
DisequalityDispersion.Encoded.GInstance.canonIdsM : DisequalityDispersion.Encoded.GInstance →
  DisequalityDispersion.Costed (List ℕ)
DisequalityDispersion.Encoded.GInstance.isValidBaseM_val : ∀ (g : DisequalityDispersion.Encoded.GInstance),
  g.isValidBaseM.val = g.base.isValid
DisequalityDispersion.Encoded.GInstance.isValidBaseM_cost : ∀ (g : DisequalityDispersion.Encoded.GInstance),
  g.isValidBaseM.cost = g.base.isValidC'
DisequalityDispersion.Encoded.GInstance.canonIdsM_val : ∀ (g : DisequalityDispersion.Encoded.GInstance),
  g.canonIdsM.val = g.base.canonIds
DisequalityDispersion.Encoded.GInstance.canonIdsM_cost : ∀ (g : DisequalityDispersion.Encoded.GInstance),
  g.canonIdsM.cost = g.base.canonIdsC'
DisequalityDispersion.Encoded.GInstance.testsDistinctM : DisequalityDispersion.Encoded.GInstance →
  List ℕ → DisequalityDispersion.Costed Bool
DisequalityDispersion.Encoded.GInstance.testsDistinctM_val : ∀ (g : DisequalityDispersion.Encoded.GInstance)
  (ids : List ℕ), (g.testsDistinctM ids).val = g.base.testsDistinct ids
DisequalityDispersion.Encoded.GInstance.testsDistinctM_cost : ∀ (g : DisequalityDispersion.Encoded.GInstance)
  (ids : List ℕ), (g.testsDistinctM ids).cost = g.base.testsDistinctC ids
DisequalityDispersion.Encoded.GInstance.isValidGM : DisequalityDispersion.Encoded.GInstance →
  DisequalityDispersion.Costed Bool
DisequalityDispersion.Encoded.GInstance.isValidGM_val : ∀ (g : DisequalityDispersion.Encoded.GInstance),
  g.isValidGM.val = g.isValid
DisequalityDispersion.Encoded.GInstance.isValidGM_cost : ∀ (g : DisequalityDispersion.Encoded.GInstance),
  g.isValidGM.cost = g.isValidGC
DisequalityDispersion.Encoded.GInstance.repsM : DisequalityDispersion.Encoded.GInstance →
  List ℕ → DisequalityDispersion.Costed (List ℕ)
DisequalityDispersion.Encoded.GInstance.repsM_val : ∀ (g : DisequalityDispersion.Encoded.GInstance) (ids : List ℕ),
  (g.repsM ids).val = g.repsL ids
DisequalityDispersion.Encoded.GInstance.repsM_cost : ∀ (g : DisequalityDispersion.Encoded.GInstance) (ids : List ℕ),
  (g.repsM ids).cost = g.repsCL ids
DisequalityDispersion.Encoded.GInstance.nodeArcsM : DisequalityDispersion.Encoded.GInstance →
  List ℕ → DisequalityDispersion.Costed (List (ℕ × ℕ))
DisequalityDispersion.Encoded.GInstance.nodeArcsM_val : ∀ (g : DisequalityDispersion.Encoded.GInstance) (ids : List ℕ),
  (g.nodeArcsM ids).val = g.nodeArcsL ids
DisequalityDispersion.Encoded.GInstance.nodeArcsM_cost : ∀ (g : DisequalityDispersion.Encoded.GInstance) (ids : List ℕ),
  (g.nodeArcsM ids).cost = g.nodeArcsCL ids
DisequalityDispersion.Encoded.GInstance.netNodesM : DisequalityDispersion.Encoded.GInstance →
  List ℕ → DisequalityDispersion.Costed (List ℕ)
DisequalityDispersion.Encoded.GInstance.netNodesM_val : ∀ (g : DisequalityDispersion.Encoded.GInstance) (ids : List ℕ),
  (g.netNodesM ids).val = g.netNodesL ids
DisequalityDispersion.Encoded.GInstance.netNodesM_cost : ∀ (g : DisequalityDispersion.Encoded.GInstance) (ids : List ℕ),
  (g.netNodesM ids).cost = g.netNodesCL ids
DisequalityDispersion.Encoded.GInstance.edgeArcsM : DisequalityDispersion.Encoded.GInstance →
  List ℕ → DisequalityDispersion.Costed (List (ℕ × ℕ))
DisequalityDispersion.Encoded.GInstance.edgeArcsM_val : ∀ (g : DisequalityDispersion.Encoded.GInstance) (ids : List ℕ),
  (g.edgeArcsM ids).val = g.edgeArcsL ids
DisequalityDispersion.Encoded.GInstance.edgeArcsM_cost : ∀ (g : DisequalityDispersion.Encoded.GInstance) (ids : List ℕ),
  (g.edgeArcsM ids).cost = g.edgeArcsCL ids
DisequalityDispersion.Encoded.GInstance.srcArcsM : DisequalityDispersion.Encoded.GInstance →
  List ℕ → DisequalityDispersion.Costed (List (ℕ × ℕ))
DisequalityDispersion.Encoded.GInstance.srcArcsM_val : ∀ (g : DisequalityDispersion.Encoded.GInstance) (ids : List ℕ),
  (g.srcArcsM ids).val = g.srcArcsL ids
DisequalityDispersion.Encoded.GInstance.srcArcsM_cost : ∀ (g : DisequalityDispersion.Encoded.GInstance) (ids : List ℕ),
  (g.srcArcsM ids).cost = g.srcArcsCL ids
DisequalityDispersion.Encoded.GInstance.snkArcsM : DisequalityDispersion.Encoded.GInstance →
  List ℕ → DisequalityDispersion.Costed (List (ℕ × ℕ))
DisequalityDispersion.Encoded.GInstance.snkArcsM_val : ∀ (g : DisequalityDispersion.Encoded.GInstance) (ids : List ℕ),
  (g.snkArcsM ids).val = g.snkArcsL ids
DisequalityDispersion.Encoded.GInstance.snkArcsM_cost : ∀ (g : DisequalityDispersion.Encoded.GInstance) (ids : List ℕ),
  (g.snkArcsM ids).cost = g.snkArcsCL ids
DisequalityDispersion.Encoded.GInstance.networkM : DisequalityDispersion.Encoded.GInstance →
  List ℕ → DisequalityDispersion.Costed (DisequalityDispersion.Flow.Network ℕ)
DisequalityDispersion.Encoded.GInstance.networkM_val : ∀ (g : DisequalityDispersion.Encoded.GInstance) (ids : List ℕ),
  (g.networkM ids).val = g.networkL ids
DisequalityDispersion.Encoded.GInstance.networkM_cost : ∀ (g : DisequalityDispersion.Encoded.GInstance) (ids : List ℕ),
  (g.networkM ids).cost = g.networkCL ids
DisequalityDispersion.Encoded.GInstance.rhoFlowM : DisequalityDispersion.Encoded.GInstance →
  List ℕ → DisequalityDispersion.Costed ℕ
DisequalityDispersion.Encoded.GInstance.rhoFlowM_val : ∀ (g : DisequalityDispersion.Encoded.GInstance) (ids : List ℕ),
  (g.rhoFlowM ids).val = g.rhoFlowL ids
DisequalityDispersion.Encoded.GInstance.rhoFlowM_cost : ∀ (g : DisequalityDispersion.Encoded.GInstance) (ids : List ℕ),
  (g.rhoFlowM ids).cost = g.rhoFlowCL ids
DisequalityDispersion.Encoded.GInstance.strictDecidePM : DisequalityDispersion.Encoded.GInstance →
  ℕ → DisequalityDispersion.Costed Bool
DisequalityDispersion.Encoded.GInstance.strictDecidePM_val : ∀ (g : DisequalityDispersion.Encoded.GInstance) (k : ℕ),
  (g.strictDecidePM k).val = g.strictDecideP k
DisequalityDispersion.Encoded.GInstance.strictDecidePM_cost : ∀ (g : DisequalityDispersion.Encoded.GInstance) (k : ℕ),
  (g.strictDecidePM k).cost = g.strictDecidePC k
DisequalityDispersion.Encoded.GInstance.strictDecidePM_spec : ∀ (g : DisequalityDispersion.Encoded.GInstance) (k : ℕ),
  (g.strictDecidePM k).val = g.strictDecideP k ∧ (g.strictDecidePM k).cost = g.strictDecidePC k
DisequalityDispersion.Encoded.GInstance.strictDecidePM_steps : ∀ (g : DisequalityDispersion.Encoded.GInstance) (k : ℕ),
  (g.strictDecidePM k).cost ≤
    91000 * DisequalityDispersion.Encoded.sizeG g ^ 6 + 3 * DisequalityDispersion.Encoded.natC k
DisequalityDispersion.Encoded.decideBitsM : List Bool → DisequalityDispersion.Costed Bool
DisequalityDispersion.Encoded.decideBitsM_val : ∀ (l : List Bool),
  (DisequalityDispersion.Encoded.decideBitsM l).val = DisequalityDispersion.Encoded.decideBits l
DisequalityDispersion.Encoded.decideBitsM_cost : ∀ (l : List Bool),
  (DisequalityDispersion.Encoded.decideBitsM l).cost = DisequalityDispersion.Encoded.decideBitsC l
DisequalityDispersion.Encoded.decideBitsM_spec : ∀ (l : List Bool),
  (DisequalityDispersion.Encoded.decideBitsM l).val = DisequalityDispersion.Encoded.decideBits l ∧
    (DisequalityDispersion.Encoded.decideBitsM l).cost = DisequalityDispersion.Encoded.decideBitsC l
DisequalityDispersion.Encoded.decideBitsM_steps : ∀ (l : List Bool),
  (DisequalityDispersion.Encoded.decideBitsM l).cost ≤ 92000 * (l.length + 1) ^ 6
DisequalityDispersion.Encoded.bottleneckG_rhoFlow : DisequalityDispersion.Encoded.bottleneckG.rhoFlow = 3
DisequalityDispersion.Encoded.bottleneckG_strictDecideP2 : DisequalityDispersion.Encoded.bottleneckG.strictDecideP 2 =
  true
DisequalityDispersion.Encoded.bottleneckG_strictDecideP3 : DisequalityDispersion.Encoded.bottleneckG.strictDecideP 3 =
  false
DisequalityDispersion.Encoded.bottleneckG_strictDecideP1 : DisequalityDispersion.Encoded.bottleneckG.strictDecideP 1 =
  false
DisequalityDispersion.Encoded.bottleneckG_agree : DisequalityDispersion.Encoded.bottleneckG.strictDecideP 2 =
    DisequalityDispersion.Encoded.bottleneckG.strictDecideG 2 ∧
  DisequalityDispersion.Encoded.bottleneckG.strictDecideP 3 = DisequalityDispersion.Encoded.bottleneckG.strictDecideG 3
DisequalityDispersion.Encoded.dupInstance_strictDecideP : DisequalityDispersion.Encoded.dupInstance.strictDecideP 2 =
  false
DisequalityDispersion.Encoded.dupInstance_testsDistinct : DisequalityDispersion.Encoded.dupInstance.base.testsDistinct
    DisequalityDispersion.Encoded.dupInstance.base.canonIds =
  false
DisequalityDispersion.Encoded.decodeNat_noncanonical : DisequalityDispersion.Encoded.decodeNat [true, false, false] =
  none
DisequalityDispersion.Encoded.decodeNat_zero : DisequalityDispersion.Encoded.decodeNat [false] = some (0, [])
DisequalityDispersion.Encoded.decodeNat_noncanonical' : DisequalityDispersion.Encoded.decodeNat
    [true, true, false, true, false] =
  none
DisequalityDispersion.Encoded.decodeNat_two : DisequalityDispersion.Encoded.decodeNat [true, true, false, false, true] =
  some (2, [])
DisequalityDispersion.Encoded.decodeNat_exhausted : DisequalityDispersion.Encoded.decodeNat (List.replicate 5 true) =
  none
DisequalityDispersion.Encoded.decodeList_huge_count : DisequalityDispersion.Encoded.decodeList
    DisequalityDispersion.Encoded.decodeNat (DisequalityDispersion.Encoded.encodeNat (2 ^ 200)) =
  none
DisequalityDispersion.Encoded.decodeInput_trailing : DisequalityDispersion.Encoded.decodeInput
    (DisequalityDispersion.Encoded.encodeInput 2 DisequalityDispersion.Encoded.bottleneckG ++ [true]) =
  none
DisequalityDispersion.Encoded.decideBits_bottleneck : DisequalityDispersion.Encoded.decideBits
    (DisequalityDispersion.Encoded.encodeInput 2 DisequalityDispersion.Encoded.bottleneckG) =
  true
DisequalityDispersion.Encoded.decideBits_malformed : DisequalityDispersion.Encoded.decideBits (List.replicate 40 true) =
  false
DisequalityDispersion.Encoded.decideBits_empty : DisequalityDispersion.Encoded.decideBits [] = false
DisequalityDispersion.Encoded.decodeInputM_bottleneck : (DisequalityDispersion.Encoded.decodeInputM
      (DisequalityDispersion.Encoded.encodeInput 2 DisequalityDispersion.Encoded.bottleneckG)).val =
  some (2, DisequalityDispersion.Encoded.bottleneckG)
DisequalityDispersion.Encoded.strictDecidePM_bottleneck2 : (DisequalityDispersion.Encoded.bottleneckG.strictDecidePM
      2).val =
  true
DisequalityDispersion.Encoded.strictDecidePM_bottleneck3 : (DisequalityDispersion.Encoded.bottleneckG.strictDecidePM
      3).val =
  false
DisequalityDispersion.Encoded.strictDecidePM_dup : (DisequalityDispersion.Encoded.dupInstance.strictDecidePM 2).val =
  false
DisequalityDispersion.Encoded.decideBitsM_malformed : (DisequalityDispersion.Encoded.decideBitsM
      (List.replicate 40 true)).val =
  false
DisequalityDispersion.Encoded.rhoFlowM_bottleneck : (DisequalityDispersion.Encoded.bottleneckG.rhoFlowM
      DisequalityDispersion.Encoded.bottleneckG.base.canonIds).val =
  3
DisequalityDispersion.Encoded.isValidM_bottleneck : DisequalityDispersion.Encoded.bottleneckG.base.isValidM.val = true
DisequalityDispersion.Encoded.canonIdsM_bottleneck : DisequalityDispersion.Encoded.bottleneckG.base.canonIdsM.val =
  DisequalityDispersion.Encoded.bottleneckG.base.canonIds
DisequalityDispersion.Encoded.all_degree_headline : ∀ (d : ℕ)
  (rels : List (List (DisequalityDispersion.Letter (Fin d)))),
  ¬ComputablePred (DisequalityDispersion.HasFiniteQuotient rels) →
    ∀ (k : ℕ),
      2 ≤ k →
        ¬ComputablePred (DisequalityDispersion.Encoded.GInstance.Lower k) ∧
          (REPred (DisequalityDispersion.Encoded.GInstance.Lower k) ∧
              ¬REPred fun g => ¬DisequalityDispersion.Encoded.GInstance.Lower k g) ∧
            (ComputablePred (DisequalityDispersion.Encoded.GInstance.Strict k) ∧
                (∀ (g : DisequalityDispersion.Encoded.GInstance),
                    g.strictDecideG k = true ↔ DisequalityDispersion.Encoded.GInstance.Strict k g) ∧
                  ∀ (g : DisequalityDispersion.Encoded.GInstance), ¬g.Valid → g.strictDecideG k = false) ∧
              (∀ (w : List (DisequalityDispersion.Letter (Fin d))),
                  (DisequalityDispersion.Encoded.GInstance.Lower k
                        (DisequalityDispersion.Encoded.compileDegree k d rels w) ↔
                      DisequalityDispersion.HasFiniteQuotient rels w) ∧
                    ¬DisequalityDispersion.Encoded.GInstance.Strict k
                        (DisequalityDispersion.Encoded.compileDegree k d rels w)) ∧
                ∀ (sz : DisequalityDispersion.Encoded.GInstance → ℕ),
                  Computable sz →
                    ∀ (B : ℕ → ℕ),
                      Computable B →
                        ¬∀ (g : DisequalityDispersion.Encoded.GInstance),
                            DisequalityDispersion.Encoded.GInstance.Lower k g →
                              ∃ n, 2 ≤ n ∧ n ≤ B (sz g) ∧ DisequalityDispersion.Encoded.lowerAtG k g n = true
DisequalityDispersion.Encoded.polynomial_time_headline : ∀ (k : ℕ),
  2 ≤ k →
    (∀ (g : DisequalityDispersion.Encoded.GInstance),
        (g.strictDecideP k = true ↔ DisequalityDispersion.Encoded.GInstance.Strict k g) ∧
          (∀ (hv : g.Valid), g.rhoFlow = DisequalityDispersion.cutSize (g.outputs hv) (g.tests hv)) ∧
            (¬g.Valid → g.strictDecideP k = false)) ∧
      (∀ (bs : List Bool),
          (DisequalityDispersion.Encoded.decideBits bs = true ↔ DisequalityDispersion.Encoded.StrictBits bs) ∧
            ∀ (k' : ℕ) (g : DisequalityDispersion.Encoded.GInstance),
              DisequalityDispersion.Encoded.decodeInput bs = some (k', g) ↔
                bs = DisequalityDispersion.Encoded.encodeInput k' g) ∧
        (ComputablePred (DisequalityDispersion.Encoded.GInstance.Strict k) ∧ Primrec fun p => p.2.strictDecideP p.1) ∧
          (∀ (g : DisequalityDispersion.Encoded.GInstance),
              g.strictDecidePC k ≤
                  91000 * DisequalityDispersion.Encoded.sizeG g ^ 6 + 3 * DisequalityDispersion.Encoded.natC k ∧
                (DisequalityDispersion.Encoded.encodeInput k g).length =
                  DisequalityDispersion.Encoded.natC k + DisequalityDispersion.Encoded.sizeG g) ∧
            (∀ (bs : List Bool), DisequalityDispersion.Encoded.decideBitsC bs ≤ 92000 * (bs.length + 1) ^ 6) ∧
              (∀ (bs : List Bool),
                  (DisequalityDispersion.Encoded.decodeInputM bs).val = DisequalityDispersion.Encoded.decodeInput bs ∧
                    (DisequalityDispersion.Encoded.decodeInputM bs).cost =
                      DisequalityDispersion.Encoded.decodeInputC bs) ∧
                (∀ (g : DisequalityDispersion.Encoded.GInstance),
                    (g.strictDecidePM k).val = g.strictDecideP k ∧ (g.strictDecidePM k).cost = g.strictDecidePC k) ∧
                  (∀ (bs : List Bool),
                      (DisequalityDispersion.Encoded.decideBitsM bs).val = DisequalityDispersion.Encoded.decideBits bs ∧
                        (DisequalityDispersion.Encoded.decideBitsM bs).cost =
                          DisequalityDispersion.Encoded.decideBitsC bs) ∧
                    ∀ (g : DisequalityDispersion.Encoded.GInstance) (hv : g.Valid),
                      DisequalityDispersion.Encoded.GInstance.Strict k g →
                        ((DisequalityDispersion.tupleSupport (g.outputs hv) (g.tests hv)).card ^ (k + 1)).size ≤
                          (g.base.k + g.base.nodes.length) * (g.base.k + g.base.nodes.length).size
@DisequalityDispersion.semantic_interface : ∀ {V F : Type} [inst : Fintype V] [inst_1 : Fintype F] {arity : F → ℕ}
  {x y : V} {outputs : List (DisequalityDispersion.Term V F arity)}
  {tests : List (DisequalityDispersion.Term V F arity × DisequalityDispersion.Term V F arity)},
  DisequalityDispersion.InClassC x y outputs tests →
    (∀ uv ∈ tests, uv.1 ≠ uv.2) →
      (∀ (n : ℕ),
          (DisequalityDispersion.tupleSupport outputs tests).card ≤ n →
            (n / (DisequalityDispersion.tupleSupport outputs tests).card) ^
                  DisequalityDispersion.cutSize outputs tests ≤
                DisequalityDispersion.dispersionTuple outputs tests ∧
              DisequalityDispersion.dispersionTuple outputs tests ≤
                  DisequalityDispersion.threshold (DisequalityDispersion.cutSize outputs tests) n ∧
                DisequalityDispersion.threshold (DisequalityDispersion.cutSize outputs tests) n ≤
                  n ^ DisequalityDispersion.cutSize outputs tests) ∧
        (∀ (j : ℕ) (hj : 2 ≤ j) (n : ℕ),
            DisequalityDispersion.dispersionTuple (DisequalityDispersion.identityOutputs j)
                (DisequalityDispersion.firstGuard j hj) =
              DisequalityDispersion.threshold j n) ∧
          (∀ (k : ℕ),
              2 ≤ k →
                (DisequalityDispersion.StrictT k outputs tests ↔
                    DisequalityDispersion.EventualStrictT k outputs tests) ∧
                  (DisequalityDispersion.StrictT k outputs tests ↔
                    (∀ uv ∈ tests, uv.1 ≠ uv.2) ∧ k + 1 ≤ DisequalityDispersion.cutSize outputs tests)) ∧
            Filter.Tendsto (fun n => Real.log ↑(DisequalityDispersion.dispersionTuple outputs tests) / Real.log ↑n)
              Filter.atTop (nhds ↑(DisequalityDispersion.cutSize outputs tests))
