DisequalityDispersion.Machine.bits : ℕ → ℕ
DisequalityDispersion.Machine.Mem : Type
DisequalityDispersion.Machine.Mem.write : DisequalityDispersion.Machine.Mem → ℕ → ℕ → DisequalityDispersion.Machine.Mem
DisequalityDispersion.Machine.Prim : Type
DisequalityDispersion.Machine.Prim.exec : DisequalityDispersion.Machine.Prim →
  DisequalityDispersion.Machine.Mem → DisequalityDispersion.Machine.Mem
DisequalityDispersion.Machine.Prim.cost : DisequalityDispersion.Machine.Prim → DisequalityDispersion.Machine.Mem → ℕ
DisequalityDispersion.Machine.Prim.constOf' : DisequalityDispersion.Machine.Prim → ℕ
DisequalityDispersion.Machine.Prim.target : DisequalityDispersion.Machine.Prim → DisequalityDispersion.Machine.Mem → ℕ
DisequalityDispersion.Machine.Cond : Type
DisequalityDispersion.Machine.Cond.eval : DisequalityDispersion.Machine.Cond → DisequalityDispersion.Machine.Mem → Bool
DisequalityDispersion.Machine.Cond.cost : DisequalityDispersion.Machine.Cond → DisequalityDispersion.Machine.Mem → ℕ
DisequalityDispersion.Machine.Instr : Type
DisequalityDispersion.Machine.Cfg : Type
DisequalityDispersion.Machine.step : List DisequalityDispersion.Machine.Instr →
  DisequalityDispersion.Machine.Cfg → Option (DisequalityDispersion.Machine.Cfg × ℕ)
DisequalityDispersion.Machine.Halted : List DisequalityDispersion.Machine.Instr →
  DisequalityDispersion.Machine.Cfg → Prop
DisequalityDispersion.Machine.Run : List DisequalityDispersion.Machine.Instr →
  DisequalityDispersion.Machine.Cfg → DisequalityDispersion.Machine.Cfg → ℕ → ℕ → Prop
DisequalityDispersion.Machine.Bounded : DisequalityDispersion.Machine.Mem → ℕ → Prop
DisequalityDispersion.Machine.Instr.constOf : DisequalityDispersion.Machine.Instr → ℕ
DisequalityDispersion.Machine.constBound : List DisequalityDispersion.Machine.Instr → ℕ
DisequalityDispersion.Machine.Cmd : Type
DisequalityDispersion.Machine.Cmd.Exec : DisequalityDispersion.Machine.Cmd →
  DisequalityDispersion.Machine.Mem → DisequalityDispersion.Machine.Mem → ℕ → Prop
DisequalityDispersion.Machine.Cmd.len : DisequalityDispersion.Machine.Cmd → ℕ
DisequalityDispersion.Machine.Cmd.compile : DisequalityDispersion.Machine.Cmd →
  ℕ → List DisequalityDispersion.Machine.Instr
DisequalityDispersion.Machine.Cmd.CodeAt : List DisequalityDispersion.Machine.Instr →
  ℕ → List DisequalityDispersion.Machine.Instr → Prop
DisequalityDispersion.Machine.HP : ℕ
DisequalityDispersion.Machine.ONE : ℕ
DisequalityDispersion.Machine.IN : ℕ
DisequalityDispersion.Machine.inputMem : List Bool → DisequalityDispersion.Machine.Mem
DisequalityDispersion.Machine.Input : DisequalityDispersion.Machine.Mem → List Bool → Prop
DisequalityDispersion.Machine.Arr : DisequalityDispersion.Machine.Mem → ℕ → List ℕ → Prop
DisequalityDispersion.Machine.Pres : DisequalityDispersion.Machine.Mem →
  DisequalityDispersion.Machine.Mem → ℕ → List ℕ → Prop
DisequalityDispersion.Machine.seqs : List DisequalityDispersion.Machine.Cmd → DisequalityDispersion.Machine.Cmd
DisequalityDispersion.Machine.forLoop : ℕ → ℕ → DisequalityDispersion.Machine.Cmd → DisequalityDispersion.Machine.Cmd
DisequalityDispersion.Machine.N : ℕ
DisequalityDispersion.Machine.INB : ℕ
DisequalityDispersion.Machine.ZERO : ℕ
DisequalityDispersion.Machine.POS : ℕ
DisequalityDispersion.Machine.OK : ℕ
DisequalityDispersion.Machine.VAL : ℕ
DisequalityDispersion.Machine.TMP : ℕ
DisequalityDispersion.Machine.CNT : ℕ
DisequalityDispersion.Machine.POW : ℕ
DisequalityDispersion.Machine.PTR : ℕ
DisequalityDispersion.Machine.LAST : ℕ
DisequalityDispersion.Machine.BIT : ℕ
DisequalityDispersion.Machine.J : ℕ
DisequalityDispersion.Machine.CONT : ℕ
DisequalityDispersion.Machine.bitv : Bool → ℕ
DisequalityDispersion.Machine.PState : DisequalityDispersion.Machine.Mem → List Bool → Prop
DisequalityDispersion.Machine.natVars : List ℕ
DisequalityDispersion.Machine.setc : ℕ → ℕ → DisequalityDispersion.Machine.Cmd
DisequalityDispersion.Machine.mov : ℕ → ℕ → DisequalityDispersion.Machine.Cmd
DisequalityDispersion.Machine.add : ℕ → ℕ → ℕ → DisequalityDispersion.Machine.Cmd
DisequalityDispersion.Machine.sub : ℕ → ℕ → ℕ → DisequalityDispersion.Machine.Cmd
DisequalityDispersion.Machine.load : ℕ → ℕ → DisequalityDispersion.Machine.Cmd
DisequalityDispersion.Machine.store : ℕ → ℕ → DisequalityDispersion.Machine.Cmd
DisequalityDispersion.Machine.nop : DisequalityDispersion.Machine.Cmd
DisequalityDispersion.Machine.readBitM : DisequalityDispersion.Machine.Cmd
DisequalityDispersion.Machine.contM : DisequalityDispersion.Machine.Cmd
DisequalityDispersion.Machine.contVars : List ℕ
DisequalityDispersion.Machine.countVars : List ℕ
DisequalityDispersion.Machine.countLoop : DisequalityDispersion.Machine.Cmd
DisequalityDispersion.Machine.CountInv : DisequalityDispersion.Machine.Mem →
  List Bool → ℕ → DisequalityDispersion.Machine.Mem → Prop
DisequalityDispersion.Machine.bitVars : List ℕ
DisequalityDispersion.Machine.bitBody : DisequalityDispersion.Machine.Cmd
DisequalityDispersion.Machine.bitLoop : DisequalityDispersion.Machine.Cmd
DisequalityDispersion.Machine.BitInv : DisequalityDispersion.Machine.Mem →
  List Bool → ℕ → ℕ → ℕ → DisequalityDispersion.Machine.Mem → Prop
DisequalityDispersion.Machine.NatResult : DisequalityDispersion.Machine.Mem → List Bool → Option (ℕ × List Bool) → Prop
DisequalityDispersion.Machine.natRead : DisequalityDispersion.Machine.Cmd
DisequalityDispersion.Machine.natTail : DisequalityDispersion.Machine.Cmd
DisequalityDispersion.Machine.decodeNatM : DisequalityDispersion.Machine.Cmd
DisequalityDispersion.Machine.Rep : Type → Type
DisequalityDispersion.Machine.RepNat : DisequalityDispersion.Machine.Rep ℕ
DisequalityDispersion.Machine.RepPair : DisequalityDispersion.Machine.Rep (ℕ × ℕ)
DisequalityDispersion.Machine.RepArr : DisequalityDispersion.Machine.Rep (List ℕ)
@DisequalityDispersion.Machine.RepListOf : {α : Type} →
  DisequalityDispersion.Machine.Rep α → DisequalityDispersion.Machine.Rep (List α)
DisequalityDispersion.Machine.RepNode : DisequalityDispersion.Machine.Rep DisequalityDispersion.Encoded.Node
@DisequalityDispersion.Machine.GoodRep : {α : Type} → DisequalityDispersion.Machine.Rep α → Prop
DisequalityDispersion.Machine.GoodVars : List ℕ → Prop
@DisequalityDispersion.Machine.PResult : {α : Type} →
  DisequalityDispersion.Machine.Rep α →
    DisequalityDispersion.Machine.Mem → DisequalityDispersion.Machine.Mem → List Bool → Option (α × List Bool) → Prop
@DisequalityDispersion.Machine.ParserSpec : {α : Type} →
  DisequalityDispersion.Machine.Cmd →
    (List Bool → Option (α × List Bool)) → DisequalityDispersion.Machine.Rep α → List ℕ → ℕ → ℕ → Prop
@DisequalityDispersion.Machine.SuffixP : {α : Type} → (List Bool → Option (α × List Bool)) → Prop
DisequalityDispersion.Machine.A_ : ℕ → ℕ
DisequalityDispersion.Machine.NEL : ℕ → ℕ
DisequalityDispersion.Machine.JJ : ℕ → ℕ
DisequalityDispersion.Machine.CC : ℕ → ℕ
DisequalityDispersion.Machine.loopVars : ℕ → List ℕ
DisequalityDispersion.Machine.computeCC : ℕ → DisequalityDispersion.Machine.Cmd
DisequalityDispersion.Machine.storeStep : ℕ → DisequalityDispersion.Machine.Cmd
DisequalityDispersion.Machine.listBody : ℕ → DisequalityDispersion.Machine.Cmd → DisequalityDispersion.Machine.Cmd
DisequalityDispersion.Machine.listLoop : ℕ → DisequalityDispersion.Machine.Cmd → DisequalityDispersion.Machine.Cmd
DisequalityDispersion.Machine.listSetup : ℕ → DisequalityDispersion.Machine.Cmd
DisequalityDispersion.Machine.decodeListM : ℕ → DisequalityDispersion.Machine.Cmd → DisequalityDispersion.Machine.Cmd
DisequalityDispersion.Machine.LInv : List Bool → ℕ → ℕ → ℕ → ℕ → ℕ → DisequalityDispersion.Machine.Mem → Prop
@DisequalityDispersion.Machine.LResult : {α : Type} →
  DisequalityDispersion.Machine.Rep α →
    DisequalityDispersion.Machine.Mem →
      DisequalityDispersion.Machine.Mem → List Bool → ℕ → ℕ → ℕ → ℕ → Option (List α × List Bool) → Prop
@DisequalityDispersion.Machine.PResultL : {α : Type} →
  DisequalityDispersion.Machine.Rep α →
    ℕ → DisequalityDispersion.Machine.Mem → List Bool → Option (α × List Bool) → Prop
@DisequalityDispersion.Machine.ParserSpecL : {α : Type} →
  (ℕ → DisequalityDispersion.Machine.Mem → Prop) →
    DisequalityDispersion.Machine.Cmd →
      (List Bool → Option (α × List Bool)) → DisequalityDispersion.Machine.Rep α → List ℕ → ℕ → ℕ → Prop
DisequalityDispersion.Machine.seqP : ℕ →
  DisequalityDispersion.Machine.Cmd → DisequalityDispersion.Machine.Cmd → DisequalityDispersion.Machine.Cmd
@DisequalityDispersion.Machine.Holds : {α : Type} →
  DisequalityDispersion.Machine.Rep α → ℕ → α → ℕ → DisequalityDispersion.Machine.Mem → Prop
DisequalityDispersion.Machine.allocM : List ℕ → DisequalityDispersion.Machine.Cmd
DisequalityDispersion.Machine.recM : List ℕ → DisequalityDispersion.Machine.Cmd
DisequalityDispersion.Machine.tagM : DisequalityDispersion.Machine.Cmd →
  DisequalityDispersion.Machine.Cmd → DisequalityDispersion.Machine.Cmd
DisequalityDispersion.Machine.RepInstance : DisequalityDispersion.Machine.Rep DisequalityDispersion.Encoded.Instance
DisequalityDispersion.Machine.RepG : DisequalityDispersion.Machine.Rep DisequalityDispersion.Encoded.GInstance
DisequalityDispersion.Machine.RepKG : DisequalityDispersion.Machine.Rep (ℕ × DisequalityDispersion.Encoded.GInstance)
DisequalityDispersion.Machine.T1 : ℕ
DisequalityDispersion.Machine.T2 : ℕ
DisequalityDispersion.Machine.T3 : ℕ
DisequalityDispersion.Machine.T4 : ℕ
DisequalityDispersion.Machine.T5 : ℕ
DisequalityDispersion.Machine.T6 : ℕ
DisequalityDispersion.Machine.T7 : ℕ
DisequalityDispersion.Machine.TP1 : ℕ
DisequalityDispersion.Machine.TP2 : ℕ
DisequalityDispersion.Machine.TG1 : ℕ
DisequalityDispersion.Machine.TG2 : ℕ
DisequalityDispersion.Machine.TK1 : ℕ
DisequalityDispersion.Machine.TK2 : ℕ
DisequalityDispersion.Machine.decodePairM : DisequalityDispersion.Machine.Cmd
DisequalityDispersion.Machine.Wpair : List ℕ
DisequalityDispersion.Machine.decodeSrcM : DisequalityDispersion.Machine.Cmd
DisequalityDispersion.Machine.decodeAppM : DisequalityDispersion.Machine.Cmd
DisequalityDispersion.Machine.decodeNodeM : DisequalityDispersion.Machine.Cmd
DisequalityDispersion.Machine.WlistNat : ℕ → List ℕ
DisequalityDispersion.Machine.Wnode : List ℕ
DisequalityDispersion.Machine.WlistPair : ℕ → List ℕ
DisequalityDispersion.Machine.WlistNode : ℕ → List ℕ
DisequalityDispersion.Machine.decodeInstanceM : DisequalityDispersion.Machine.Cmd
DisequalityDispersion.Machine.PreInst : List ℕ →
  List (ℕ × ℕ) →
    List DisequalityDispersion.Encoded.Node → ℕ → ℕ → ℕ → List (ℕ × ℕ) → ℕ → DisequalityDispersion.Machine.Mem → Prop
DisequalityDispersion.Machine.Winst : List ℕ
DisequalityDispersion.Machine.decodeGM : DisequalityDispersion.Machine.Cmd
DisequalityDispersion.Machine.WG : List ℕ
DisequalityDispersion.Machine.decodePair'M : DisequalityDispersion.Machine.Cmd
DisequalityDispersion.Machine.WKG : List ℕ
DisequalityDispersion.Machine.decodeInputM : DisequalityDispersion.Machine.Cmd
DisequalityDispersion.Machine.InputResult : DisequalityDispersion.Machine.Mem →
  DisequalityDispersion.Machine.Mem → List Bool → Prop
DisequalityDispersion.Machine.FLAG : ℕ
DisequalityDispersion.Machine.V2 : ℕ
DisequalityDispersion.Machine.I_ : ℕ → ℕ
DisequalityDispersion.Machine.CNT_ : ℕ → ℕ
DisequalityDispersion.Machine.PTR_ : ℕ → ℕ
DisequalityDispersion.Machine.CONT_ : ℕ → ℕ
DisequalityDispersion.Machine.X_ : ℕ → ℕ
DisequalityDispersion.Machine.OUT_ : ℕ → ℕ
DisequalityDispersion.Machine.arrAt : DisequalityDispersion.Machine.Mem → ℕ → List ℕ
DisequalityDispersion.Machine.Agree : DisequalityDispersion.Machine.Mem →
  DisequalityDispersion.Machine.Mem → List ℕ → Prop
DisequalityDispersion.Machine.RSpec : DisequalityDispersion.Machine.Cmd →
  List ℕ →
    ℕ →
      (DisequalityDispersion.Machine.Mem → Prop) →
        (DisequalityDispersion.Machine.Mem → DisequalityDispersion.Machine.Mem → Prop) → Prop
DisequalityDispersion.Machine.TestSpec : DisequalityDispersion.Machine.Cmd →
  List ℕ → ℕ → (DisequalityDispersion.Machine.Mem → Prop) → (DisequalityDispersion.Machine.Mem → Bool) → Prop
DisequalityDispersion.Machine.StableP : (DisequalityDispersion.Machine.Mem → Prop) → List ℕ → Prop
@DisequalityDispersion.Machine.Stable : {α : Type} →
  (DisequalityDispersion.Machine.Mem → Prop) → (DisequalityDispersion.Machine.Mem → α) → List ℕ → Prop
@DisequalityDispersion.Machine.StableX : {α : Type} →
  (DisequalityDispersion.Machine.Mem → Prop) → ℕ → ℕ → (DisequalityDispersion.Machine.Mem → α) → List ℕ → Prop
DisequalityDispersion.Machine.Ctx : DisequalityDispersion.Machine.Mem → Prop
DisequalityDispersion.Machine.Lvars : ℕ → List ℕ
DisequalityDispersion.Machine.LvarsX : ℕ → List ℕ
DisequalityDispersion.Machine.contA : ℕ → DisequalityDispersion.Machine.Cmd
DisequalityDispersion.Machine.anyM : ℕ → ℕ → DisequalityDispersion.Machine.Cmd → DisequalityDispersion.Machine.Cmd
DisequalityDispersion.Machine.AnyInv : ℕ →
  List ℕ →
    (DisequalityDispersion.Machine.Mem → Prop) →
      (DisequalityDispersion.Machine.Mem → Bool) →
        DisequalityDispersion.Machine.Mem → List ℕ → DisequalityDispersion.Machine.Mem → Prop
DisequalityDispersion.Machine.forEachM : ℕ → ℕ → DisequalityDispersion.Machine.Cmd → DisequalityDispersion.Machine.Cmd
DisequalityDispersion.Machine.pushM : ℕ → DisequalityDispersion.Machine.Cmd
DisequalityDispersion.Machine.filterM : ℕ → ℕ → DisequalityDispersion.Machine.Cmd → DisequalityDispersion.Machine.Cmd
DisequalityDispersion.Machine.FilterInv : ℕ →
  List ℕ →
    (DisequalityDispersion.Machine.Mem → Prop) →
      (DisequalityDispersion.Machine.Mem → Bool) →
        DisequalityDispersion.Machine.Mem → ℕ → List ℕ → ℕ → DisequalityDispersion.Machine.Mem → Prop
DisequalityDispersion.Machine.FunSpec : DisequalityDispersion.Machine.Cmd →
  List ℕ → ℕ → (DisequalityDispersion.Machine.Mem → Prop) → (DisequalityDispersion.Machine.Mem → ℕ) → Prop
DisequalityDispersion.Machine.mapM : ℕ → ℕ → DisequalityDispersion.Machine.Cmd → DisequalityDispersion.Machine.Cmd
DisequalityDispersion.Machine.MapInv : ℕ →
  List ℕ →
    (DisequalityDispersion.Machine.Mem → Prop) →
      (DisequalityDispersion.Machine.Mem → ℕ) →
        DisequalityDispersion.Machine.Mem → List ℕ → ℕ → DisequalityDispersion.Machine.Mem → Prop
DisequalityDispersion.Machine.eqTest : ℕ → ℕ → DisequalityDispersion.Machine.Cmd
DisequalityDispersion.Machine.ltTest : ℕ → ℕ → DisequalityDispersion.Machine.Cmd
DisequalityDispersion.Machine.notM : DisequalityDispersion.Machine.Cmd → DisequalityDispersion.Machine.Cmd
DisequalityDispersion.Machine.andM : DisequalityDispersion.Machine.Cmd →
  DisequalityDispersion.Machine.Cmd → DisequalityDispersion.Machine.Cmd
DisequalityDispersion.Machine.orM : DisequalityDispersion.Machine.Cmd →
  DisequalityDispersion.Machine.Cmd → DisequalityDispersion.Machine.Cmd
DisequalityDispersion.Machine.pairsAt : DisequalityDispersion.Machine.Mem → ℕ → List (ℕ × ℕ)
DisequalityDispersion.Machine.RecsIn : DisequalityDispersion.Machine.Mem → ℕ → ℕ → ℕ → Prop
DisequalityDispersion.Machine.FunSpec2 : DisequalityDispersion.Machine.Cmd →
  List ℕ → ℕ → (DisequalityDispersion.Machine.Mem → Prop) → (DisequalityDispersion.Machine.Mem → ℕ × ℕ) → Prop
DisequalityDispersion.Machine.mapPairM : ℕ → ℕ → DisequalityDispersion.Machine.Cmd → DisequalityDispersion.Machine.Cmd
DisequalityDispersion.Machine.MapPairInv : ℕ →
  List ℕ →
    (DisequalityDispersion.Machine.Mem → Prop) →
      (DisequalityDispersion.Machine.Mem → ℕ × ℕ) →
        DisequalityDispersion.Machine.Mem → ℕ → List ℕ → ℕ → DisequalityDispersion.Machine.Mem → Prop
DisequalityDispersion.Machine.rangeM : ℕ → ℕ → DisequalityDispersion.Machine.Cmd
DisequalityDispersion.Machine.pushV : ℕ → ℕ → DisequalityDispersion.Machine.Cmd
DisequalityDispersion.Machine.prependV : ℕ → ℕ → DisequalityDispersion.Machine.Cmd
DisequalityDispersion.Machine.forEachRevM : ℕ →
  ℕ → DisequalityDispersion.Machine.Cmd → DisequalityDispersion.Machine.Cmd
DisequalityDispersion.Machine.appendM : ℕ → ℕ → ℕ → DisequalityDispersion.Machine.Cmd
DisequalityDispersion.Machine.AppInv : ℕ →
  DisequalityDispersion.Machine.Mem → ℕ → ℕ → List ℕ → List ℕ → ℕ → ℕ → DisequalityDispersion.Machine.Mem → Prop
DisequalityDispersion.Machine.sumLenM : ℕ → ℕ → DisequalityDispersion.Machine.Cmd
DisequalityDispersion.Machine.flattenM : ℕ → ℕ → DisequalityDispersion.Machine.Cmd
DisequalityDispersion.Machine.ArrsWF : DisequalityDispersion.Machine.Mem → ℕ → Prop
DisequalityDispersion.Machine.FlatInv : ℕ →
  DisequalityDispersion.Machine.Mem → ℕ → ℕ → List ℕ → ℕ → DisequalityDispersion.Machine.Mem → Prop
DisequalityDispersion.Machine.FlatInInv : ℕ →
  DisequalityDispersion.Machine.Mem → ℕ → ℕ → List ℕ → ℕ → ℕ → ℕ → DisequalityDispersion.Machine.Mem → Prop
DisequalityDispersion.Machine.pairEqTest : ℕ → ℕ → ℕ → ℕ → DisequalityDispersion.Machine.Cmd
DisequalityDispersion.Machine.memPairM : ℕ → ℕ → ℕ → DisequalityDispersion.Machine.Cmd
DisequalityDispersion.Machine.PairsWF : DisequalityDispersion.Machine.Mem → ℕ → Prop
DisequalityDispersion.Machine.memPairV : ℕ → List ℕ
DisequalityDispersion.Machine.dedupM : ℕ → ℕ → DisequalityDispersion.Machine.Cmd
DisequalityDispersion.Machine.dedupV : ℕ → List ℕ
DisequalityDispersion.Machine.DedupInv : ℕ →
  DisequalityDispersion.Machine.Mem → ℕ → List ℕ → ℕ → DisequalityDispersion.Machine.Mem → Prop
DisequalityDispersion.Machine.KV : ℕ
DisequalityDispersion.Machine.BASE : ℕ
DisequalityDispersion.Machine.SRCS : ℕ
DisequalityDispersion.Machine.SYMS : ℕ
DisequalityDispersion.Machine.NODES : ℕ
DisequalityDispersion.Machine.XV : ℕ
DisequalityDispersion.Machine.YV : ℕ
DisequalityDispersion.Machine.TV : ℕ
DisequalityDispersion.Machine.TESTS : ℕ
DisequalityDispersion.Machine.OUTS : ℕ
DisequalityDispersion.Machine.NN : ℕ
DisequalityDispersion.Machine.KK : ℕ
DisequalityDispersion.Machine.MM : ℕ
DisequalityDispersion.Machine.IDS : ℕ
DisequalityDispersion.Machine.RESV : ℕ
DisequalityDispersion.Machine.RNG : ℕ → ℕ
DisequalityDispersion.Machine.G_ : ℕ → ℕ
DisequalityDispersion.Machine.allM : ℕ → ℕ → DisequalityDispersion.Machine.Cmd → DisequalityDispersion.Machine.Cmd
DisequalityDispersion.Machine.anyRangeM : ℕ → ℕ → DisequalityDispersion.Machine.Cmd → DisequalityDispersion.Machine.Cmd
DisequalityDispersion.Machine.rangeV : ℕ → List ℕ
DisequalityDispersion.Machine.rangeVX : ℕ → List ℕ
DisequalityDispersion.Machine.allRangeM : ℕ → ℕ → DisequalityDispersion.Machine.Cmd → DisequalityDispersion.Machine.Cmd
DisequalityDispersion.Machine.elemM : ℕ → ℕ → ℕ → DisequalityDispersion.Machine.Cmd
DisequalityDispersion.Machine.field1M : ℕ → ℕ → DisequalityDispersion.Machine.Cmd
DisequalityDispersion.Machine.field2M : ℕ → ℕ → DisequalityDispersion.Machine.Cmd
DisequalityDispersion.Machine.InstCtx : ℕ →
  DisequalityDispersion.Encoded.GInstance → DisequalityDispersion.Machine.Mem → Prop
DisequalityDispersion.Machine.instVars : List ℕ
DisequalityDispersion.Machine.SafeVars : List ℕ → Prop
DisequalityDispersion.Machine.fieldM : ℕ → ℕ → ℕ → DisequalityDispersion.Machine.Cmd
DisequalityDispersion.Machine.loadInstM : DisequalityDispersion.Machine.Cmd
DisequalityDispersion.Machine.loadVars : List ℕ
DisequalityDispersion.Machine.Sized : ℕ → DisequalityDispersion.Encoded.GInstance → Prop
DisequalityDispersion.Machine.dupSrcTest : DisequalityDispersion.Machine.Cmd
DisequalityDispersion.Machine.nodupSrcM : DisequalityDispersion.Machine.Cmd
DisequalityDispersion.Machine.dupV : List ℕ
DisequalityDispersion.Machine.dupSymTest : DisequalityDispersion.Machine.Cmd
DisequalityDispersion.Machine.nodupSymM : DisequalityDispersion.Machine.Cmd
DisequalityDispersion.Machine.dupSymV : List ℕ
DisequalityDispersion.Machine.testBoundsTest : DisequalityDispersion.Machine.Cmd
DisequalityDispersion.Machine.testsBoundsM : DisequalityDispersion.Machine.Cmd
DisequalityDispersion.Machine.tbV : List ℕ
DisequalityDispersion.Machine.outsBoundsM : DisequalityDispersion.Machine.Cmd
DisequalityDispersion.Machine.isSrcTest : ℕ → ℕ → ℕ → ℕ → DisequalityDispersion.Machine.Cmd
DisequalityDispersion.Machine.guardTest : DisequalityDispersion.Machine.Cmd
DisequalityDispersion.Machine.guardOkM : DisequalityDispersion.Machine.Cmd
DisequalityDispersion.Machine.gtV : List ℕ
DisequalityDispersion.Machine.arityTest : DisequalityDispersion.Machine.Cmd
DisequalityDispersion.Machine.argsTest : DisequalityDispersion.Machine.Cmd
DisequalityDispersion.Machine.nodeTest : DisequalityDispersion.Machine.Cmd
DisequalityDispersion.Machine.nodesOkM : DisequalityDispersion.Machine.Cmd
DisequalityDispersion.Machine.ArityPre : ℕ →
  DisequalityDispersion.Encoded.GInstance → DisequalityDispersion.Machine.Mem → Prop
DisequalityDispersion.Machine.ArgsPre : ℕ →
  DisequalityDispersion.Encoded.GInstance → ℕ → DisequalityDispersion.Machine.Mem → Prop
DisequalityDispersion.Machine.ntV : List ℕ
DisequalityDispersion.Machine.isValidM : DisequalityDispersion.Machine.Cmd
DisequalityDispersion.Machine.gValidM : DisequalityDispersion.Machine.Cmd
DisequalityDispersion.Machine.nodupSrcV : List ℕ
DisequalityDispersion.Machine.nodupSymV : List ℕ
DisequalityDispersion.Machine.nodesOkV : List ℕ
DisequalityDispersion.Machine.testsBoundsV : List ℕ
DisequalityDispersion.Machine.guardOkV : List ℕ
DisequalityDispersion.Machine.outsBoundsV : List ℕ
DisequalityDispersion.Machine.baseValidV : List ℕ
DisequalityDispersion.Machine.validV : List ℕ
DisequalityDispersion.Machine.baseValidB : ℕ → ℕ
DisequalityDispersion.Machine.validB : ℕ → ℕ
DisequalityDispersion.Machine.buildBody : ℕ → DisequalityDispersion.Machine.Cmd → DisequalityDispersion.Machine.Cmd
DisequalityDispersion.Machine.buildM : ℕ → ℕ → DisequalityDispersion.Machine.Cmd → DisequalityDispersion.Machine.Cmd
DisequalityDispersion.Machine.BuildInv : ℕ →
  List ℕ →
    (DisequalityDispersion.Machine.Mem → Prop) →
      (List ℕ → ℕ → ℕ) → DisequalityDispersion.Machine.Mem → ℕ → ℕ → DisequalityDispersion.Machine.Mem → Prop
DisequalityDispersion.Machine.getDM : ℕ → ℕ → ℕ → DisequalityDispersion.Machine.Cmd
DisequalityDispersion.Machine.firstIndexM : ℕ →
  ℕ → ℕ → DisequalityDispersion.Machine.Cmd → DisequalityDispersion.Machine.Cmd
DisequalityDispersion.Machine.fiV : ℕ → ℕ → List ℕ → List ℕ
DisequalityDispersion.Machine.ArgsPre2 : ℕ → DisequalityDispersion.Machine.Mem → Prop
DisequalityDispersion.Machine.idxTest : DisequalityDispersion.Machine.Cmd
DisequalityDispersion.Machine.IdxPre : ℕ → DisequalityDispersion.Machine.Mem → Prop
DisequalityDispersion.Machine.argsEqTest : DisequalityDispersion.Machine.Cmd
DisequalityDispersion.Machine.argsEqV : List ℕ
DisequalityDispersion.Machine.CPre : ℕ →
  DisequalityDispersion.Encoded.GInstance → DisequalityDispersion.Machine.Mem → Prop
DisequalityDispersion.Machine.SPre : ℕ →
  DisequalityDispersion.Encoded.GInstance → DisequalityDispersion.Machine.Mem → Prop
DisequalityDispersion.Machine.srcSigTest : DisequalityDispersion.Machine.Cmd
DisequalityDispersion.Machine.lenEqTest : DisequalityDispersion.Machine.Cmd
DisequalityDispersion.Machine.appSigTest : DisequalityDispersion.Machine.Cmd
DisequalityDispersion.Machine.sigEqTest : DisequalityDispersion.Machine.Cmd
DisequalityDispersion.Machine.SPre4 : ℕ →
  DisequalityDispersion.Encoded.GInstance → DisequalityDispersion.Machine.Mem → Prop
DisequalityDispersion.Machine.sigVal : DisequalityDispersion.Machine.Mem → ℕ → ℕ → Bool
DisequalityDispersion.Machine.LenPre : DisequalityDispersion.Machine.Mem → Prop
DisequalityDispersion.Machine.APre : ℕ →
  DisequalityDispersion.Encoded.GInstance → DisequalityDispersion.Machine.Mem → Prop
DisequalityDispersion.Machine.APre4 : ℕ →
  DisequalityDispersion.Encoded.GInstance → DisequalityDispersion.Machine.Mem → Prop
DisequalityDispersion.Machine.appVal : DisequalityDispersion.Machine.Mem → ℕ → ℕ → Bool
DisequalityDispersion.Machine.appSigV : List ℕ
DisequalityDispersion.Machine.sigV : List ℕ
DisequalityDispersion.Machine.sigB : ℕ → ℕ
DisequalityDispersion.Machine.canonStepM : DisequalityDispersion.Machine.Cmd
DisequalityDispersion.Machine.canonV : List ℕ
DisequalityDispersion.Machine.canonB : ℕ → ℕ
DisequalityDispersion.Machine.canonIdsM : DisequalityDispersion.Machine.Cmd
DisequalityDispersion.Machine.canonIdsV : List ℕ
DisequalityDispersion.Machine.IdsCtx : ℕ →
  DisequalityDispersion.Encoded.GInstance → DisequalityDispersion.Machine.Mem → Prop
DisequalityDispersion.Machine.distinctTest : DisequalityDispersion.Machine.Cmd
DisequalityDispersion.Machine.testsDistinctM : DisequalityDispersion.Machine.Cmd
DisequalityDispersion.Machine.dtV : List ℕ
DisequalityDispersion.Machine.AllocSpec : DisequalityDispersion.Machine.Cmd →
  List ℕ →
    ℕ → (DisequalityDispersion.Machine.Mem → Prop) → ℕ → (ℕ → DisequalityDispersion.Machine.Mem → ℕ → Prop) → Prop
DisequalityDispersion.Machine.PostStable : (ℕ → DisequalityDispersion.Machine.Mem → ℕ → Prop) → Prop
DisequalityDispersion.Machine.MapArrInv : ℕ →
  List ℕ →
    (DisequalityDispersion.Machine.Mem → Prop) →
      (ℕ → DisequalityDispersion.Machine.Mem → ℕ → Prop) →
        DisequalityDispersion.Machine.Mem → List ℕ → ℕ → DisequalityDispersion.Machine.Mem → Prop
DisequalityDispersion.Machine.ArrIs : DisequalityDispersion.Machine.Mem → ℕ → List ℕ → Prop
DisequalityDispersion.Machine.PArrIs : DisequalityDispersion.Machine.Mem → ℕ → List (ℕ × ℕ) → Prop
DisequalityDispersion.Machine.NETS : ℕ
DisequalityDispersion.Machine.NETT : ℕ
DisequalityDispersion.Machine.NETN : ℕ
DisequalityDispersion.Machine.ARCS : ℕ
DisequalityDispersion.Machine.REPS : ℕ
DisequalityDispersion.Machine.RNGN : ℕ
DisequalityDispersion.Machine.rangeNM : DisequalityDispersion.Machine.Cmd
DisequalityDispersion.Machine.repTest : DisequalityDispersion.Machine.Cmd
DisequalityDispersion.Machine.repsM : DisequalityDispersion.Machine.Cmd
DisequalityDispersion.Machine.repsV : List ℕ
DisequalityDispersion.Machine.dblM : DisequalityDispersion.Machine.Cmd
DisequalityDispersion.Machine.dbl1M : DisequalityDispersion.Machine.Cmd
DisequalityDispersion.Machine.arr2M : ℕ → ℕ → DisequalityDispersion.Machine.Cmd
DisequalityDispersion.Machine.NC0 : ℕ →
  DisequalityDispersion.Encoded.GInstance → DisequalityDispersion.Machine.Mem → Prop
DisequalityDispersion.Machine.stM : DisequalityDispersion.Machine.Cmd
DisequalityDispersion.Machine.netNodesM : DisequalityDispersion.Machine.Cmd
DisequalityDispersion.Machine.netNodesV : List ℕ
DisequalityDispersion.Machine.NC1 : ℕ →
  DisequalityDispersion.Encoded.GInstance → DisequalityDispersion.Machine.Mem → Prop
DisequalityDispersion.Machine.pairDblM : DisequalityDispersion.Machine.Cmd
DisequalityDispersion.Machine.nodeArcsM : DisequalityDispersion.Machine.Cmd
DisequalityDispersion.Machine.nodeArcsV : List ℕ
DisequalityDispersion.Machine.emptyArrM : ℕ → DisequalityDispersion.Machine.Cmd
DisequalityDispersion.Machine.argsPtrM : DisequalityDispersion.Machine.Cmd
DisequalityDispersion.Machine.edgePairM : DisequalityDispersion.Machine.Cmd
DisequalityDispersion.Machine.argsPairsM : DisequalityDispersion.Machine.Cmd
DisequalityDispersion.Machine.edgeList : DisequalityDispersion.Encoded.GInstance → ℕ → List (ℕ × ℕ)
DisequalityDispersion.Machine.EdgePost : DisequalityDispersion.Encoded.GInstance →
  ℕ → DisequalityDispersion.Machine.Mem → ℕ → Prop
DisequalityDispersion.Machine.argsPairsV : List ℕ
DisequalityDispersion.Machine.EdgeArrs : DisequalityDispersion.Encoded.GInstance →
  DisequalityDispersion.Machine.Mem → Prop
DisequalityDispersion.Machine.edgeFlat : DisequalityDispersion.Encoded.GInstance → List (ℕ × ℕ)
DisequalityDispersion.Machine.edgeArcsM : DisequalityDispersion.Machine.Cmd
DisequalityDispersion.Machine.edgeArcsV : List ℕ
DisequalityDispersion.Machine.isSrcT : DisequalityDispersion.Machine.Cmd
DisequalityDispersion.Machine.srcPairM : DisequalityDispersion.Machine.Cmd
DisequalityDispersion.Machine.srcArcsM : DisequalityDispersion.Machine.Cmd
DisequalityDispersion.Machine.srcArcsV : List ℕ
DisequalityDispersion.Machine.xNodeM : DisequalityDispersion.Machine.Cmd
DisequalityDispersion.Machine.yNodeM : DisequalityDispersion.Machine.Cmd
DisequalityDispersion.Machine.snkPairM : DisequalityDispersion.Machine.Cmd
DisequalityDispersion.Machine.snkArcsM : DisequalityDispersion.Machine.Cmd
DisequalityDispersion.Machine.snkArcsV : List ℕ
DisequalityDispersion.Machine.arcsM : DisequalityDispersion.Machine.Cmd
DisequalityDispersion.Machine.arcsV : List ℕ
DisequalityDispersion.Machine.NetCtx : ℕ →
  DisequalityDispersion.Encoded.GInstance → DisequalityDispersion.Machine.Mem → Prop
DisequalityDispersion.Machine.netM : DisequalityDispersion.Machine.Cmd
DisequalityDispersion.Machine.netV : List ℕ
DisequalityDispersion.Machine.netB : ℕ → ℕ
DisequalityDispersion.Machine.UARR : ℕ
DisequalityDispersion.Machine.SEEN : ℕ
DisequalityDispersion.Machine.FRONT : ℕ
DisequalityDispersion.Machine.LAYS : ℕ
DisequalityDispersion.Machine.PATH : ℕ
DisequalityDispersion.Machine.STEPS : ℕ
DisequalityDispersion.Machine.MDE : ℕ
DisequalityDispersion.Machine.CUR : ℕ
DisequalityDispersion.Machine.FUEL : ℕ
DisequalityDispersion.Machine.NEWU : ℕ
DisequalityDispersion.Machine.memValM : ℕ → ℕ → ℕ → DisequalityDispersion.Machine.Cmd
DisequalityDispersion.Machine.FCtx : ℕ →
  DisequalityDispersion.Encoded.GInstance → List (ℕ × ℕ) → DisequalityDispersion.Machine.Mem → Prop
DisequalityDispersion.Machine.arcBound : ℕ → ℕ
DisequalityDispersion.Machine.mkPairM : ℕ → ℕ → ℕ → DisequalityDispersion.Machine.Cmd
DisequalityDispersion.Machine.resTest : ℕ → ℕ → DisequalityDispersion.Machine.Cmd
DisequalityDispersion.Machine.resV : List ℕ
DisequalityDispersion.Machine.RecAt : DisequalityDispersion.Machine.Mem → ℕ → ℕ → ℕ → Prop
DisequalityDispersion.Machine.nodeBound : ℕ → ℕ
DisequalityDispersion.Machine.seenBound : ℕ → ℕ
DisequalityDispersion.Machine.flowBound : ℕ → ℕ
DisequalityDispersion.Machine.LCtx : ℕ →
  DisequalityDispersion.Encoded.GInstance → List (ℕ × ℕ) → List ℕ → List ℕ → DisequalityDispersion.Machine.Mem → Prop
DisequalityDispersion.Machine.frontTest : DisequalityDispersion.Machine.Cmd
DisequalityDispersion.Machine.frontV : List ℕ
DisequalityDispersion.Machine.frontB : ℕ → ℕ
DisequalityDispersion.Machine.newFrontM : DisequalityDispersion.Machine.Cmd
DisequalityDispersion.Machine.newFrontV : List ℕ
DisequalityDispersion.Machine.layerState : DisequalityDispersion.Flow.Network ℕ → List (ℕ × ℕ) → ℕ → List ℕ × List ℕ
DisequalityDispersion.Machine.Ptrs : DisequalityDispersion.Machine.Mem → List ℕ → List (List ℕ) → Prop
DisequalityDispersion.Machine.LaysAt : DisequalityDispersion.Machine.Mem → List (List ℕ) → Prop
DisequalityDispersion.Machine.arr1M : ℕ → ℕ → DisequalityDispersion.Machine.Cmd
DisequalityDispersion.Machine.layerBody : DisequalityDispersion.Machine.Cmd
DisequalityDispersion.Machine.layerBodyV : List ℕ
DisequalityDispersion.Machine.layerBodyB : ℕ → ℕ
DisequalityDispersion.Machine.LayInv : ℕ →
  DisequalityDispersion.Encoded.GInstance →
    List (ℕ × ℕ) → DisequalityDispersion.Machine.Mem → ℕ → DisequalityDispersion.Machine.Mem → Prop
DisequalityDispersion.Machine.layersM : DisequalityDispersion.Machine.Cmd
DisequalityDispersion.Machine.layersV : List ℕ
DisequalityDispersion.Machine.layersB : ℕ → ℕ
DisequalityDispersion.Machine.exStep : DisequalityDispersion.Flow.Network ℕ →
  List (ℕ × ℕ) → ℕ × ℕ × List ℕ → List ℕ → ℕ × ℕ × List ℕ
DisequalityDispersion.Machine.consPathM : ℕ → DisequalityDispersion.Machine.Cmd
DisequalityDispersion.Machine.consPathV : List ℕ
DisequalityDispersion.Machine.consPathB : ℕ → ℕ
DisequalityDispersion.Machine.descTest : DisequalityDispersion.Machine.Cmd
DisequalityDispersion.Machine.descV : List ℕ
DisequalityDispersion.Machine.descB : ℕ → ℕ
DisequalityDispersion.Machine.XState : ℕ × ℕ × List ℕ → DisequalityDispersion.Machine.Mem → Prop
DisequalityDispersion.Machine.pathBody : DisequalityDispersion.Machine.Cmd
DisequalityDispersion.Machine.pathV0 : List ℕ
DisequalityDispersion.Machine.pathV1 : List ℕ
DisequalityDispersion.Machine.pathV : List ℕ
DisequalityDispersion.Machine.pathB : ℕ → ℕ
DisequalityDispersion.Machine.augPathM : DisequalityDispersion.Machine.Cmd
DisequalityDispersion.Machine.augPathV : List ℕ
DisequalityDispersion.Machine.augPathB : ℕ → ℕ
DisequalityDispersion.Machine.PathInv : ℕ →
  DisequalityDispersion.Encoded.GInstance →
    List (ℕ × ℕ) → DisequalityDispersion.Machine.Mem → ℕ → ℕ → DisequalityDispersion.Machine.Mem → Prop
DisequalityDispersion.Machine.stepPairM : DisequalityDispersion.Machine.Cmd
DisequalityDispersion.Machine.stepsM : DisequalityDispersion.Machine.Cmd
DisequalityDispersion.Machine.stepsV : List ℕ
DisequalityDispersion.Machine.stepsB : ℕ → ℕ
DisequalityDispersion.Machine.seenTest : DisequalityDispersion.Machine.Cmd
DisequalityDispersion.Machine.seenV : List ℕ
DisequalityDispersion.Machine.keepTest : DisequalityDispersion.Machine.Cmd
DisequalityDispersion.Machine.keepV : List ℕ
DisequalityDispersion.Machine.keepB : ℕ → ℕ
DisequalityDispersion.Machine.augmentM : DisequalityDispersion.Machine.Cmd
DisequalityDispersion.Machine.augmentV : List ℕ
DisequalityDispersion.Machine.augmentB : ℕ → ℕ
DisequalityDispersion.Machine.ffStep : DisequalityDispersion.Flow.Network ℕ → Bool × List (ℕ × ℕ) → Bool × List (ℕ × ℕ)
DisequalityDispersion.Machine.ffBody : DisequalityDispersion.Machine.Cmd
DisequalityDispersion.Machine.ffBodyV : List ℕ
DisequalityDispersion.Machine.ffBodyB : ℕ → ℕ
DisequalityDispersion.Machine.ffM : DisequalityDispersion.Machine.Cmd
DisequalityDispersion.Machine.ffV : List ℕ
DisequalityDispersion.Machine.ffB : ℕ → ℕ
DisequalityDispersion.Machine.FfInv : ℕ →
  DisequalityDispersion.Encoded.GInstance →
    DisequalityDispersion.Machine.Mem → ℕ → DisequalityDispersion.Machine.Mem → Prop
DisequalityDispersion.Machine.countM : DisequalityDispersion.Machine.Cmd
DisequalityDispersion.Machine.countV : List ℕ
DisequalityDispersion.Machine.countB : ℕ → ℕ
DisequalityDispersion.Machine.rhoM : DisequalityDispersion.Machine.Cmd
DisequalityDispersion.Machine.rhoV : List ℕ
DisequalityDispersion.Machine.rhoB : ℕ → ℕ
DisequalityDispersion.Machine.RES : ℕ
DisequalityDispersion.Machine.initM : DisequalityDispersion.Machine.Cmd
DisequalityDispersion.Machine.decideM : DisequalityDispersion.Machine.Cmd
DisequalityDispersion.Machine.decideB : ℕ → ℕ
DisequalityDispersion.Machine.mainM : DisequalityDispersion.Machine.Cmd
DisequalityDispersion.Machine.mainB : ℕ → ℕ
DisequalityDispersion.Machine.program : List DisequalityDispersion.Machine.Instr
DisequalityDispersion.Machine.initCfg : List Bool → DisequalityDispersion.Machine.Cfg
DisequalityDispersion.Machine.Cmd.constMax : DisequalityDispersion.Machine.Cmd → ℕ
DisequalityDispersion.Machine.PolyB : (ℕ → ℕ) → Prop
DisequalityDispersion.Machine.polybCore : Lean.MVarId → Lean.Elab.Tactic.TacticM Unit
DisequalityDispersion.Machine.costB : ℕ → ℕ
DisequalityDispersion.Machine.runFuel : List DisequalityDispersion.Machine.Instr →
  ℕ → DisequalityDispersion.Machine.Cfg → ℕ → ℕ → DisequalityDispersion.Machine.Cfg × ℕ × ℕ × Bool
DisequalityDispersion.Machine.aget : Array ℕ → ℕ → ℕ
DisequalityDispersion.Machine.aset : Array ℕ → ℕ → ℕ → Array ℕ
DisequalityDispersion.Machine.Corr : DisequalityDispersion.Machine.Mem → Array ℕ → Prop
DisequalityDispersion.Machine.Prim.execA : DisequalityDispersion.Machine.Prim → Array ℕ → Array ℕ
DisequalityDispersion.Machine.Prim.costA : DisequalityDispersion.Machine.Prim → Array ℕ → ℕ
DisequalityDispersion.Machine.Cond.evalA : DisequalityDispersion.Machine.Cond → Array ℕ → Bool
DisequalityDispersion.Machine.Cond.costA : DisequalityDispersion.Machine.Cond → Array ℕ → ℕ
DisequalityDispersion.Machine.ACfg : Type
DisequalityDispersion.Machine.ACfg.Corr : DisequalityDispersion.Machine.Cfg → DisequalityDispersion.Machine.ACfg → Prop
DisequalityDispersion.Machine.stepA : Array DisequalityDispersion.Machine.Instr →
  DisequalityDispersion.Machine.ACfg → Option (DisequalityDispersion.Machine.ACfg × ℕ)
DisequalityDispersion.Machine.runA : Array DisequalityDispersion.Machine.Instr →
  ℕ → DisequalityDispersion.Machine.ACfg → ℕ → ℕ → DisequalityDispersion.Machine.ACfg × ℕ × ℕ × Bool
DisequalityDispersion.Machine.inputArr : List Bool → Array ℕ
DisequalityDispersion.Machine.programA : Array DisequalityDispersion.Machine.Instr
DisequalityDispersion.Machine.evalProgram : List Bool → ℕ → Bool × ℕ × ℕ × ℕ × ℕ
DisequalityDispersion.Machine.programSize : ℕ
DisequalityDispersion.Machine.sharedG : DisequalityDispersion.Encoded.GInstance
DisequalityDispersion.Machine.hugeCount : List Bool
@DisequalityDispersion.Machine.bits_le_iff : ∀ {n b : ℕ}, DisequalityDispersion.Machine.bits n ≤ b ↔ n < 2 ^ b
@DisequalityDispersion.Machine.bits_le_of_lt_pow : ∀ {n b : ℕ}, n < 2 ^ b → DisequalityDispersion.Machine.bits n ≤ b
@DisequalityDispersion.Machine.bits_mono : ∀ {a b : ℕ},
  a ≤ b → DisequalityDispersion.Machine.bits a ≤ DisequalityDispersion.Machine.bits b
DisequalityDispersion.Machine.bits_le_self : ∀ (n : ℕ), DisequalityDispersion.Machine.bits n ≤ n
DisequalityDispersion.Machine.Mem.write_same : ∀ (m : DisequalityDispersion.Machine.Mem) (a v : ℕ), m.write a v a = v
DisequalityDispersion.Machine.Mem.write_ne : ∀ (m : DisequalityDispersion.Machine.Mem) {a x : ℕ} (v : ℕ),
  x ≠ a → m.write a v x = m x
DisequalityDispersion.Machine.Mem.write_apply : ∀ (m : DisequalityDispersion.Machine.Mem) (a v x : ℕ),
  m.write a v x = if x = a then v else m x
DisequalityDispersion.Machine.Prim.exec_apply_ne : ∀ (p : DisequalityDispersion.Machine.Prim)
  (m : DisequalityDispersion.Machine.Mem) {x : ℕ}, x ≠ p.target m → p.exec m x = m x
@DisequalityDispersion.Machine.Run.trans : ∀ {P : List DisequalityDispersion.Machine.Instr}
  {c₁ c₂ c₃ : DisequalityDispersion.Machine.Cfg} {n₁ n₂ t₁ t₂ : ℕ},
  DisequalityDispersion.Machine.Run P c₁ c₂ n₁ t₁ →
    DisequalityDispersion.Machine.Run P c₂ c₃ n₂ t₂ → DisequalityDispersion.Machine.Run P c₁ c₃ (n₁ + n₂) (t₁ + t₂)
@DisequalityDispersion.Machine.Run.single : ∀ {P : List DisequalityDispersion.Machine.Instr}
  {c c' : DisequalityDispersion.Machine.Cfg} {k : ℕ},
  DisequalityDispersion.Machine.step P c = some (c', k) → DisequalityDispersion.Machine.Run P c c' 1 k
@DisequalityDispersion.Machine.Run.halted_unique : ∀ {P : List DisequalityDispersion.Machine.Instr}
  {c c₁ c₂ : DisequalityDispersion.Machine.Cfg} {n₁ n₂ t₁ t₂ : ℕ},
  DisequalityDispersion.Machine.Run P c c₁ n₁ t₁ →
    DisequalityDispersion.Machine.Run P c c₂ n₂ t₂ →
      DisequalityDispersion.Machine.Halted P c₁ →
        DisequalityDispersion.Machine.Halted P c₂ → c₁ = c₂ ∧ n₁ = n₂ ∧ t₁ = t₂
@DisequalityDispersion.Machine.Bounded.mono : ∀ {m : DisequalityDispersion.Machine.Mem} {b b' : ℕ},
  DisequalityDispersion.Machine.Bounded m b → b ≤ b' → DisequalityDispersion.Machine.Bounded m b'
@DisequalityDispersion.Machine.Bounded.bits_le : ∀ {m : DisequalityDispersion.Machine.Mem} {b : ℕ},
  DisequalityDispersion.Machine.Bounded m b → ∀ (x : ℕ), DisequalityDispersion.Machine.bits (m x) ≤ b
@DisequalityDispersion.Machine.constOf_le_constBound : ∀ {P : List DisequalityDispersion.Machine.Instr}
  {i : DisequalityDispersion.Machine.Instr}, i ∈ P → i.constOf ≤ DisequalityDispersion.Machine.constBound P
@DisequalityDispersion.Machine.Prim.exec_bounded : ∀ {p : DisequalityDispersion.Machine.Prim}
  {m : DisequalityDispersion.Machine.Mem} {b : ℕ},
  DisequalityDispersion.Machine.Bounded m b →
    DisequalityDispersion.Machine.bits p.constOf' ≤ b → DisequalityDispersion.Machine.Bounded (p.exec m) (b + 1)
@DisequalityDispersion.Machine.Prim.cost_le : ∀ {p : DisequalityDispersion.Machine.Prim}
  {m : DisequalityDispersion.Machine.Mem} {b : ℕ},
  DisequalityDispersion.Machine.Bounded m b → DisequalityDispersion.Machine.bits p.constOf' ≤ b → p.cost m ≤ 1 + 2 * b
@DisequalityDispersion.Machine.Cond.cost_le : ∀ {c : DisequalityDispersion.Machine.Cond}
  {m : DisequalityDispersion.Machine.Mem} {b : ℕ}, DisequalityDispersion.Machine.Bounded m b → c.cost m ≤ 1 + 2 * b
@DisequalityDispersion.Machine.step_bounded : ∀ {P : List DisequalityDispersion.Machine.Instr}
  {c c' : DisequalityDispersion.Machine.Cfg} {k b : ℕ},
  DisequalityDispersion.Machine.Bounded c.mem b →
    DisequalityDispersion.Machine.bits (DisequalityDispersion.Machine.constBound P) ≤ b →
      DisequalityDispersion.Machine.step P c = some (c', k) →
        DisequalityDispersion.Machine.Bounded c'.mem (b + 1) ∧ k ≤ 1 + 2 * b
@DisequalityDispersion.Machine.Run.bounded : ∀ {P : List DisequalityDispersion.Machine.Instr}
  {c c' : DisequalityDispersion.Machine.Cfg} {n t b : ℕ},
  DisequalityDispersion.Machine.Bounded c.mem b →
    DisequalityDispersion.Machine.bits (DisequalityDispersion.Machine.constBound P) ≤ b →
      DisequalityDispersion.Machine.Run P c c' n t → DisequalityDispersion.Machine.Bounded c'.mem (b + n)
@DisequalityDispersion.Machine.Run.cost_le : ∀ {P : List DisequalityDispersion.Machine.Instr}
  {c c' : DisequalityDispersion.Machine.Cfg} {n t b : ℕ},
  DisequalityDispersion.Machine.Bounded c.mem b →
    DisequalityDispersion.Machine.bits (DisequalityDispersion.Machine.constBound P) ≤ b →
      DisequalityDispersion.Machine.Run P c c' n t → t ≤ n * (1 + 2 * (b + n))
@DisequalityDispersion.Machine.step_congr : ∀ {P P' : List DisequalityDispersion.Machine.Instr}
  {c : DisequalityDispersion.Machine.Cfg},
  P[c.pc]? = P'[c.pc]? → DisequalityDispersion.Machine.step P c = DisequalityDispersion.Machine.step P' c
DisequalityDispersion.Machine.Cmd.compile_length : ∀ (c : DisequalityDispersion.Machine.Cmd) (s : ℕ),
  (c.compile s).length = c.len
@DisequalityDispersion.Machine.Cmd.CodeAt.append_left : ∀ {P : List DisequalityDispersion.Machine.Instr} {s : ℕ}
  {c₁ c₂ : List DisequalityDispersion.Machine.Instr},
  DisequalityDispersion.Machine.Cmd.CodeAt P s (c₁ ++ c₂) → DisequalityDispersion.Machine.Cmd.CodeAt P s c₁
@DisequalityDispersion.Machine.Cmd.CodeAt.append_right : ∀ {P : List DisequalityDispersion.Machine.Instr} {s : ℕ}
  {c₁ c₂ : List DisequalityDispersion.Machine.Instr},
  DisequalityDispersion.Machine.Cmd.CodeAt P s (c₁ ++ c₂) →
    DisequalityDispersion.Machine.Cmd.CodeAt P (s + c₁.length) c₂
@DisequalityDispersion.Machine.Cmd.CodeAt.head : ∀ {P : List DisequalityDispersion.Machine.Instr} {s : ℕ}
  {i : DisequalityDispersion.Machine.Instr} {c : List DisequalityDispersion.Machine.Instr},
  DisequalityDispersion.Machine.Cmd.CodeAt P s (i :: c) → P[s]? = some i
@DisequalityDispersion.Machine.Cmd.CodeAt.tail : ∀ {P : List DisequalityDispersion.Machine.Instr} {s : ℕ}
  {i : DisequalityDispersion.Machine.Instr} {c : List DisequalityDispersion.Machine.Instr},
  DisequalityDispersion.Machine.Cmd.CodeAt P s (i :: c) → DisequalityDispersion.Machine.Cmd.CodeAt P (s + 1) c
@DisequalityDispersion.Machine.Cmd.compile_correct : ∀ {c : DisequalityDispersion.Machine.Cmd}
  {m m' : DisequalityDispersion.Machine.Mem} {k : ℕ},
  c.Exec m m' k →
    ∀ (P : List DisequalityDispersion.Machine.Instr) (s : ℕ),
      DisequalityDispersion.Machine.Cmd.CodeAt P s (c.compile s) →
        ∃ t, DisequalityDispersion.Machine.Run P { pc := s, mem := m } { pc := s + c.len, mem := m' } k t
@DisequalityDispersion.Machine.Cmd.Exec.deterministic : ∀ {c : DisequalityDispersion.Machine.Cmd}
  {m m₁ m₂ : DisequalityDispersion.Machine.Mem} {k₁ k₂ : ℕ}, c.Exec m m₁ k₁ → c.Exec m m₂ k₂ → m₁ = m₂ ∧ k₁ = k₂
@DisequalityDispersion.Machine.Cmd.Exec.seq_spec : ∀ {c₁ c₂ : DisequalityDispersion.Machine.Cmd}
  {m : DisequalityDispersion.Machine.Mem} {P₁ P₂ : DisequalityDispersion.Machine.Mem → Prop} {B₁ B₂ : ℕ},
  (∃ m₁ k₁, c₁.Exec m m₁ k₁ ∧ P₁ m₁ ∧ k₁ ≤ B₁) →
    (∀ (m₁ : DisequalityDispersion.Machine.Mem), P₁ m₁ → ∃ m₂ k₂, c₂.Exec m₁ m₂ k₂ ∧ P₂ m₂ ∧ k₂ ≤ B₂) →
      ∃ m₂ k, (c₁.seq c₂).Exec m m₂ k ∧ P₂ m₂ ∧ k ≤ B₁ + B₂
DisequalityDispersion.Machine.Cmd.Exec.loop_spec : ∀ (b : DisequalityDispersion.Machine.Cond)
  (c : DisequalityDispersion.Machine.Cmd) (I : ℕ → DisequalityDispersion.Machine.Mem → Prop) (B : ℕ),
  (∀ (n : ℕ) (m : DisequalityDispersion.Machine.Mem),
      I (n + 1) m → b.eval m = true ∧ ∃ m' k, c.Exec m m' k ∧ I n m' ∧ k ≤ B) →
    (∀ (m : DisequalityDispersion.Machine.Mem), I 0 m → b.eval m = false) →
      ∀ (n : ℕ) (m : DisequalityDispersion.Machine.Mem),
        I n m → ∃ m' k, (DisequalityDispersion.Machine.Cmd.loop b c).Exec m m' k ∧ I 0 m' ∧ k ≤ n * (B + 2) + 2
DisequalityDispersion.Machine.inputMem_input : ∀ (bs : List Bool),
  DisequalityDispersion.Machine.Input (DisequalityDispersion.Machine.inputMem bs) bs
DisequalityDispersion.Machine.inputMem_bounded : ∀ (bs : List Bool),
  DisequalityDispersion.Machine.Bounded (DisequalityDispersion.Machine.inputMem bs)
    (DisequalityDispersion.Machine.bits bs.length + 1)
DisequalityDispersion.Machine.Pres.refl : ∀ (m : DisequalityDispersion.Machine.Mem) (lo : ℕ) (W : List ℕ),
  DisequalityDispersion.Machine.Pres m m lo W
@DisequalityDispersion.Machine.Pres.trans : ∀ {m₁ m₂ m₃ : DisequalityDispersion.Machine.Mem} {lo₁ lo₂ : ℕ}
  {W₁ W₂ : List ℕ},
  DisequalityDispersion.Machine.Pres m₁ m₂ lo₁ W₁ →
    DisequalityDispersion.Machine.Pres m₂ m₃ lo₂ W₂ →
      lo₁ ≤ lo₂ → DisequalityDispersion.Machine.Pres m₁ m₃ lo₁ (W₁ ++ W₂)
@DisequalityDispersion.Machine.Pres.mono : ∀ {m m' : DisequalityDispersion.Machine.Mem} {lo lo' : ℕ} {W W' : List ℕ},
  DisequalityDispersion.Machine.Pres m m' lo W →
    lo' ≤ lo → (∀ x ∈ W, x ∈ W') → DisequalityDispersion.Machine.Pres m m' lo' W'
@DisequalityDispersion.Machine.Arr.of_pres : ∀ {m m' : DisequalityDispersion.Machine.Mem} {a : ℕ} {l : List ℕ} {lo : ℕ}
  {W : List ℕ},
  DisequalityDispersion.Machine.Arr m a l →
    DisequalityDispersion.Machine.Pres m m' lo W →
      a + 1 + l.length ≤ lo →
        (∀ x ∈ W, x < DisequalityDispersion.Machine.IN) →
          DisequalityDispersion.Machine.IN ≤ a → DisequalityDispersion.Machine.Arr m' a l
@DisequalityDispersion.Machine.Input.of_pres : ∀ {m m' : DisequalityDispersion.Machine.Mem} {bs : List Bool} {lo : ℕ}
  {W : List ℕ},
  DisequalityDispersion.Machine.Input m bs →
    DisequalityDispersion.Machine.Pres m m' lo W →
      DisequalityDispersion.Machine.IN + 1 + bs.length ≤ lo →
        (∀ x ∈ W, x < DisequalityDispersion.Machine.IN) → DisequalityDispersion.Machine.Input m' bs
DisequalityDispersion.Machine.Exec.prim' : ∀ (p : DisequalityDispersion.Machine.Prim)
  (m : DisequalityDispersion.Machine.Mem), (DisequalityDispersion.Machine.Cmd.prim p).Exec m (p.exec m) 1
DisequalityDispersion.Machine.Exec.prim_spec : ∀ (p : DisequalityDispersion.Machine.Prim)
  (m : DisequalityDispersion.Machine.Mem),
  ∃ m' k, (DisequalityDispersion.Machine.Cmd.prim p).Exec m m' k ∧ m' = p.exec m ∧ k ≤ 1
@DisequalityDispersion.Machine.Exec.seq_le : ∀ {c₁ c₂ : DisequalityDispersion.Machine.Cmd}
  {m m₁ m₂ : DisequalityDispersion.Machine.Mem} {k₁ k₂ B₁ B₂ : ℕ},
  c₁.Exec m m₁ k₁ → c₂.Exec m₁ m₂ k₂ → k₁ ≤ B₁ → k₂ ≤ B₂ → ∃ k, (c₁.seq c₂).Exec m m₂ k ∧ k ≤ B₁ + B₂
DisequalityDispersion.Machine.forLoop_spec : ∀ (i n : ℕ) (body : DisequalityDispersion.Machine.Cmd)
  (I : ℕ → DisequalityDispersion.Machine.Mem → Prop) (N B : ℕ),
  (∀ (j : ℕ) (m : DisequalityDispersion.Machine.Mem), I j m → m i = j ∧ m n = N) →
    (∀ (j : ℕ) (m : DisequalityDispersion.Machine.Mem),
        j < N →
          I j m →
            ∃ m' k,
              body.Exec m m' k ∧
                k ≤ B ∧ m' i = j ∧ m' DisequalityDispersion.Machine.ONE = 1 ∧ I (j + 1) (m'.write i (j + 1))) →
      ∀ (j : ℕ) (m : DisequalityDispersion.Machine.Mem),
        j ≤ N →
          I j m →
            ∃ m' k, (DisequalityDispersion.Machine.forLoop i n body).Exec m m' k ∧ I N m' ∧ k ≤ (N - j) * (B + 3) + 2
DisequalityDispersion.Machine.Exec.loop_measure : ∀ (b : DisequalityDispersion.Machine.Cond)
  (c : DisequalityDispersion.Machine.Cmd) (I : DisequalityDispersion.Machine.Mem → Prop)
  (μ : DisequalityDispersion.Machine.Mem → ℕ) (B : ℕ),
  (∀ (m : DisequalityDispersion.Machine.Mem),
      I m → b.eval m = true → ∃ m' k, c.Exec m m' k ∧ I m' ∧ k ≤ B ∧ μ m' < μ m) →
    ∀ (m : DisequalityDispersion.Machine.Mem),
      I m →
        ∃ m' k,
          (DisequalityDispersion.Machine.Cmd.loop b c).Exec m m' k ∧ I m' ∧ b.eval m' = false ∧ k ≤ μ m * (B + 2) + 2
DisequalityDispersion.Machine.HP_eq : DisequalityDispersion.Machine.HP = 0
DisequalityDispersion.Machine.ONE_eq : DisequalityDispersion.Machine.ONE = 1
DisequalityDispersion.Machine.IN_eq : DisequalityDispersion.Machine.IN = 200
DisequalityDispersion.Machine.N_eq : DisequalityDispersion.Machine.N = 4
DisequalityDispersion.Machine.INB_eq : DisequalityDispersion.Machine.INB = 3
DisequalityDispersion.Machine.ZERO_eq : DisequalityDispersion.Machine.ZERO = 2
DisequalityDispersion.Machine.POS_eq : DisequalityDispersion.Machine.POS = 5
DisequalityDispersion.Machine.OK_eq : DisequalityDispersion.Machine.OK = 6
DisequalityDispersion.Machine.VAL_eq : DisequalityDispersion.Machine.VAL = 7
DisequalityDispersion.Machine.TMP_eq : DisequalityDispersion.Machine.TMP = 8
DisequalityDispersion.Machine.CNT_eq : DisequalityDispersion.Machine.CNT = 10
DisequalityDispersion.Machine.POW_eq : DisequalityDispersion.Machine.POW = 11
DisequalityDispersion.Machine.PTR_eq : DisequalityDispersion.Machine.PTR = 12
DisequalityDispersion.Machine.LAST_eq : DisequalityDispersion.Machine.LAST = 13
DisequalityDispersion.Machine.BIT_eq : DisequalityDispersion.Machine.BIT = 14
DisequalityDispersion.Machine.J_eq : DisequalityDispersion.Machine.J = 15
DisequalityDispersion.Machine.CONT_eq : DisequalityDispersion.Machine.CONT = 16
DisequalityDispersion.Machine.HP_eq' : DisequalityDispersion.Machine.HP = 0
DisequalityDispersion.Machine.ONE_eq' : DisequalityDispersion.Machine.ONE = 1
DisequalityDispersion.Machine.IN_eq' : DisequalityDispersion.Machine.IN = 200
DisequalityDispersion.Machine.bitv_true : DisequalityDispersion.Machine.bitv true = 1
DisequalityDispersion.Machine.bitv_false : DisequalityDispersion.Machine.bitv false = 0
DisequalityDispersion.Machine.bitv_le_one : ∀ (b : Bool), DisequalityDispersion.Machine.bitv b ≤ 1
@DisequalityDispersion.Machine.PState.bit : ∀ {m : DisequalityDispersion.Machine.Mem} {bs : List Bool},
  DisequalityDispersion.Machine.PState m bs →
    ∀ (i : ℕ) (hi : i < bs.length),
      m (DisequalityDispersion.Machine.IN + 1 + i) = DisequalityDispersion.Machine.bitv bs[i]
DisequalityDispersion.Machine.natVars_lt : ∀ x ∈ DisequalityDispersion.Machine.natVars,
  x < DisequalityDispersion.Machine.IN
@DisequalityDispersion.Machine.PState.var_lt : ∀ {m : DisequalityDispersion.Machine.Mem} {bs : List Bool},
  DisequalityDispersion.Machine.PState m bs →
    ∀ x < DisequalityDispersion.Machine.IN, x < m DisequalityDispersion.Machine.HP
@DisequalityDispersion.Machine.PState.of_pres : ∀ {m m' : DisequalityDispersion.Machine.Mem} {bs : List Bool},
  DisequalityDispersion.Machine.PState m bs →
    ∀ {W : List ℕ},
      DisequalityDispersion.Machine.Pres m m' (m DisequalityDispersion.Machine.HP) W →
        (∀ x ∈ W, x ∈ DisequalityDispersion.Machine.natVars) → DisequalityDispersion.Machine.PState m' bs
DisequalityDispersion.Machine.readBits_of_le : ∀ (c : ℕ) (l : List Bool),
  c ≤ l.length → DisequalityDispersion.Encoded.readBits c l = some (List.take c l, List.drop c l)
DisequalityDispersion.Machine.readBits_none : ∀ (c : ℕ) (l : List Bool),
  l.length < c → DisequalityDispersion.Encoded.readBits c l = none
DisequalityDispersion.Machine.fromBits_take_succ : ∀ (j : ℕ) (l : List Bool) (h : j < l.length),
  DisequalityDispersion.Encoded.fromBits (List.take (j + 1) l) =
    DisequalityDispersion.Encoded.fromBits (List.take j l) + 2 ^ j * DisequalityDispersion.Machine.bitv l[j]
DisequalityDispersion.Machine.canon_take : ∀ (c : ℕ) (l : List Bool) (hc : c ≤ l.length),
  DisequalityDispersion.Encoded.Canon (List.take c l) = if h : 0 < c then l[c - 1] else true
DisequalityDispersion.Machine.decodeNatAux_drop_true : ∀ (bs : List Bool) (c q : ℕ) (hq : q < bs.length),
  bs[q] = true →
    DisequalityDispersion.Encoded.decodeNatAux c (List.drop q bs) =
      DisequalityDispersion.Encoded.decodeNatAux (c + 1) (List.drop (q + 1) bs)
DisequalityDispersion.Machine.decodeNatAux_drop_false : ∀ (bs : List Bool) (c q : ℕ) (hq : q < bs.length),
  bs[q] = false →
    DisequalityDispersion.Encoded.decodeNatAux c (List.drop q bs) =
      if q + 1 + c ≤ bs.length then
        if DisequalityDispersion.Encoded.Canon (List.take c (List.drop (q + 1) bs)) = true then
          some (DisequalityDispersion.Encoded.fromBits (List.take c (List.drop (q + 1) bs)), List.drop (q + 1 + c) bs)
        else none
      else none
DisequalityDispersion.Machine.decodeNatAux_drop_end : ∀ (bs : List Bool) (c : ℕ),
  DisequalityDispersion.Encoded.decodeNatAux c (List.drop bs.length bs) = none
DisequalityDispersion.Machine.Exec.setc : ∀ (a c : ℕ) (m : DisequalityDispersion.Machine.Mem),
  (DisequalityDispersion.Machine.setc a c).Exec m (m.write a c) 1
DisequalityDispersion.Machine.Exec.mov : ∀ (a b : ℕ) (m : DisequalityDispersion.Machine.Mem),
  (DisequalityDispersion.Machine.mov a b).Exec m (m.write a (m b)) 1
DisequalityDispersion.Machine.Exec.add : ∀ (a b c : ℕ) (m : DisequalityDispersion.Machine.Mem),
  (DisequalityDispersion.Machine.add a b c).Exec m (m.write a (m b + m c)) 1
DisequalityDispersion.Machine.Exec.sub : ∀ (a b c : ℕ) (m : DisequalityDispersion.Machine.Mem),
  (DisequalityDispersion.Machine.sub a b c).Exec m (m.write a (m b - m c)) 1
DisequalityDispersion.Machine.Exec.load : ∀ (a b : ℕ) (m : DisequalityDispersion.Machine.Mem),
  (DisequalityDispersion.Machine.load a b).Exec m (m.write a (m (m b))) 1
DisequalityDispersion.Machine.Exec.store : ∀ (a b : ℕ) (m : DisequalityDispersion.Machine.Mem),
  (DisequalityDispersion.Machine.store a b).Exec m (m.write (m a) (m b)) 1
DisequalityDispersion.Machine.Exec.nop : ∀ (m : DisequalityDispersion.Machine.Mem),
  DisequalityDispersion.Machine.nop.Exec m m 1
@DisequalityDispersion.Machine.Exec.ite_spec : ∀ {b : DisequalityDispersion.Machine.Cond}
  {c₁ c₂ : DisequalityDispersion.Machine.Cmd} {m : DisequalityDispersion.Machine.Mem} {B : ℕ}
  {P : DisequalityDispersion.Machine.Mem → Prop},
  (b.eval m = true → ∃ m' k, c₁.Exec m m' k ∧ P m' ∧ k ≤ B) →
    (b.eval m = false → ∃ m' k, c₂.Exec m m' k ∧ P m' ∧ k ≤ B) →
      ∃ m' k, (DisequalityDispersion.Machine.Cmd.ite b c₁ c₂).Exec m m' k ∧ P m' ∧ k ≤ B + 2
@DisequalityDispersion.Machine.readBitM_spec : ∀ {m : DisequalityDispersion.Machine.Mem} {bs : List Bool},
  DisequalityDispersion.Machine.PState m bs →
    ∀ {q : ℕ},
      m DisequalityDispersion.Machine.POS = q →
        ∀ (hqN : q < bs.length),
          DisequalityDispersion.Machine.readBitM.Exec m
            ((m.write DisequalityDispersion.Machine.PTR (DisequalityDispersion.Machine.IN + 1 + q)).write
              DisequalityDispersion.Machine.BIT (DisequalityDispersion.Machine.bitv bs[q]))
            2
@DisequalityDispersion.Machine.contM_spec : ∀ {m : DisequalityDispersion.Machine.Mem} {bs : List Bool},
  DisequalityDispersion.Machine.PState m bs →
    ∀ {q : ℕ},
      m DisequalityDispersion.Machine.POS = q →
        ∃ m' k,
          DisequalityDispersion.Machine.contM.Exec m m' k ∧
            k ≤ 5 ∧
              (m' DisequalityDispersion.Machine.CONT =
                  if h : q < bs.length then DisequalityDispersion.Machine.bitv bs[q] else 0) ∧
                DisequalityDispersion.Machine.Pres m m' (m DisequalityDispersion.Machine.HP)
                  DisequalityDispersion.Machine.contVars
DisequalityDispersion.Machine.countBody_spec : ∀ (m₀ : DisequalityDispersion.Machine.Mem) (bs : List Bool) (p : ℕ)
  (m : DisequalityDispersion.Machine.Mem),
  DisequalityDispersion.Machine.CountInv m₀ bs p m →
    (DisequalityDispersion.Machine.Cond.eq DisequalityDispersion.Machine.CONT DisequalityDispersion.Machine.ONE).eval
          m =
        true →
      ∃ m' k,
        ((DisequalityDispersion.Machine.add DisequalityDispersion.Machine.CNT DisequalityDispersion.Machine.CNT
                    DisequalityDispersion.Machine.ONE).seq
                ((DisequalityDispersion.Machine.add DisequalityDispersion.Machine.POS DisequalityDispersion.Machine.POS
                      DisequalityDispersion.Machine.ONE).seq
                  DisequalityDispersion.Machine.contM)).Exec
            m m' k ∧
          DisequalityDispersion.Machine.CountInv m₀ bs p m' ∧
            k ≤ 7 ∧ bs.length - m' DisequalityDispersion.Machine.POS < bs.length - m DisequalityDispersion.Machine.POS
DisequalityDispersion.Machine.countLoop_spec : ∀ (m₀ : DisequalityDispersion.Machine.Mem) (bs : List Bool) (p : ℕ)
  (m : DisequalityDispersion.Machine.Mem),
  DisequalityDispersion.Machine.CountInv m₀ bs p m →
    ∃ m' k,
      DisequalityDispersion.Machine.countLoop.Exec m m' k ∧
        DisequalityDispersion.Machine.CountInv m₀ bs p m' ∧
          (m' DisequalityDispersion.Machine.POS = bs.length ∨
              ∃ (h : m' DisequalityDispersion.Machine.POS < bs.length),
                bs[m' DisequalityDispersion.Machine.POS] = false) ∧
            k ≤ (bs.length - m DisequalityDispersion.Machine.POS) * 9 + 2
DisequalityDispersion.Machine.bitBody_spec : ∀ (m₀ : DisequalityDispersion.Machine.Mem) (bs : List Bool) (q1 c j : ℕ)
  (m : DisequalityDispersion.Machine.Mem),
  DisequalityDispersion.Machine.BitInv m₀ bs q1 c j m →
    j < c →
      ∃ m' k,
        DisequalityDispersion.Machine.bitBody.Exec m m' k ∧
          k ≤ 8 ∧
            m' DisequalityDispersion.Machine.J = j ∧
              m' DisequalityDispersion.Machine.ONE = 1 ∧
                DisequalityDispersion.Machine.BitInv m₀ bs q1 c (j + 1)
                  (m'.write DisequalityDispersion.Machine.J (j + 1))
DisequalityDispersion.Machine.bitLoop_spec : ∀ (m₀ : DisequalityDispersion.Machine.Mem) (bs : List Bool) (q1 c : ℕ)
  (m : DisequalityDispersion.Machine.Mem),
  DisequalityDispersion.Machine.BitInv m₀ bs q1 c 0 m →
    ∃ m' k,
      DisequalityDispersion.Machine.bitLoop.Exec m m' k ∧
        DisequalityDispersion.Machine.BitInv m₀ bs q1 c c m' ∧ k ≤ c * 11 + 2
DisequalityDispersion.Machine.pres_write : ∀ (m : DisequalityDispersion.Machine.Mem) (a v lo : ℕ),
  DisequalityDispersion.Machine.Pres m (m.write a v) lo [a]
@DisequalityDispersion.Machine.decodeNatM_spec : ∀ {m : DisequalityDispersion.Machine.Mem} {bs : List Bool},
  DisequalityDispersion.Machine.PState m bs →
    ∀ {p : ℕ},
      m DisequalityDispersion.Machine.POS = p →
        p ≤ bs.length →
          ∃ m' k,
            DisequalityDispersion.Machine.decodeNatM.Exec m m' k ∧
              k ≤ 20 * (bs.length - p) + 30 ∧
                DisequalityDispersion.Machine.Pres m m' (m DisequalityDispersion.Machine.HP)
                    DisequalityDispersion.Machine.natVars ∧
                  DisequalityDispersion.Machine.PState m' bs ∧
                    m' DisequalityDispersion.Machine.HP = m DisequalityDispersion.Machine.HP ∧
                      DisequalityDispersion.Machine.NatResult m' bs
                        (DisequalityDispersion.Encoded.decodeNat (List.drop p bs))
DisequalityDispersion.Machine.goodRep_nat : DisequalityDispersion.Machine.GoodRep DisequalityDispersion.Machine.RepNat
DisequalityDispersion.Machine.goodRep_pair : DisequalityDispersion.Machine.GoodRep DisequalityDispersion.Machine.RepPair
DisequalityDispersion.Machine.goodRep_arr : DisequalityDispersion.Machine.GoodRep DisequalityDispersion.Machine.RepArr
@DisequalityDispersion.Machine.goodRep_listOf : ∀ {α : Type} {rep : DisequalityDispersion.Machine.Rep α},
  DisequalityDispersion.Machine.GoodRep rep →
    DisequalityDispersion.Machine.GoodRep (DisequalityDispersion.Machine.RepListOf rep)
DisequalityDispersion.Machine.goodRep_node : DisequalityDispersion.Machine.GoodRep DisequalityDispersion.Machine.RepNode
@DisequalityDispersion.Machine.PState.of_pres' : ∀ {m m' : DisequalityDispersion.Machine.Mem} {bs : List Bool},
  DisequalityDispersion.Machine.PState m bs →
    ∀ {W : List ℕ},
      DisequalityDispersion.Machine.Pres m m' (m DisequalityDispersion.Machine.HP) W →
        DisequalityDispersion.Machine.GoodVars W → DisequalityDispersion.Machine.PState m' bs
@DisequalityDispersion.Machine.suffix_drop : ∀ {α : Type} {f : List Bool → Option (α × List Bool)},
  DisequalityDispersion.Machine.SuffixP f →
    ∀ (bs : List Bool),
      ∀ p ≤ bs.length,
        ∀ {a : α} {rest : List Bool},
          f (List.drop p bs) = some (a, rest) → rest = List.drop (bs.length - rest.length) bs
DisequalityDispersion.Machine.suffix_decodeNat : DisequalityDispersion.Machine.SuffixP
  DisequalityDispersion.Encoded.decodeNat
DisequalityDispersion.Machine.natVars_good : DisequalityDispersion.Machine.GoodVars
  DisequalityDispersion.Machine.natVars
DisequalityDispersion.Machine.decodeNatM_pspec : DisequalityDispersion.Machine.ParserSpec
  DisequalityDispersion.Machine.decodeNatM DisequalityDispersion.Encoded.decodeNat DisequalityDispersion.Machine.RepNat
  DisequalityDispersion.Machine.natVars 50 1
@DisequalityDispersion.Machine.PState.of_pres_lo : ∀ {m m' : DisequalityDispersion.Machine.Mem} {bs : List Bool},
  DisequalityDispersion.Machine.PState m bs →
    ∀ {W : List ℕ},
      DisequalityDispersion.Machine.Pres m m' (DisequalityDispersion.Machine.IN + 1 + bs.length) W →
        DisequalityDispersion.Machine.GoodVars W → DisequalityDispersion.Machine.PState m' bs
@DisequalityDispersion.Machine.decodeN_zero : ∀ {α : Type} (f : List Bool → Option (α × List Bool)) (l : List Bool),
  DisequalityDispersion.Encoded.decodeN f 0 l = some ([], l)
@DisequalityDispersion.Machine.decodeN_succ : ∀ {α : Type} (f : List Bool → Option (α × List Bool)) (r : ℕ)
  (l : List Bool),
  DisequalityDispersion.Encoded.decodeN f (r + 1) l =
    DisequalityDispersion.Encoded.bindP f
      (fun a =>
        DisequalityDispersion.Encoded.bindP (DisequalityDispersion.Encoded.decodeN f r) fun as =>
          DisequalityDispersion.Encoded.pureP (a :: as))
      l
@DisequalityDispersion.Machine.bindP_none : ∀ {α β : Type} {f : List Bool → Option (α × List Bool)}
  {g : α → List Bool → Option (β × List Bool)} {l : List Bool},
  f l = none → DisequalityDispersion.Encoded.bindP f g l = none
@DisequalityDispersion.Machine.listLoop_spec : ∀ {α : Type} {f : List Bool → Option (α × List Bool)}
  {rep : DisequalityDispersion.Machine.Rep α},
  DisequalityDispersion.Machine.GoodRep rep →
    ∀ {elemM : DisequalityDispersion.Machine.Cmd} {W : List ℕ} {S d : ℕ},
      DisequalityDispersion.Machine.ParserSpec elemM f rep W S d →
        DisequalityDispersion.Encoded.Progress f →
          DisequalityDispersion.Machine.SuffixP f →
            DisequalityDispersion.Machine.GoodVars W →
              ∀ l ≤ 1,
                DisequalityDispersion.Machine.A_ l ∉ W ∧
                    DisequalityDispersion.Machine.NEL l ∉ W ∧
                      DisequalityDispersion.Machine.JJ l ∉ W ∧ DisequalityDispersion.Machine.CC l ∉ W →
                  ∀ (r : ℕ) (bs : List Bool) (A n j p : ℕ) (m : DisequalityDispersion.Machine.Mem),
                    DisequalityDispersion.Machine.LInv bs l A n j p m →
                      r = n - j →
                        ∃ m' k,
                          (DisequalityDispersion.Machine.listLoop l elemM).Exec m m' k ∧
                            (∀ x < m DisequalityDispersion.Machine.HP,
                                x ∉ W →
                                  x ∉ DisequalityDispersion.Machine.loopVars l →
                                    ¬(A + 1 + j ≤ x ∧ x < A + 1 + n) → m' x = m x) ∧
                              DisequalityDispersion.Machine.PState m' bs ∧
                                m DisequalityDispersion.Machine.HP ≤ m' DisequalityDispersion.Machine.HP ∧
                                  m' (DisequalityDispersion.Machine.A_ l) = A ∧
                                    m' (DisequalityDispersion.Machine.NEL l) = n ∧
                                      DisequalityDispersion.Machine.LResult rep m m' bs l A j n
                                          (DisequalityDispersion.Encoded.decodeN f r (List.drop p bs)) ∧
                                        k ≤ (bs.length - p + 1) * (S * (bs.length - p + 1) ^ d + 14) + 2
@DisequalityDispersion.Machine.suffix_bind : ∀ {α β : Type} {f : List Bool → Option (α × List Bool)}
  {g : α → List Bool → Option (β × List Bool)},
  DisequalityDispersion.Machine.SuffixP f →
    (∀ (a : α), DisequalityDispersion.Machine.SuffixP (g a)) →
      DisequalityDispersion.Machine.SuffixP (DisequalityDispersion.Encoded.bindP f g)
@DisequalityDispersion.Machine.suffix_pure : ∀ {β : Type} (b : β),
  DisequalityDispersion.Machine.SuffixP (DisequalityDispersion.Encoded.pureP b)
@DisequalityDispersion.Machine.suffix_decodeN : ∀ {α : Type} {f : List Bool → Option (α × List Bool)},
  DisequalityDispersion.Machine.SuffixP f →
    ∀ (n : ℕ), DisequalityDispersion.Machine.SuffixP (DisequalityDispersion.Encoded.decodeN f n)
@DisequalityDispersion.Machine.suffix_decodeList : ∀ {α : Type} {f : List Bool → Option (α × List Bool)},
  DisequalityDispersion.Machine.SuffixP f →
    DisequalityDispersion.Machine.SuffixP (DisequalityDispersion.Encoded.decodeList f)
@DisequalityDispersion.Machine.suffix_tagP : ∀ {α : Type} {f0 f1 : List Bool → Option (α × List Bool)},
  DisequalityDispersion.Machine.SuffixP f0 →
    DisequalityDispersion.Machine.SuffixP f1 →
      DisequalityDispersion.Machine.SuffixP (DisequalityDispersion.Encoded.tagP f0 f1)
@DisequalityDispersion.Machine.decodeN_length : ∀ {α : Type} (f : List Bool → Option (α × List Bool)) (n : ℕ)
  (l : List Bool) (as : List α) (rest : List Bool),
  DisequalityDispersion.Encoded.decodeN f n l = some (as, rest) → as.length = n
DisequalityDispersion.Machine.listSetup_spec : ∀ l ≤ 1,
  ∀ {m : DisequalityDispersion.Machine.Mem} {bs : List Bool},
    DisequalityDispersion.Machine.PState m bs →
      ∀ (n : ℕ),
        m DisequalityDispersion.Machine.VAL = n →
          ∃ m' k,
            (DisequalityDispersion.Machine.listSetup l).Exec m m' k ∧
              k ≤ 9 ∧
                (∀ (x : ℕ),
                    x ≠ DisequalityDispersion.Machine.NEL l →
                      x ≠ DisequalityDispersion.Machine.A_ l →
                        x ≠ DisequalityDispersion.Machine.HP →
                          x ≠ DisequalityDispersion.Machine.JJ l →
                            x ≠ DisequalityDispersion.Machine.CC l →
                              x ≠ m DisequalityDispersion.Machine.HP → m' x = m x) ∧
                  m' (DisequalityDispersion.Machine.NEL l) = n ∧
                    m' (DisequalityDispersion.Machine.A_ l) = m DisequalityDispersion.Machine.HP ∧
                      m' DisequalityDispersion.Machine.HP = m DisequalityDispersion.Machine.HP + 1 + n ∧
                        m' (m DisequalityDispersion.Machine.HP) = n ∧
                          m' (DisequalityDispersion.Machine.JJ l) = 0 ∧
                            m' (DisequalityDispersion.Machine.CC l) =
                              if 0 < n then m DisequalityDispersion.Machine.OK else 0
@DisequalityDispersion.Machine.decodeListM_pspec : ∀ {α : Type} {f : List Bool → Option (α × List Bool)}
  {rep : DisequalityDispersion.Machine.Rep α},
  DisequalityDispersion.Machine.GoodRep rep →
    ∀ {elemM : DisequalityDispersion.Machine.Cmd} {W : List ℕ} {S d : ℕ},
      DisequalityDispersion.Machine.ParserSpec elemM f rep W S d →
        DisequalityDispersion.Encoded.Progress f →
          DisequalityDispersion.Machine.SuffixP f →
            DisequalityDispersion.Machine.GoodVars W →
              ∀ l ≤ 1,
                DisequalityDispersion.Machine.A_ l ∉ W ∧
                    DisequalityDispersion.Machine.NEL l ∉ W ∧
                      DisequalityDispersion.Machine.JJ l ∉ W ∧ DisequalityDispersion.Machine.CC l ∉ W →
                  DisequalityDispersion.Machine.ParserSpec (DisequalityDispersion.Machine.decodeListM l elemM)
                    (DisequalityDispersion.Encoded.decodeList f) (DisequalityDispersion.Machine.RepListOf rep)
                    (W ++ DisequalityDispersion.Machine.natVars ++
                      [DisequalityDispersion.Machine.A_ l, DisequalityDispersion.Machine.NEL l,
                        DisequalityDispersion.Machine.JJ l, DisequalityDispersion.Machine.CC l])
                    (S + 200) (d + 1)
@DisequalityDispersion.Machine.ParserSpec.toL : ∀ {α : Type} {c : DisequalityDispersion.Machine.Cmd}
  {f : List Bool → Option (α × List Bool)} {rep : DisequalityDispersion.Machine.Rep α},
  DisequalityDispersion.Machine.GoodRep rep →
    ∀ {W : List ℕ} {S d : ℕ},
      DisequalityDispersion.Machine.ParserSpec c f rep W S d →
        ∀ (Pre : ℕ → DisequalityDispersion.Machine.Mem → Prop),
          DisequalityDispersion.Machine.ParserSpecL Pre c f rep W S d
@DisequalityDispersion.Machine.ParserSpecL.mono : ∀ {α : Type} {Pre Pre' : ℕ → DisequalityDispersion.Machine.Mem → Prop}
  {c : DisequalityDispersion.Machine.Cmd} {f : List Bool → Option (α × List Bool)}
  {rep : DisequalityDispersion.Machine.Rep α} {W W' : List ℕ} {S d S' d' : ℕ},
  DisequalityDispersion.Machine.ParserSpecL Pre c f rep W S d →
    (∀ (lo : ℕ) (m : DisequalityDispersion.Machine.Mem), Pre' lo m → Pre lo m) →
      (∀ x ∈ W, x ∈ W') → S ≤ S' → d ≤ d' → DisequalityDispersion.Machine.ParserSpecL Pre' c f rep W' S' d'
@DisequalityDispersion.Machine.cost_le : ∀ {S d S' d' X k : ℕ},
  k ≤ S * X ^ d → 1 ≤ X → S ≤ S' → d ≤ d' → k ≤ S' * X ^ d'
@DisequalityDispersion.Machine.Holds.of_pres : ∀ {α : Type} {rep : DisequalityDispersion.Machine.Rep α},
  DisequalityDispersion.Machine.GoodRep rep →
    ∀ {T : ℕ} {a : α} {lo : ℕ} {m m' : DisequalityDispersion.Machine.Mem},
      DisequalityDispersion.Machine.Holds rep T a lo m →
        ∀ {W : List ℕ},
          DisequalityDispersion.Machine.Pres m m' (m DisequalityDispersion.Machine.HP)
              (DisequalityDispersion.Machine.HP :: W) →
            m DisequalityDispersion.Machine.HP ≤ m' DisequalityDispersion.Machine.HP →
              (∀ x ∈ W, x < DisequalityDispersion.Machine.IN) →
                T ∉ W →
                  T < DisequalityDispersion.Machine.IN →
                    T ≠ DisequalityDispersion.Machine.HP → DisequalityDispersion.Machine.Holds rep T a lo m'
@DisequalityDispersion.Machine.Holds.of_pres_good : ∀ {α : Type} {rep : DisequalityDispersion.Machine.Rep α},
  DisequalityDispersion.Machine.GoodRep rep →
    ∀ {T : ℕ} {a : α} {lo : ℕ} {m m' : DisequalityDispersion.Machine.Mem},
      DisequalityDispersion.Machine.Holds rep T a lo m →
        ∀ {W : List ℕ},
          DisequalityDispersion.Machine.Pres m m' (m DisequalityDispersion.Machine.HP)
              (DisequalityDispersion.Machine.HP :: W) →
            m DisequalityDispersion.Machine.HP ≤ m' DisequalityDispersion.Machine.HP →
              DisequalityDispersion.Machine.GoodVars W →
                T ∉ W →
                  T < DisequalityDispersion.Machine.IN →
                    T ≠ DisequalityDispersion.Machine.HP → DisequalityDispersion.Machine.Holds rep T a lo m'
@DisequalityDispersion.Machine.Holds.write : ∀ {α : Type} {rep : DisequalityDispersion.Machine.Rep α},
  DisequalityDispersion.Machine.GoodRep rep →
    ∀ {T : ℕ} {a : α} {lo : ℕ} {m : DisequalityDispersion.Machine.Mem},
      DisequalityDispersion.Machine.Holds rep T a lo m →
        ∀ (x v : ℕ),
          x < DisequalityDispersion.Machine.IN →
            x ≠ T → x ≠ DisequalityDispersion.Machine.HP → DisequalityDispersion.Machine.Holds rep T a lo (m.write x v)
@DisequalityDispersion.Machine.PState.of_agree : ∀ {m m' : DisequalityDispersion.Machine.Mem} {bs : List Bool},
  DisequalityDispersion.Machine.PState m bs →
    ∀ {W : List ℕ},
      DisequalityDispersion.Machine.Pres m m' (m DisequalityDispersion.Machine.HP)
          (DisequalityDispersion.Machine.HP :: W) →
        DisequalityDispersion.Machine.GoodVars W →
          m DisequalityDispersion.Machine.HP ≤ m' DisequalityDispersion.Machine.HP →
            DisequalityDispersion.Machine.PState m' bs
@DisequalityDispersion.Machine.seqP_pspec : ∀ {α β : Type} {f₁ : List Bool → Option (α × List Bool)}
  {g : α → List Bool → Option (β × List Bool)} {rep₁ : DisequalityDispersion.Machine.Rep α}
  {rep₂ : DisequalityDispersion.Machine.Rep β},
  DisequalityDispersion.Machine.GoodRep rep₁ →
    DisequalityDispersion.Machine.SuffixP f₁ →
      ∀ {c₁ c₂ : DisequalityDispersion.Machine.Cmd} {W₁ W₂ : List ℕ} {S₁ d₁ S₂ d₂ : ℕ} (T : ℕ),
        5 ≤ T ∧ T < DisequalityDispersion.Machine.IN →
          T ≠ DisequalityDispersion.Machine.POS →
            T ∉ W₁ →
              DisequalityDispersion.Machine.GoodVars W₁ →
                ∀ {Pre : ℕ → DisequalityDispersion.Machine.Mem → Prop},
                  (∀ (lo : ℕ) (m m' : DisequalityDispersion.Machine.Mem),
                      Pre lo m →
                        DisequalityDispersion.Machine.Pres m m' (m DisequalityDispersion.Machine.HP)
                            (DisequalityDispersion.Machine.HP :: W₁) →
                          m DisequalityDispersion.Machine.HP ≤ m' DisequalityDispersion.Machine.HP → Pre lo m') →
                    (∀ (lo : ℕ) (m : DisequalityDispersion.Machine.Mem) (v : ℕ), Pre lo m → Pre lo (m.write T v)) →
                      DisequalityDispersion.Machine.ParserSpecL Pre c₁ f₁ rep₁ W₁ S₁ d₁ →
                        (∀ (a : α),
                            DisequalityDispersion.Machine.ParserSpecL
                              (fun lo m => Pre lo m ∧ DisequalityDispersion.Machine.Holds rep₁ T a lo m) c₂ (g a) rep₂
                              W₂ S₂ d₂) →
                          DisequalityDispersion.Machine.ParserSpecL Pre (DisequalityDispersion.Machine.seqP T c₁ c₂)
                            (DisequalityDispersion.Encoded.bindP f₁ g) rep₂ (T :: (W₁ ++ W₂)) (S₁ + S₂ + 5) (max d₁ d₂)
DisequalityDispersion.Machine.allocM_spec : ∀ (Ts : List ℕ),
  (∀ T ∈ Ts,
      T < DisequalityDispersion.Machine.IN ∧
        T ≠ DisequalityDispersion.Machine.HP ∧ T ≠ DisequalityDispersion.Machine.OK) →
    ∀ (m : DisequalityDispersion.Machine.Mem),
      m DisequalityDispersion.Machine.ONE = 1 →
        DisequalityDispersion.Machine.IN ≤ m DisequalityDispersion.Machine.HP →
          ∃ m',
            (DisequalityDispersion.Machine.allocM Ts).Exec m m' (2 * Ts.length + 1) ∧
              m' DisequalityDispersion.Machine.HP = m DisequalityDispersion.Machine.HP + Ts.length ∧
                (∀ (x : ℕ),
                    x ≠ DisequalityDispersion.Machine.HP →
                      x ≠ DisequalityDispersion.Machine.OK →
                        ¬(m DisequalityDispersion.Machine.HP ≤ x ∧ x < m DisequalityDispersion.Machine.HP + Ts.length) →
                          m' x = m x) ∧
                  (∀ (i : ℕ) (h : i < Ts.length), m' (m DisequalityDispersion.Machine.HP + i) = m Ts[i]) ∧
                    m' DisequalityDispersion.Machine.OK = 1
DisequalityDispersion.Machine.recM_spec : ∀ (Ts : List ℕ),
  (∀ T ∈ Ts,
      T < DisequalityDispersion.Machine.IN ∧
        T ≠ DisequalityDispersion.Machine.HP ∧
          T ≠ DisequalityDispersion.Machine.OK ∧ T ≠ DisequalityDispersion.Machine.VAL) →
    ∀ (m : DisequalityDispersion.Machine.Mem),
      m DisequalityDispersion.Machine.ONE = 1 →
        DisequalityDispersion.Machine.IN ≤ m DisequalityDispersion.Machine.HP →
          ∃ m',
            (DisequalityDispersion.Machine.recM Ts).Exec m m' (2 * Ts.length + 2) ∧
              m' DisequalityDispersion.Machine.HP = m DisequalityDispersion.Machine.HP + Ts.length ∧
                (∀ (x : ℕ),
                    x ≠ DisequalityDispersion.Machine.HP →
                      x ≠ DisequalityDispersion.Machine.OK →
                        x ≠ DisequalityDispersion.Machine.VAL →
                          ¬(m DisequalityDispersion.Machine.HP ≤ x ∧
                                x < m DisequalityDispersion.Machine.HP + Ts.length) →
                            m' x = m x) ∧
                  (∀ (i : ℕ) (h : i < Ts.length), m' (m DisequalityDispersion.Machine.HP + i) = m Ts[i]) ∧
                    m' DisequalityDispersion.Machine.OK = 1 ∧
                      m' DisequalityDispersion.Machine.VAL = m DisequalityDispersion.Machine.HP
@DisequalityDispersion.Machine.tagM_pspec : ∀ {α : Type} {f₀ f₁ : List Bool → Option (α × List Bool)}
  {rep : DisequalityDispersion.Machine.Rep α} {c₀ c₁ : DisequalityDispersion.Machine.Cmd} {W₀ W₁ : List ℕ}
  {S₀ d₀ S₁ d₁ : ℕ} {Pre : ℕ → DisequalityDispersion.Machine.Mem → Prop},
  (∀ (lo : ℕ) (m : DisequalityDispersion.Machine.Mem) (v w u : ℕ),
      Pre lo m →
        Pre lo
          (((m.write DisequalityDispersion.Machine.PTR v).write DisequalityDispersion.Machine.BIT w).write
            DisequalityDispersion.Machine.POS u)) →
    DisequalityDispersion.Machine.ParserSpecL Pre c₀ f₀ rep W₀ S₀ d₀ →
      DisequalityDispersion.Machine.ParserSpecL Pre c₁ f₁ rep W₁ S₁ d₁ →
        DisequalityDispersion.Machine.ParserSpecL Pre (DisequalityDispersion.Machine.tagM c₀ c₁)
          (DisequalityDispersion.Encoded.tagP f₀ f₁) rep
          (DisequalityDispersion.Machine.PTR ::
            DisequalityDispersion.Machine.BIT ::
              DisequalityDispersion.Machine.POS :: DisequalityDispersion.Machine.OK :: (W₀ ++ W₁))
          (S₀ + S₁ + 10) (max d₀ d₁)
DisequalityDispersion.Machine.goodRep_instance : DisequalityDispersion.Machine.GoodRep
  DisequalityDispersion.Machine.RepInstance
DisequalityDispersion.Machine.goodRep_G : DisequalityDispersion.Machine.GoodRep DisequalityDispersion.Machine.RepG
DisequalityDispersion.Machine.goodRep_KG : DisequalityDispersion.Machine.GoodRep DisequalityDispersion.Machine.RepKG
@DisequalityDispersion.Machine.PState.hp' : ∀ {m : DisequalityDispersion.Machine.Mem} {bs : List Bool},
  DisequalityDispersion.Machine.PState m bs → DisequalityDispersion.Machine.IN ≤ m DisequalityDispersion.Machine.HP
DisequalityDispersion.Machine.goodVars_of_decide : ∀ (W : List ℕ),
  (W.all fun x => decide (5 ≤ x ∧ x < DisequalityDispersion.Machine.IN)) = true →
    DisequalityDispersion.Machine.GoodVars W
@DisequalityDispersion.Machine.goodVars_cons : ∀ {x : ℕ} {W : List ℕ},
  5 ≤ x ∧ x < DisequalityDispersion.Machine.IN →
    DisequalityDispersion.Machine.GoodVars W → DisequalityDispersion.Machine.GoodVars (x :: W)
@DisequalityDispersion.Machine.goodVars_append : ∀ {W₁ W₂ : List ℕ},
  DisequalityDispersion.Machine.GoodVars W₁ →
    DisequalityDispersion.Machine.GoodVars W₂ → DisequalityDispersion.Machine.GoodVars (W₁ ++ W₂)
@DisequalityDispersion.Machine.recM_pspec : ∀ {α : Type} (Ts : List ℕ),
  (∀ T ∈ Ts,
      T < DisequalityDispersion.Machine.IN ∧
        T ≠ DisequalityDispersion.Machine.HP ∧
          T ≠ DisequalityDispersion.Machine.OK ∧ T ≠ DisequalityDispersion.Machine.VAL) →
    ∀ (Pre : ℕ → DisequalityDispersion.Machine.Mem → Prop) (rep : DisequalityDispersion.Machine.Rep α) (v : α),
      (∀ (lo : ℕ) (m m' : DisequalityDispersion.Machine.Mem) (bs : List Bool),
          DisequalityDispersion.Machine.PState m bs →
            Pre lo m →
              DisequalityDispersion.Machine.IN ≤ lo →
                lo ≤ m DisequalityDispersion.Machine.HP →
                  m' DisequalityDispersion.Machine.HP = m DisequalityDispersion.Machine.HP + Ts.length →
                    (∀ (x : ℕ),
                        x ≠ DisequalityDispersion.Machine.HP →
                          x ≠ DisequalityDispersion.Machine.OK →
                            x ≠ DisequalityDispersion.Machine.VAL →
                              ¬(m DisequalityDispersion.Machine.HP ≤ x ∧
                                    x < m DisequalityDispersion.Machine.HP + Ts.length) →
                                m' x = m x) →
                      (∀ (i : ℕ) (h : i < Ts.length), m' (m DisequalityDispersion.Machine.HP + i) = m Ts[i]) →
                        rep m' lo (m' DisequalityDispersion.Machine.HP) (m DisequalityDispersion.Machine.HP) v) →
        DisequalityDispersion.Machine.ParserSpecL Pre (DisequalityDispersion.Machine.recM Ts)
          (DisequalityDispersion.Encoded.pureP v) rep
          [DisequalityDispersion.Machine.VAL, DisequalityDispersion.Machine.OK] (2 * Ts.length + 2) 0
@DisequalityDispersion.Machine.Holds.after : ∀ {α : Type} {rep : DisequalityDispersion.Machine.Rep α},
  DisequalityDispersion.Machine.GoodRep rep →
    ∀ {T : ℕ} {a : α} {lo : ℕ} {m m' : DisequalityDispersion.Machine.Mem},
      DisequalityDispersion.Machine.Holds rep T a lo m →
        m DisequalityDispersion.Machine.HP ≤ m' DisequalityDispersion.Machine.HP →
          (∀ (x : ℕ), lo ≤ x → x < m DisequalityDispersion.Machine.HP → m' x = m x) →
            rep m' lo (m' DisequalityDispersion.Machine.HP) (m T) a
@DisequalityDispersion.Machine.ParserSpecL.toSpec : ∀ {α : Type} {c : DisequalityDispersion.Machine.Cmd}
  {f : List Bool → Option (α × List Bool)} {rep : DisequalityDispersion.Machine.Rep α} {W : List ℕ} {S d : ℕ},
  DisequalityDispersion.Machine.ParserSpecL (fun x x_1 => True) c f rep W S d →
    DisequalityDispersion.Machine.ParserSpec c f rep W S d
@DisequalityDispersion.Machine.repArr_of_listOf_nat : ∀ {m : DisequalityDispersion.Machine.Mem} {lo hi v : ℕ}
  {l : List ℕ},
  DisequalityDispersion.Machine.RepListOf DisequalityDispersion.Machine.RepNat m lo hi v l →
    DisequalityDispersion.Machine.RepArr m lo hi v l
DisequalityDispersion.Machine.suffix_decodePair : DisequalityDispersion.Machine.SuffixP
  DisequalityDispersion.Encoded.decodePair
DisequalityDispersion.Machine.suffix_decodeNode : DisequalityDispersion.Machine.SuffixP
  DisequalityDispersion.Encoded.decodeNode
DisequalityDispersion.Machine.recPair_pspec : ∀ (a b : ℕ),
  DisequalityDispersion.Machine.ParserSpecL
    (fun lo m =>
      (True ∧
          DisequalityDispersion.Machine.Holds DisequalityDispersion.Machine.RepNat DisequalityDispersion.Machine.TP1 a
            lo m) ∧
        DisequalityDispersion.Machine.Holds DisequalityDispersion.Machine.RepNat DisequalityDispersion.Machine.TP2 b lo
          m)
    (DisequalityDispersion.Machine.recM [DisequalityDispersion.Machine.TP1, DisequalityDispersion.Machine.TP2])
    (DisequalityDispersion.Encoded.pureP (a, b)) DisequalityDispersion.Machine.RepPair
    [DisequalityDispersion.Machine.VAL, DisequalityDispersion.Machine.OK]
    (2 * [DisequalityDispersion.Machine.TP1, DisequalityDispersion.Machine.TP2].length + 2) 0
DisequalityDispersion.Machine.decodePairM_pspec : DisequalityDispersion.Machine.ParserSpecL (fun x x_1 => True)
  DisequalityDispersion.Machine.decodePairM DisequalityDispersion.Encoded.decodePair
  DisequalityDispersion.Machine.RepPair
  (DisequalityDispersion.Machine.TP1 ::
    (DisequalityDispersion.Machine.natVars ++
      DisequalityDispersion.Machine.TP2 ::
        (DisequalityDispersion.Machine.natVars ++
          [DisequalityDispersion.Machine.VAL, DisequalityDispersion.Machine.OK])))
  (50 + (50 + (2 * [DisequalityDispersion.Machine.TP1, DisequalityDispersion.Machine.TP2].length + 2) + 5) + 5)
  (max 1 (max 1 0))
DisequalityDispersion.Machine.decodePairM_spec : DisequalityDispersion.Machine.ParserSpec
  DisequalityDispersion.Machine.decodePairM DisequalityDispersion.Encoded.decodePair
  DisequalityDispersion.Machine.RepPair DisequalityDispersion.Machine.Wpair 120 1
DisequalityDispersion.Machine.Wpair_good : DisequalityDispersion.Machine.GoodVars DisequalityDispersion.Machine.Wpair
DisequalityDispersion.Machine.decodeListNatM_spec : ∀ l ≤ 1,
  DisequalityDispersion.Machine.ParserSpec
    (DisequalityDispersion.Machine.decodeListM l DisequalityDispersion.Machine.decodeNatM)
    (DisequalityDispersion.Encoded.decodeList DisequalityDispersion.Encoded.decodeNat)
    (DisequalityDispersion.Machine.RepListOf DisequalityDispersion.Machine.RepNat)
    (DisequalityDispersion.Machine.WlistNat l) 250 2
DisequalityDispersion.Machine.WlistNat_good : ∀ l ≤ 1,
  DisequalityDispersion.Machine.GoodVars (DisequalityDispersion.Machine.WlistNat l)
DisequalityDispersion.Machine.recSrc_pspec : ∀ (i : ℕ),
  DisequalityDispersion.Machine.ParserSpecL
    (fun lo m =>
      True ∧
        DisequalityDispersion.Machine.Holds DisequalityDispersion.Machine.RepNat DisequalityDispersion.Machine.TP1 i lo
          m)
    (DisequalityDispersion.Machine.recM [DisequalityDispersion.Machine.ZERO, DisequalityDispersion.Machine.TP1])
    (DisequalityDispersion.Encoded.pureP (DisequalityDispersion.Encoded.Node.src i))
    DisequalityDispersion.Machine.RepNode [DisequalityDispersion.Machine.VAL, DisequalityDispersion.Machine.OK]
    (2 * [DisequalityDispersion.Machine.ZERO, DisequalityDispersion.Machine.TP1].length + 2) 0
DisequalityDispersion.Machine.recApp_pspec : ∀ (f : ℕ) (args : List ℕ),
  DisequalityDispersion.Machine.ParserSpecL
    (fun lo m =>
      (True ∧
          DisequalityDispersion.Machine.Holds DisequalityDispersion.Machine.RepNat DisequalityDispersion.Machine.TP1 f
            lo m) ∧
        DisequalityDispersion.Machine.Holds
          (DisequalityDispersion.Machine.RepListOf DisequalityDispersion.Machine.RepNat)
          DisequalityDispersion.Machine.TP2 args lo m)
    (DisequalityDispersion.Machine.recM
      [DisequalityDispersion.Machine.ONE, DisequalityDispersion.Machine.TP1, DisequalityDispersion.Machine.TP2])
    (DisequalityDispersion.Encoded.pureP (DisequalityDispersion.Encoded.Node.app f args))
    DisequalityDispersion.Machine.RepNode [DisequalityDispersion.Machine.VAL, DisequalityDispersion.Machine.OK]
    (2 *
        [DisequalityDispersion.Machine.ONE, DisequalityDispersion.Machine.TP1,
            DisequalityDispersion.Machine.TP2].length +
      2)
    0
DisequalityDispersion.Machine.decodeSrcM_pspec : DisequalityDispersion.Machine.ParserSpecL (fun x x_1 => True)
  DisequalityDispersion.Machine.decodeSrcM
  (DisequalityDispersion.Encoded.bindP DisequalityDispersion.Encoded.decodeNat fun i =>
    DisequalityDispersion.Encoded.pureP (DisequalityDispersion.Encoded.Node.src i))
  DisequalityDispersion.Machine.RepNode
  (DisequalityDispersion.Machine.TP1 ::
    (DisequalityDispersion.Machine.natVars ++ [DisequalityDispersion.Machine.VAL, DisequalityDispersion.Machine.OK]))
  (50 + (2 * [DisequalityDispersion.Machine.ZERO, DisequalityDispersion.Machine.TP1].length + 2) + 5) (max 1 0)
DisequalityDispersion.Machine.decodeAppM_pspec : DisequalityDispersion.Machine.ParserSpecL (fun x x_1 => True)
  DisequalityDispersion.Machine.decodeAppM
  (DisequalityDispersion.Encoded.bindP DisequalityDispersion.Encoded.decodeNat fun f =>
    DisequalityDispersion.Encoded.bindP
      (DisequalityDispersion.Encoded.decodeList DisequalityDispersion.Encoded.decodeNat) fun args =>
      DisequalityDispersion.Encoded.pureP (DisequalityDispersion.Encoded.Node.app f args))
  DisequalityDispersion.Machine.RepNode
  (DisequalityDispersion.Machine.TP1 ::
    (DisequalityDispersion.Machine.natVars ++
      DisequalityDispersion.Machine.TP2 ::
        (DisequalityDispersion.Machine.WlistNat 0 ++
          [DisequalityDispersion.Machine.VAL, DisequalityDispersion.Machine.OK])))
  (50 +
      (250 +
          (2 *
              [DisequalityDispersion.Machine.ONE, DisequalityDispersion.Machine.TP1,
                  DisequalityDispersion.Machine.TP2].length +
            2) +
        5) +
    5)
  (max 1 (max 2 0))
DisequalityDispersion.Machine.decodeNodeM_pspec : DisequalityDispersion.Machine.ParserSpecL (fun x x_1 => True)
  DisequalityDispersion.Machine.decodeNodeM DisequalityDispersion.Encoded.decodeNode
  DisequalityDispersion.Machine.RepNode DisequalityDispersion.Machine.Wnode
  (50 + (2 * [DisequalityDispersion.Machine.ZERO, DisequalityDispersion.Machine.TP1].length + 2) + 5 +
      (50 +
          (250 +
              (2 *
                  [DisequalityDispersion.Machine.ONE, DisequalityDispersion.Machine.TP1,
                      DisequalityDispersion.Machine.TP2].length +
                2) +
            5) +
        5) +
    10)
  (max (max 1 0) (max 1 (max 2 0)))
DisequalityDispersion.Machine.decodeNodeM_spec : DisequalityDispersion.Machine.ParserSpec
  DisequalityDispersion.Machine.decodeNodeM DisequalityDispersion.Encoded.decodeNode
  DisequalityDispersion.Machine.RepNode DisequalityDispersion.Machine.Wnode 400 2
DisequalityDispersion.Machine.Wnode_good : DisequalityDispersion.Machine.GoodVars DisequalityDispersion.Machine.Wnode
@DisequalityDispersion.Machine.PreH.stable : ∀ {Pre : ℕ → DisequalityDispersion.Machine.Mem → Prop} {W : List ℕ},
  (∀ (lo : ℕ) (m m' : DisequalityDispersion.Machine.Mem),
      Pre lo m →
        DisequalityDispersion.Machine.Pres m m' (m DisequalityDispersion.Machine.HP)
            (DisequalityDispersion.Machine.HP :: W) →
          m DisequalityDispersion.Machine.HP ≤ m' DisequalityDispersion.Machine.HP → Pre lo m') →
    ∀ {α : Type} {rep : DisequalityDispersion.Machine.Rep α},
      DisequalityDispersion.Machine.GoodRep rep →
        ∀ {T : ℕ} {a : α},
          DisequalityDispersion.Machine.GoodVars W →
            T ∉ W →
              T < DisequalityDispersion.Machine.IN →
                T ≠ DisequalityDispersion.Machine.HP →
                  ∀ (lo : ℕ) (m m' : DisequalityDispersion.Machine.Mem),
                    Pre lo m ∧ DisequalityDispersion.Machine.Holds rep T a lo m →
                      DisequalityDispersion.Machine.Pres m m' (m DisequalityDispersion.Machine.HP)
                          (DisequalityDispersion.Machine.HP :: W) →
                        m DisequalityDispersion.Machine.HP ≤ m' DisequalityDispersion.Machine.HP →
                          Pre lo m' ∧ DisequalityDispersion.Machine.Holds rep T a lo m'
@DisequalityDispersion.Machine.PreH.write : ∀ {Pre : ℕ → DisequalityDispersion.Machine.Mem → Prop} {T' : ℕ},
  (∀ (lo : ℕ) (m : DisequalityDispersion.Machine.Mem) (v : ℕ), Pre lo m → Pre lo (m.write T' v)) →
    ∀ {α : Type} {rep : DisequalityDispersion.Machine.Rep α},
      DisequalityDispersion.Machine.GoodRep rep →
        ∀ {T : ℕ} {a : α},
          T' < DisequalityDispersion.Machine.IN →
            T' ≠ T →
              T' ≠ DisequalityDispersion.Machine.HP →
                ∀ (lo : ℕ) (m : DisequalityDispersion.Machine.Mem) (v : ℕ),
                  Pre lo m ∧ DisequalityDispersion.Machine.Holds rep T a lo m →
                    Pre lo (m.write T' v) ∧ DisequalityDispersion.Machine.Holds rep T a lo (m.write T' v)
DisequalityDispersion.Machine.PreT.stable : ∀ (W : List ℕ) (lo : ℕ) (m m' : DisequalityDispersion.Machine.Mem),
  True →
    DisequalityDispersion.Machine.Pres m m' (m DisequalityDispersion.Machine.HP)
        (DisequalityDispersion.Machine.HP :: W) →
      m DisequalityDispersion.Machine.HP ≤ m' DisequalityDispersion.Machine.HP → True
DisequalityDispersion.Machine.PreT.write : ∀ (T' lo : ℕ) (m : DisequalityDispersion.Machine.Mem) (v : ℕ), True → True
DisequalityDispersion.Machine.decodeListPairM_spec : DisequalityDispersion.Machine.ParserSpec
  (DisequalityDispersion.Machine.decodeListM 0 DisequalityDispersion.Machine.decodePairM)
  (DisequalityDispersion.Encoded.decodeList DisequalityDispersion.Encoded.decodePair)
  (DisequalityDispersion.Machine.RepListOf DisequalityDispersion.Machine.RepPair)
  (DisequalityDispersion.Machine.WlistPair 0) 320 2
DisequalityDispersion.Machine.decodeListNodeM_spec : DisequalityDispersion.Machine.ParserSpec
  (DisequalityDispersion.Machine.decodeListM 1 DisequalityDispersion.Machine.decodeNodeM)
  (DisequalityDispersion.Encoded.decodeList DisequalityDispersion.Encoded.decodeNode)
  (DisequalityDispersion.Machine.RepListOf DisequalityDispersion.Machine.RepNode)
  (DisequalityDispersion.Machine.WlistNode 1) 600 3
DisequalityDispersion.Machine.WlistPair_good : DisequalityDispersion.Machine.GoodVars
  (DisequalityDispersion.Machine.WlistPair 0)
DisequalityDispersion.Machine.WlistNode_good : DisequalityDispersion.Machine.GoodVars
  (DisequalityDispersion.Machine.WlistNode 1)
DisequalityDispersion.Machine.recInst_pspec : ∀ (sources : List ℕ) (symbols : List (ℕ × ℕ))
  (nodes : List DisequalityDispersion.Encoded.Node) (x y t : ℕ) (tests : List (ℕ × ℕ)),
  DisequalityDispersion.Machine.ParserSpecL (DisequalityDispersion.Machine.PreInst sources symbols nodes x y t tests)
    (DisequalityDispersion.Machine.recM
      [DisequalityDispersion.Machine.T1, DisequalityDispersion.Machine.T2, DisequalityDispersion.Machine.T3,
        DisequalityDispersion.Machine.T4, DisequalityDispersion.Machine.T5, DisequalityDispersion.Machine.T6,
        DisequalityDispersion.Machine.T7])
    (DisequalityDispersion.Encoded.pureP
      { sources := sources, symbols := symbols, nodes := nodes, x := x, y := y, t := t, tests := tests })
    DisequalityDispersion.Machine.RepInstance [DisequalityDispersion.Machine.VAL, DisequalityDispersion.Machine.OK]
    (2 *
        [DisequalityDispersion.Machine.T1, DisequalityDispersion.Machine.T2, DisequalityDispersion.Machine.T3,
            DisequalityDispersion.Machine.T4, DisequalityDispersion.Machine.T5, DisequalityDispersion.Machine.T6,
            DisequalityDispersion.Machine.T7].length +
      2)
    0
DisequalityDispersion.Machine.decodeInstanceM_pspec : DisequalityDispersion.Machine.ParserSpecL (fun x x_1 => True)
  DisequalityDispersion.Machine.decodeInstanceM DisequalityDispersion.Encoded.decodeInstance
  DisequalityDispersion.Machine.RepInstance DisequalityDispersion.Machine.Winst
  (250 +
      (320 +
          (600 +
              (50 +
                  (50 +
                      (50 +
                          (320 +
                              (2 *
                                  [DisequalityDispersion.Machine.T1, DisequalityDispersion.Machine.T2,
                                      DisequalityDispersion.Machine.T3, DisequalityDispersion.Machine.T4,
                                      DisequalityDispersion.Machine.T5, DisequalityDispersion.Machine.T6,
                                      DisequalityDispersion.Machine.T7].length +
                                2) +
                            5) +
                        5) +
                    5) +
                5) +
            5) +
        5) +
    5)
  (max 2 (max 2 (max 3 (max 1 (max 1 (max 1 (max 2 0)))))))
DisequalityDispersion.Machine.decodeInstanceM_spec : DisequalityDispersion.Machine.ParserSpec
  DisequalityDispersion.Machine.decodeInstanceM DisequalityDispersion.Encoded.decodeInstance
  DisequalityDispersion.Machine.RepInstance DisequalityDispersion.Machine.Winst 1700 3
DisequalityDispersion.Machine.Winst_good : DisequalityDispersion.Machine.GoodVars DisequalityDispersion.Machine.Winst
DisequalityDispersion.Machine.recG_pspec : ∀ (base : DisequalityDispersion.Encoded.Instance) (outs : List ℕ),
  DisequalityDispersion.Machine.ParserSpecL
    (fun lo m =>
      (True ∧
          DisequalityDispersion.Machine.Holds DisequalityDispersion.Machine.RepInstance
            DisequalityDispersion.Machine.TG1 base lo m) ∧
        DisequalityDispersion.Machine.Holds
          (DisequalityDispersion.Machine.RepListOf DisequalityDispersion.Machine.RepNat)
          DisequalityDispersion.Machine.TG2 outs lo m)
    (DisequalityDispersion.Machine.recM [DisequalityDispersion.Machine.TG1, DisequalityDispersion.Machine.TG2])
    (DisequalityDispersion.Encoded.pureP { base := base, outs := outs }) DisequalityDispersion.Machine.RepG
    [DisequalityDispersion.Machine.VAL, DisequalityDispersion.Machine.OK]
    (2 * [DisequalityDispersion.Machine.TG1, DisequalityDispersion.Machine.TG2].length + 2) 0
DisequalityDispersion.Machine.decodeGM_pspec : DisequalityDispersion.Machine.ParserSpecL (fun x x_1 => True)
  DisequalityDispersion.Machine.decodeGM DisequalityDispersion.Encoded.decodeG DisequalityDispersion.Machine.RepG
  DisequalityDispersion.Machine.WG
  (1700 + (250 + (2 * [DisequalityDispersion.Machine.TG1, DisequalityDispersion.Machine.TG2].length + 2) + 5) + 5)
  (max 3 (max 2 0))
DisequalityDispersion.Machine.suffix_decodeInstance : DisequalityDispersion.Machine.SuffixP
  DisequalityDispersion.Encoded.decodeInstance
DisequalityDispersion.Machine.suffix_decodeG : DisequalityDispersion.Machine.SuffixP
  DisequalityDispersion.Encoded.decodeG
DisequalityDispersion.Machine.decodeGM_spec : DisequalityDispersion.Machine.ParserSpec
  DisequalityDispersion.Machine.decodeGM DisequalityDispersion.Encoded.decodeG DisequalityDispersion.Machine.RepG
  DisequalityDispersion.Machine.WG 2000 3
DisequalityDispersion.Machine.WG_good : DisequalityDispersion.Machine.GoodVars DisequalityDispersion.Machine.WG
DisequalityDispersion.Machine.recKG_pspec : ∀ (k : ℕ) (g : DisequalityDispersion.Encoded.GInstance),
  DisequalityDispersion.Machine.ParserSpecL
    (fun lo m =>
      (True ∧
          DisequalityDispersion.Machine.Holds DisequalityDispersion.Machine.RepNat DisequalityDispersion.Machine.TK1 k
            lo m) ∧
        DisequalityDispersion.Machine.Holds DisequalityDispersion.Machine.RepG DisequalityDispersion.Machine.TK2 g lo m)
    (DisequalityDispersion.Machine.recM [DisequalityDispersion.Machine.TK1, DisequalityDispersion.Machine.TK2])
    (DisequalityDispersion.Encoded.pureP (k, g)) DisequalityDispersion.Machine.RepKG
    [DisequalityDispersion.Machine.VAL, DisequalityDispersion.Machine.OK]
    (2 * [DisequalityDispersion.Machine.TK1, DisequalityDispersion.Machine.TK2].length + 2) 0
DisequalityDispersion.Machine.decodePair'M_pspec : DisequalityDispersion.Machine.ParserSpecL (fun x x_1 => True)
  DisequalityDispersion.Machine.decodePair'M DisequalityDispersion.Encoded.decodePair'
  DisequalityDispersion.Machine.RepKG DisequalityDispersion.Machine.WKG
  (50 + (2000 + (2 * [DisequalityDispersion.Machine.TK1, DisequalityDispersion.Machine.TK2].length + 2) + 5) + 5)
  (max 1 (max 3 0))
DisequalityDispersion.Machine.suffix_decodePair' : DisequalityDispersion.Machine.SuffixP
  DisequalityDispersion.Encoded.decodePair'
DisequalityDispersion.Machine.decodePair'M_spec : DisequalityDispersion.Machine.ParserSpec
  DisequalityDispersion.Machine.decodePair'M DisequalityDispersion.Encoded.decodePair'
  DisequalityDispersion.Machine.RepKG DisequalityDispersion.Machine.WKG 2100 3
DisequalityDispersion.Machine.WKG_good : DisequalityDispersion.Machine.GoodVars DisequalityDispersion.Machine.WKG
DisequalityDispersion.Machine.decodeInputM_spec : ∀ (m : DisequalityDispersion.Machine.Mem) (bs : List Bool),
  DisequalityDispersion.Machine.PState m bs →
    m DisequalityDispersion.Machine.POS = 0 →
      ∃ m' k,
        DisequalityDispersion.Machine.decodeInputM.Exec m m' k ∧
          k ≤ 2100 * (bs.length + 1) ^ 3 + 5 ∧
            DisequalityDispersion.Machine.Pres m m' (m DisequalityDispersion.Machine.HP)
                (DisequalityDispersion.Machine.HP ::
                  DisequalityDispersion.Machine.OK :: DisequalityDispersion.Machine.WKG) ∧
              DisequalityDispersion.Machine.PState m' bs ∧
                m DisequalityDispersion.Machine.HP ≤ m' DisequalityDispersion.Machine.HP ∧
                  DisequalityDispersion.Machine.InputResult m m' bs
DisequalityDispersion.Machine.FLAG_eq : DisequalityDispersion.Machine.FLAG = 9
DisequalityDispersion.Machine.V2_eq : DisequalityDispersion.Machine.V2 = 17
DisequalityDispersion.Machine.arrAt_length : ∀ (m : DisequalityDispersion.Machine.Mem) (a : ℕ),
  (DisequalityDispersion.Machine.arrAt m a).length = m a
DisequalityDispersion.Machine.arrAt_getElem : ∀ (m : DisequalityDispersion.Machine.Mem) (a i : ℕ)
  (h : i < (DisequalityDispersion.Machine.arrAt m a).length),
  (DisequalityDispersion.Machine.arrAt m a)[i] = m (a + 1 + i)
@DisequalityDispersion.Machine.arrAt_eq_of_Arr : ∀ {m : DisequalityDispersion.Machine.Mem} {a : ℕ} {l : List ℕ},
  DisequalityDispersion.Machine.Arr m a l → DisequalityDispersion.Machine.arrAt m a = l
@DisequalityDispersion.Machine.Arr_of_arrAt : ∀ {m : DisequalityDispersion.Machine.Mem} {a : ℕ} {l : List ℕ},
  DisequalityDispersion.Machine.arrAt m a = l → DisequalityDispersion.Machine.Arr m a l
@DisequalityDispersion.Machine.arrAt_congr : ∀ {m m' : DisequalityDispersion.Machine.Mem} {a : ℕ},
  (∀ (x : ℕ), a ≤ x → x ≤ a + m a → m' x = m x) →
    DisequalityDispersion.Machine.arrAt m' a = DisequalityDispersion.Machine.arrAt m a
DisequalityDispersion.Machine.Agree.refl : ∀ (m : DisequalityDispersion.Machine.Mem) (V : List ℕ),
  DisequalityDispersion.Machine.Agree m m V
@DisequalityDispersion.Machine.Agree.trans : ∀ {m₁ m₂ m₃ : DisequalityDispersion.Machine.Mem} {V₁ V₂ : List ℕ},
  DisequalityDispersion.Machine.Agree m₁ m₂ V₁ →
    DisequalityDispersion.Machine.Agree m₂ m₃ V₂ → DisequalityDispersion.Machine.Agree m₁ m₃ (V₁ ++ V₂)
@DisequalityDispersion.Machine.Agree.mono : ∀ {m m' : DisequalityDispersion.Machine.Mem} {V V' : List ℕ},
  DisequalityDispersion.Machine.Agree m m' V → (∀ x ∈ V, x ∈ V') → DisequalityDispersion.Machine.Agree m m' V'
DisequalityDispersion.Machine.Agree.write : ∀ (m : DisequalityDispersion.Machine.Mem) (x v : ℕ),
  x ≠ DisequalityDispersion.Machine.HP → DisequalityDispersion.Machine.Agree m (m.write x v) [x]
@DisequalityDispersion.Machine.Agree.var : ∀ {m m' : DisequalityDispersion.Machine.Mem} {V : List ℕ},
  DisequalityDispersion.Machine.Agree m m' V →
    ∀ x < m DisequalityDispersion.Machine.HP, x ≠ DisequalityDispersion.Machine.HP → x ∉ V → m' x = m x
@DisequalityDispersion.Machine.Agree.heap : ∀ {m m' : DisequalityDispersion.Machine.Mem} {V : List ℕ},
  DisequalityDispersion.Machine.Agree m m' V →
    (∀ x ∈ V, x < DisequalityDispersion.Machine.IN) →
      ∀ (x : ℕ), DisequalityDispersion.Machine.IN ≤ x → x < m DisequalityDispersion.Machine.HP → m' x = m x
@DisequalityDispersion.Machine.Agree.arrAt : ∀ {m m' : DisequalityDispersion.Machine.Mem} {V : List ℕ},
  DisequalityDispersion.Machine.Agree m m' V →
    (∀ x ∈ V, x < DisequalityDispersion.Machine.IN) →
      ∀ (a : ℕ),
        DisequalityDispersion.Machine.IN ≤ a →
          a + 1 + m a ≤ m DisequalityDispersion.Machine.HP →
            DisequalityDispersion.Machine.arrAt m' a = DisequalityDispersion.Machine.arrAt m a
@DisequalityDispersion.Machine.Stable.toX : ∀ {α : Type} {Pre : DisequalityDispersion.Machine.Mem → Prop}
  {f : DisequalityDispersion.Machine.Mem → α} {V : List ℕ},
  DisequalityDispersion.Machine.Stable Pre f V → ∀ (SRC L : ℕ), DisequalityDispersion.Machine.StableX Pre SRC L f V
@DisequalityDispersion.Machine.StableP.mono : ∀ {Pre : DisequalityDispersion.Machine.Mem → Prop} {V V' : List ℕ},
  DisequalityDispersion.Machine.StableP Pre V → (∀ x ∈ V', x ∈ V) → DisequalityDispersion.Machine.StableP Pre V'
@DisequalityDispersion.Machine.Stable.mono : ∀ {α : Type} {Pre : DisequalityDispersion.Machine.Mem → Prop}
  {f : DisequalityDispersion.Machine.Mem → α} {V V' : List ℕ},
  DisequalityDispersion.Machine.Stable Pre f V → (∀ x ∈ V', x ∈ V) → DisequalityDispersion.Machine.Stable Pre f V'
@DisequalityDispersion.Machine.RSpec.mono : ∀ {c : DisequalityDispersion.Machine.Cmd} {V V' : List ℕ} {B B' : ℕ}
  {Pre Pre' : DisequalityDispersion.Machine.Mem → Prop}
  {Post Post' : DisequalityDispersion.Machine.Mem → DisequalityDispersion.Machine.Mem → Prop},
  DisequalityDispersion.Machine.RSpec c V B Pre Post →
    (∀ x ∈ V, x ∈ V') →
      B ≤ B' →
        (∀ (m : DisequalityDispersion.Machine.Mem), Pre' m → Pre m) →
          (∀ (m m' : DisequalityDispersion.Machine.Mem), Pre' m → Post m m' → Post' m m') →
            DisequalityDispersion.Machine.RSpec c V' B' Pre' Post'
@DisequalityDispersion.Machine.TestSpec.mono : ∀ {t : DisequalityDispersion.Machine.Cmd} {V V' : List ℕ} {B B' : ℕ}
  {Pre Pre' : DisequalityDispersion.Machine.Mem → Prop} {P : DisequalityDispersion.Machine.Mem → Bool},
  DisequalityDispersion.Machine.TestSpec t V B Pre P →
    (∀ x ∈ V, x ∈ V') →
      B ≤ B' →
        (∀ (m : DisequalityDispersion.Machine.Mem), Pre' m → Pre m) →
          DisequalityDispersion.Machine.TestSpec t V' B' Pre' P
@DisequalityDispersion.Machine.Ctx.of_agree : ∀ {m m' : DisequalityDispersion.Machine.Mem} {V : List ℕ},
  DisequalityDispersion.Machine.Ctx m →
    DisequalityDispersion.Machine.Agree m m' V → (∀ x ∈ V, 5 ≤ x) → DisequalityDispersion.Machine.Ctx m'
@DisequalityDispersion.Machine.bitv_eq_zero : ∀ {b : Bool}, DisequalityDispersion.Machine.bitv b = 0 → b = false
@DisequalityDispersion.Machine.bitv_eq_one : ∀ {b : Bool}, DisequalityDispersion.Machine.bitv b = 1 → b = true
@DisequalityDispersion.Machine.bitv_ne_zero : ∀ {b : Bool}, DisequalityDispersion.Machine.bitv b ≠ 0 → b = true
@DisequalityDispersion.Machine.any_take_succ : ∀ {l : List ℕ} {i : ℕ} (h : i < l.length) (f : ℕ → Bool),
  (List.take (i + 1) l).any f = ((List.take i l).any f || f l[i])
@DisequalityDispersion.Machine.any_of_any_take : ∀ {l : List ℕ} {i : ℕ} {f : ℕ → Bool},
  (List.take i l).any f = true → l.any f = true
DisequalityDispersion.Machine.Lvars_range : ∀ L ≤ 9,
  ∀ x ∈ DisequalityDispersion.Machine.Lvars L, 40 ≤ x ∧ x < DisequalityDispersion.Machine.IN
DisequalityDispersion.Machine.contA_spec : ∀ (L : ℕ) (m : DisequalityDispersion.Machine.Mem),
  m DisequalityDispersion.Machine.ZERO = 0 →
    ∃ k,
      (DisequalityDispersion.Machine.contA L).Exec m
          (m.write (DisequalityDispersion.Machine.CONT_ L)
            (if
                m (DisequalityDispersion.Machine.I_ L) < m (DisequalityDispersion.Machine.CNT_ L) ∧
                  m DisequalityDispersion.Machine.FLAG = 0 then
              1
            else 0))
          k ∧
        k ≤ 5
@DisequalityDispersion.Machine.anyM_spec : ∀ {t : DisequalityDispersion.Machine.Cmd} {V : List ℕ} {B : ℕ}
  {Pre : DisequalityDispersion.Machine.Mem → Prop} {P : DisequalityDispersion.Machine.Mem → Bool} (L SRC n : ℕ),
  DisequalityDispersion.Machine.TestSpec t V B
      (fun m => Pre m ∧ m (DisequalityDispersion.Machine.X_ L) ∈ DisequalityDispersion.Machine.arrAt m (m SRC)) P →
    L ≤ 9 →
      (∀ x ∈ V, 5 ≤ x ∧ x < DisequalityDispersion.Machine.IN) →
        5 ≤ SRC ∧ SRC < DisequalityDispersion.Machine.IN →
          SRC ∉ V →
            SRC ∉ DisequalityDispersion.Machine.Lvars L →
              SRC ≠ DisequalityDispersion.Machine.FLAG →
                (∀ x ∈ V, x ∉ DisequalityDispersion.Machine.LvarsX L) →
                  (∀ (m : DisequalityDispersion.Machine.Mem), Pre m → DisequalityDispersion.Machine.Ctx m) →
                    (∀ (m : DisequalityDispersion.Machine.Mem),
                        Pre m →
                          DisequalityDispersion.Machine.IN ≤ m SRC ∧
                            m SRC + 1 + m (m SRC) ≤ m DisequalityDispersion.Machine.HP ∧ m (m SRC) ≤ n) →
                      DisequalityDispersion.Machine.StableP Pre
                          (DisequalityDispersion.Machine.Lvars L ++ DisequalityDispersion.Machine.FLAG :: V) →
                        DisequalityDispersion.Machine.StableX Pre SRC L P
                            (DisequalityDispersion.Machine.LvarsX L ++ DisequalityDispersion.Machine.FLAG :: V) →
                          DisequalityDispersion.Machine.TestSpec (DisequalityDispersion.Machine.anyM L SRC t)
                            (DisequalityDispersion.Machine.Lvars L ++ DisequalityDispersion.Machine.FLAG :: V)
                            (n * (B + 11) + 10) Pre fun m =>
                            (DisequalityDispersion.Machine.arrAt m (m SRC)).any fun x =>
                              P (m.write (DisequalityDispersion.Machine.X_ L) x)
DisequalityDispersion.Machine.Mem.write_write : ∀ (m : DisequalityDispersion.Machine.Mem) (a v w : ℕ),
  (m.write a v).write a w = m.write a w
DisequalityDispersion.Machine.forEachM_spec : ∀ (L SRC : ℕ),
  L ≤ 9 →
    SRC < DisequalityDispersion.Machine.IN →
      SRC ∉ DisequalityDispersion.Machine.Lvars L →
        ∀ (body : DisequalityDispersion.Machine.Cmd) (Inv : ℕ → DisequalityDispersion.Machine.Mem → Prop) (a : ℕ),
          DisequalityDispersion.Machine.IN ≤ a →
            ∀ (l : List ℕ) (B : ℕ),
              (∀ (j : ℕ) (m : DisequalityDispersion.Machine.Mem),
                  Inv j m →
                    m (DisequalityDispersion.Machine.I_ L) = j ∧
                      m (DisequalityDispersion.Machine.CNT_ L) = l.length ∧
                        m SRC = a ∧
                          m DisequalityDispersion.Machine.ONE = 1 ∧
                            a + 1 + l.length ≤ m DisequalityDispersion.Machine.HP ∧
                              ∀ (i : ℕ) (h : i < l.length), m (a + 1 + i) = l[i]) →
                (∀ (j : ℕ) (m : DisequalityDispersion.Machine.Mem) (v w : ℕ),
                    Inv j m →
                      Inv j
                        ((m.write (DisequalityDispersion.Machine.PTR_ L) v).write (DisequalityDispersion.Machine.X_ L)
                          w)) →
                  (∀ (j : ℕ) (m : DisequalityDispersion.Machine.Mem) (h : j < l.length),
                      Inv j m →
                        m (DisequalityDispersion.Machine.X_ L) = l[j] →
                          m (DisequalityDispersion.Machine.PTR_ L) = a + 1 + j →
                            ∃ m' k,
                              body.Exec m m' k ∧
                                k ≤ B ∧
                                  m' (DisequalityDispersion.Machine.I_ L) = j ∧
                                    m' DisequalityDispersion.Machine.ONE = 1 ∧
                                      Inv (j + 1) (m'.write (DisequalityDispersion.Machine.I_ L) (j + 1))) →
                    ∀ (m : DisequalityDispersion.Machine.Mem),
                      m SRC = a →
                        m a = l.length →
                          Inv 0
                              ((m.write (DisequalityDispersion.Machine.CNT_ L) l.length).write
                                (DisequalityDispersion.Machine.I_ L) 0) →
                            ∃ m' k,
                              (DisequalityDispersion.Machine.forEachM L SRC body).Exec m m' k ∧
                                Inv l.length m' ∧ k ≤ l.length * (B + 6) + 4
@DisequalityDispersion.Machine.arrAt_push : ∀ {m m' : DisequalityDispersion.Machine.Mem} {hdr v : ℕ},
  m' hdr = m hdr + 1 →
    m' (hdr + 1 + m hdr) = v →
      (∀ i < m hdr, m' (hdr + 1 + i) = m (hdr + 1 + i)) →
        DisequalityDispersion.Machine.arrAt m' hdr = DisequalityDispersion.Machine.arrAt m hdr ++ [v]
DisequalityDispersion.Machine.pushM_spec : ∀ L ≤ 9,
  ∀ (m : DisequalityDispersion.Machine.Mem) (hdr : ℕ),
    m (DisequalityDispersion.Machine.OUT_ L) = hdr →
      m DisequalityDispersion.Machine.ONE = 1 →
        DisequalityDispersion.Machine.IN ≤ hdr →
          ∃ m' k,
            (DisequalityDispersion.Machine.pushM L).Exec m m' k ∧
              k ≤ 6 ∧
                (∀ (x : ℕ),
                    x ≠ DisequalityDispersion.Machine.CONT_ L →
                      x ≠ DisequalityDispersion.Machine.PTR_ L → x ≠ hdr → x ≠ hdr + 1 + m hdr → m' x = m x) ∧
                  m' hdr = m hdr + 1 ∧ m' (hdr + 1 + m hdr) = m (DisequalityDispersion.Machine.X_ L)
@DisequalityDispersion.Machine.filterM_spec : ∀ {t : DisequalityDispersion.Machine.Cmd} {V : List ℕ} {B : ℕ}
  {Pre : DisequalityDispersion.Machine.Mem → Prop} {P : DisequalityDispersion.Machine.Mem → Bool} (L SRC n : ℕ),
  DisequalityDispersion.Machine.TestSpec t V B
      (fun m => Pre m ∧ m (DisequalityDispersion.Machine.X_ L) ∈ DisequalityDispersion.Machine.arrAt m (m SRC)) P →
    L ≤ 9 →
      (∀ x ∈ V, 5 ≤ x ∧ x < DisequalityDispersion.Machine.IN) →
        5 ≤ SRC ∧ SRC < DisequalityDispersion.Machine.IN →
          SRC ∉ V →
            SRC ∉ DisequalityDispersion.Machine.Lvars L →
              SRC ≠ DisequalityDispersion.Machine.FLAG →
                (∀ x ∈ V, x ∉ DisequalityDispersion.Machine.LvarsX L) →
                  DisequalityDispersion.Machine.X_ L ∉ V →
                    (∀ (m : DisequalityDispersion.Machine.Mem), Pre m → DisequalityDispersion.Machine.Ctx m) →
                      (∀ (m : DisequalityDispersion.Machine.Mem),
                          Pre m →
                            DisequalityDispersion.Machine.IN ≤ m SRC ∧
                              m SRC + 1 + m (m SRC) ≤ m DisequalityDispersion.Machine.HP ∧ m (m SRC) ≤ n) →
                        DisequalityDispersion.Machine.StableP Pre
                            (DisequalityDispersion.Machine.Lvars L ++ DisequalityDispersion.Machine.FLAG :: V) →
                          DisequalityDispersion.Machine.StableX Pre SRC L P
                              (DisequalityDispersion.Machine.LvarsX L ++ DisequalityDispersion.Machine.FLAG :: V) →
                            DisequalityDispersion.Machine.RSpec (DisequalityDispersion.Machine.filterM L SRC t)
                              (DisequalityDispersion.Machine.Lvars L ++ DisequalityDispersion.Machine.FLAG :: V)
                              (n * (B + 14) + 9) Pre fun m m' =>
                              m' (DisequalityDispersion.Machine.OUT_ L) = m DisequalityDispersion.Machine.HP ∧
                                DisequalityDispersion.Machine.arrAt m' (m DisequalityDispersion.Machine.HP) =
                                    List.filter (fun x => P (m.write (DisequalityDispersion.Machine.X_ L) x))
                                      (DisequalityDispersion.Machine.arrAt m (m SRC)) ∧
                                  m DisequalityDispersion.Machine.HP + 1 + m (m SRC) ≤
                                    m' DisequalityDispersion.Machine.HP
@DisequalityDispersion.Machine.arrAt_of_cells : ∀ {m : DisequalityDispersion.Machine.Mem} {hdr : ℕ} {l : List ℕ},
  m hdr = l.length →
    (∀ (i : ℕ) (h : i < l.length), m (hdr + 1 + i) = l[i]) → DisequalityDispersion.Machine.arrAt m hdr = l
@DisequalityDispersion.Machine.mapM_spec : ∀ {c : DisequalityDispersion.Machine.Cmd} {V : List ℕ} {B : ℕ}
  {Pre : DisequalityDispersion.Machine.Mem → Prop} {F : DisequalityDispersion.Machine.Mem → ℕ} (L SRC n : ℕ),
  DisequalityDispersion.Machine.FunSpec c V B
      (fun m => Pre m ∧ m (DisequalityDispersion.Machine.X_ L) ∈ DisequalityDispersion.Machine.arrAt m (m SRC)) F →
    L ≤ 9 →
      (∀ x ∈ V, 5 ≤ x ∧ x < DisequalityDispersion.Machine.IN) →
        5 ≤ SRC ∧ SRC < DisequalityDispersion.Machine.IN →
          SRC ∉ V →
            SRC ∉ DisequalityDispersion.Machine.Lvars L →
              (∀ x ∈ V, x ∉ DisequalityDispersion.Machine.LvarsX L) →
                (∀ (m : DisequalityDispersion.Machine.Mem), Pre m → DisequalityDispersion.Machine.Ctx m) →
                  (∀ (m : DisequalityDispersion.Machine.Mem),
                      Pre m →
                        DisequalityDispersion.Machine.IN ≤ m SRC ∧
                          m SRC + 1 + m (m SRC) ≤ m DisequalityDispersion.Machine.HP ∧ m (m SRC) ≤ n) →
                    DisequalityDispersion.Machine.StableP Pre (DisequalityDispersion.Machine.Lvars L ++ V) →
                      DisequalityDispersion.Machine.StableX Pre SRC L F (DisequalityDispersion.Machine.LvarsX L ++ V) →
                        DisequalityDispersion.Machine.RSpec (DisequalityDispersion.Machine.mapM L SRC c)
                          (DisequalityDispersion.Machine.Lvars L ++ V) (n * (B + 9) + 9) Pre fun m m' =>
                          m' (DisequalityDispersion.Machine.OUT_ L) = m DisequalityDispersion.Machine.HP ∧
                            DisequalityDispersion.Machine.arrAt m' (m DisequalityDispersion.Machine.HP) =
                                List.map (fun x => F (m.write (DisequalityDispersion.Machine.X_ L) x))
                                  (DisequalityDispersion.Machine.arrAt m (m SRC)) ∧
                              m DisequalityDispersion.Machine.HP + 1 + m (m SRC) ≤ m' DisequalityDispersion.Machine.HP
DisequalityDispersion.Machine.Agree.write_flag : ∀ (m : DisequalityDispersion.Machine.Mem) (v : ℕ),
  DisequalityDispersion.Machine.Agree m (m.write DisequalityDispersion.Machine.FLAG v)
    [DisequalityDispersion.Machine.FLAG]
DisequalityDispersion.Machine.eqTest_spec : ∀ (a b : ℕ) (Pre : DisequalityDispersion.Machine.Mem → Prop),
  DisequalityDispersion.Machine.TestSpec (DisequalityDispersion.Machine.eqTest a b) [DisequalityDispersion.Machine.FLAG]
    3 Pre fun m => decide (m a = m b)
DisequalityDispersion.Machine.ltTest_spec : ∀ (a b : ℕ) (Pre : DisequalityDispersion.Machine.Mem → Prop),
  DisequalityDispersion.Machine.TestSpec (DisequalityDispersion.Machine.ltTest a b) [DisequalityDispersion.Machine.FLAG]
    3 Pre fun m => decide (m a < m b)
@DisequalityDispersion.Machine.notM_spec : ∀ {t : DisequalityDispersion.Machine.Cmd} {V : List ℕ} {B : ℕ}
  {Pre : DisequalityDispersion.Machine.Mem → Prop} {P : DisequalityDispersion.Machine.Mem → Bool},
  DisequalityDispersion.Machine.TestSpec t V B Pre P →
    (∀ x ∈ V, 5 ≤ x) →
      (∀ (m : DisequalityDispersion.Machine.Mem), Pre m → DisequalityDispersion.Machine.Ctx m) →
        DisequalityDispersion.Machine.TestSpec (DisequalityDispersion.Machine.notM t)
          (DisequalityDispersion.Machine.FLAG :: V) (B + 1) Pre fun m => !P m
@DisequalityDispersion.Machine.andM_spec : ∀ {t₁ t₂ : DisequalityDispersion.Machine.Cmd} {V₁ V₂ : List ℕ} {B₁ B₂ : ℕ}
  {Pre : DisequalityDispersion.Machine.Mem → Prop} {P₁ P₂ : DisequalityDispersion.Machine.Mem → Bool},
  DisequalityDispersion.Machine.TestSpec t₁ V₁ B₁ Pre P₁ →
    DisequalityDispersion.Machine.TestSpec t₂ V₂ B₂ Pre P₂ →
      (∀ x ∈ V₁, 5 ≤ x) →
        (∀ (m : DisequalityDispersion.Machine.Mem), Pre m → DisequalityDispersion.Machine.Ctx m) →
          DisequalityDispersion.Machine.StableP Pre V₁ →
            DisequalityDispersion.Machine.Stable Pre P₂ V₁ →
              DisequalityDispersion.Machine.TestSpec (DisequalityDispersion.Machine.andM t₁ t₂) (V₁ ++ V₂) (B₁ + B₂ + 3)
                Pre fun m => P₁ m && P₂ m
@DisequalityDispersion.Machine.orM_spec : ∀ {t₁ t₂ : DisequalityDispersion.Machine.Cmd} {V₁ V₂ : List ℕ} {B₁ B₂ : ℕ}
  {Pre : DisequalityDispersion.Machine.Mem → Prop} {P₁ P₂ : DisequalityDispersion.Machine.Mem → Bool},
  DisequalityDispersion.Machine.TestSpec t₁ V₁ B₁ Pre P₁ →
    DisequalityDispersion.Machine.TestSpec t₂ V₂ B₂ Pre P₂ →
      (∀ x ∈ V₁, 5 ≤ x) →
        (∀ (m : DisequalityDispersion.Machine.Mem), Pre m → DisequalityDispersion.Machine.Ctx m) →
          DisequalityDispersion.Machine.StableP Pre V₁ →
            DisequalityDispersion.Machine.Stable Pre P₂ V₁ →
              DisequalityDispersion.Machine.TestSpec (DisequalityDispersion.Machine.orM t₁ t₂) (V₁ ++ V₂) (B₁ + B₂ + 3)
                Pre fun m => P₁ m || P₂ m
@DisequalityDispersion.Machine.pairsAt_congr : ∀ {m m' : DisequalityDispersion.Machine.Mem} {a : ℕ},
  DisequalityDispersion.Machine.arrAt m' a = DisequalityDispersion.Machine.arrAt m a →
    (∀ q ∈ DisequalityDispersion.Machine.arrAt m a, m' q = m q ∧ m' (q + 1) = m (q + 1)) →
      DisequalityDispersion.Machine.pairsAt m' a = DisequalityDispersion.Machine.pairsAt m a
@DisequalityDispersion.Machine.Agree.pairsAt : ∀ {m m' : DisequalityDispersion.Machine.Mem} {V : List ℕ},
  DisequalityDispersion.Machine.Agree m m' V →
    (∀ x ∈ V, x < DisequalityDispersion.Machine.IN) →
      ∀ (a : ℕ),
        DisequalityDispersion.Machine.IN ≤ a →
          a + 1 + m a ≤ m DisequalityDispersion.Machine.HP →
            DisequalityDispersion.Machine.RecsIn m a DisequalityDispersion.Machine.IN
                (m DisequalityDispersion.Machine.HP) →
              DisequalityDispersion.Machine.pairsAt m' a = DisequalityDispersion.Machine.pairsAt m a
@DisequalityDispersion.Machine.RecsIn.of_agree : ∀ {m m' : DisequalityDispersion.Machine.Mem} {V : List ℕ},
  DisequalityDispersion.Machine.Agree m m' V →
    (∀ x ∈ V, x < DisequalityDispersion.Machine.IN) →
      ∀ {a lo hi : ℕ},
        DisequalityDispersion.Machine.IN ≤ a →
          a + 1 + m a ≤ m DisequalityDispersion.Machine.HP →
            DisequalityDispersion.Machine.RecsIn m a lo hi → DisequalityDispersion.Machine.RecsIn m' a lo hi
@DisequalityDispersion.Machine.RecsIn.mono : ∀ {m : DisequalityDispersion.Machine.Mem} {a lo hi lo' hi' : ℕ},
  DisequalityDispersion.Machine.RecsIn m a lo hi →
    lo' ≤ lo → hi ≤ hi' → DisequalityDispersion.Machine.RecsIn m a lo' hi'
@DisequalityDispersion.Machine.mapPairM_spec : ∀ {c : DisequalityDispersion.Machine.Cmd} {V : List ℕ} {B : ℕ}
  {Pre : DisequalityDispersion.Machine.Mem → Prop} {F : DisequalityDispersion.Machine.Mem → ℕ × ℕ} (L SRC n : ℕ),
  DisequalityDispersion.Machine.FunSpec2 c V B
      (fun m => Pre m ∧ m (DisequalityDispersion.Machine.X_ L) ∈ DisequalityDispersion.Machine.arrAt m (m SRC)) F →
    L ≤ 9 →
      (∀ x ∈ V, 5 ≤ x ∧ x < DisequalityDispersion.Machine.IN) →
        5 ≤ SRC ∧ SRC < DisequalityDispersion.Machine.IN →
          SRC ∉ V →
            SRC ∉ DisequalityDispersion.Machine.Lvars L →
              (∀ x ∈ V, x ∉ DisequalityDispersion.Machine.LvarsX L) →
                (∀ (m : DisequalityDispersion.Machine.Mem), Pre m → DisequalityDispersion.Machine.Ctx m) →
                  (∀ (m : DisequalityDispersion.Machine.Mem),
                      Pre m →
                        DisequalityDispersion.Machine.IN ≤ m SRC ∧
                          m SRC + 1 + m (m SRC) ≤ m DisequalityDispersion.Machine.HP ∧ m (m SRC) ≤ n) →
                    DisequalityDispersion.Machine.StableP Pre (DisequalityDispersion.Machine.Lvars L ++ V) →
                      DisequalityDispersion.Machine.StableX Pre SRC L F (DisequalityDispersion.Machine.LvarsX L ++ V) →
                        DisequalityDispersion.Machine.RSpec (DisequalityDispersion.Machine.mapPairM L SRC c)
                          (DisequalityDispersion.Machine.Lvars L ++ V) (n * (B + 14) + 9) Pre fun m m' =>
                          m' (DisequalityDispersion.Machine.OUT_ L) = m DisequalityDispersion.Machine.HP ∧
                            DisequalityDispersion.Machine.pairsAt m' (m DisequalityDispersion.Machine.HP) =
                                List.map (fun x => F (m.write (DisequalityDispersion.Machine.X_ L) x))
                                  (DisequalityDispersion.Machine.arrAt m (m SRC)) ∧
                              DisequalityDispersion.Machine.RecsIn m' (m DisequalityDispersion.Machine.HP)
                                  (m DisequalityDispersion.Machine.HP + 1 + m (m SRC))
                                  (m' DisequalityDispersion.Machine.HP) ∧
                                m DisequalityDispersion.Machine.HP + 1 + m (m SRC) ≤ m' DisequalityDispersion.Machine.HP
DisequalityDispersion.Machine.rangeM_spec : ∀ (L N n : ℕ),
  L ≤ 9 →
    5 ≤ N ∧ N < DisequalityDispersion.Machine.IN →
      N ∉ DisequalityDispersion.Machine.Lvars L →
        ∀ (Pre : DisequalityDispersion.Machine.Mem → Prop),
          (∀ (m : DisequalityDispersion.Machine.Mem), Pre m → DisequalityDispersion.Machine.Ctx m) →
            (∀ (m : DisequalityDispersion.Machine.Mem), Pre m → m N ≤ n) →
              DisequalityDispersion.Machine.RSpec (DisequalityDispersion.Machine.rangeM L N)
                (DisequalityDispersion.Machine.Lvars L) (n * 6 + 8) Pre fun m m' =>
                m' (DisequalityDispersion.Machine.OUT_ L) = m DisequalityDispersion.Machine.HP ∧
                  DisequalityDispersion.Machine.arrAt m' (m DisequalityDispersion.Machine.HP) = List.range (m N) ∧
                    m DisequalityDispersion.Machine.HP + 1 + m N ≤ m' DisequalityDispersion.Machine.HP
DisequalityDispersion.Machine.pushV_spec : ∀ (L Y : ℕ),
  L ≤ 9 →
    Y < DisequalityDispersion.Machine.IN →
      Y ≠ DisequalityDispersion.Machine.CONT_ L →
        Y ≠ DisequalityDispersion.Machine.PTR_ L →
          ∀ (m : DisequalityDispersion.Machine.Mem) (hdr : ℕ),
            m (DisequalityDispersion.Machine.OUT_ L) = hdr →
              m DisequalityDispersion.Machine.ONE = 1 →
                DisequalityDispersion.Machine.IN ≤ hdr →
                  ∃ m' k,
                    (DisequalityDispersion.Machine.pushV L Y).Exec m m' k ∧
                      k ≤ 6 ∧
                        (∀ (x : ℕ),
                            x ≠ DisequalityDispersion.Machine.CONT_ L →
                              x ≠ DisequalityDispersion.Machine.PTR_ L → x ≠ hdr → x ≠ hdr + 1 + m hdr → m' x = m x) ∧
                          m' hdr = m hdr + 1 ∧ m' (hdr + 1 + m hdr) = m Y
@DisequalityDispersion.Machine.arrAt_prepend : ∀ {m m' : DisequalityDispersion.Machine.Mem} {hdr v : ℕ},
  1 ≤ hdr →
    m' (hdr - 1) = m hdr + 1 →
      m' hdr = v →
        (∀ i < m hdr, m' (hdr + 1 + i) = m (hdr + 1 + i)) →
          DisequalityDispersion.Machine.arrAt m' (hdr - 1) = v :: DisequalityDispersion.Machine.arrAt m hdr
DisequalityDispersion.Machine.prependV_spec : ∀ (L Y : ℕ),
  L ≤ 9 →
    Y < DisequalityDispersion.Machine.IN →
      Y ≠ DisequalityDispersion.Machine.CONT_ L →
        Y ≠ DisequalityDispersion.Machine.OUT_ L →
          ∀ (m : DisequalityDispersion.Machine.Mem) (hdr : ℕ),
            m (DisequalityDispersion.Machine.OUT_ L) = hdr →
              m DisequalityDispersion.Machine.ONE = 1 →
                DisequalityDispersion.Machine.IN < hdr →
                  ∃ m' k,
                    (DisequalityDispersion.Machine.prependV L Y).Exec m m' k ∧
                      k ≤ 5 ∧
                        (∀ (x : ℕ),
                            x ≠ DisequalityDispersion.Machine.CONT_ L →
                              x ≠ DisequalityDispersion.Machine.OUT_ L → x ≠ hdr → x ≠ hdr - 1 → m' x = m x) ∧
                          m' (DisequalityDispersion.Machine.OUT_ L) = hdr - 1 ∧ m' (hdr - 1) = m hdr + 1 ∧ m' hdr = m Y
DisequalityDispersion.Machine.forEachRevM_spec : ∀ (L SRC : ℕ),
  L ≤ 9 →
    SRC < DisequalityDispersion.Machine.IN →
      SRC ∉ DisequalityDispersion.Machine.Lvars L →
        ∀ (body : DisequalityDispersion.Machine.Cmd) (Inv : ℕ → DisequalityDispersion.Machine.Mem → Prop) (a : ℕ),
          DisequalityDispersion.Machine.IN ≤ a →
            ∀ (l : List ℕ) (B : ℕ),
              (∀ (j : ℕ) (m : DisequalityDispersion.Machine.Mem),
                  Inv j m →
                    m (DisequalityDispersion.Machine.I_ L) = j ∧
                      m (DisequalityDispersion.Machine.CNT_ L) = l.length ∧
                        m SRC = a ∧
                          m DisequalityDispersion.Machine.ONE = 1 ∧
                            a + 1 + l.length ≤ m DisequalityDispersion.Machine.HP ∧
                              ∀ (i : ℕ) (h : i < l.length), m (a + 1 + i) = l[i]) →
                (∀ (j : ℕ) (m : DisequalityDispersion.Machine.Mem) (v w : ℕ),
                    Inv j m →
                      Inv j
                        ((m.write (DisequalityDispersion.Machine.PTR_ L) v).write (DisequalityDispersion.Machine.X_ L)
                          w)) →
                  (∀ (j : ℕ) (m : DisequalityDispersion.Machine.Mem) (h : j < l.length),
                      Inv j m →
                        m (DisequalityDispersion.Machine.X_ L) = l[l.length - 1 - j] →
                          m (DisequalityDispersion.Machine.PTR_ L) = a + l.length - j →
                            ∃ m' k,
                              body.Exec m m' k ∧
                                k ≤ B ∧
                                  m' (DisequalityDispersion.Machine.I_ L) = j ∧
                                    m' DisequalityDispersion.Machine.ONE = 1 ∧
                                      Inv (j + 1) (m'.write (DisequalityDispersion.Machine.I_ L) (j + 1))) →
                    ∀ (m : DisequalityDispersion.Machine.Mem),
                      m SRC = a →
                        m a = l.length →
                          Inv 0
                              ((m.write (DisequalityDispersion.Machine.CNT_ L) l.length).write
                                (DisequalityDispersion.Machine.I_ L) 0) →
                            ∃ m' k,
                              (DisequalityDispersion.Machine.forEachRevM L SRC body).Exec m m' k ∧
                                Inv l.length m' ∧ k ≤ l.length * (B + 6) + 4
DisequalityDispersion.Machine.appendM_pass : ∀ (L A : ℕ),
  L ≤ 9 →
    5 ≤ A ∧ A < DisequalityDispersion.Machine.IN →
      A ∉ DisequalityDispersion.Machine.Lvars L →
        ∀ (m0 : DisequalityDispersion.Machine.Mem) (hdr a : ℕ) (pre l : List ℕ) (tot : ℕ),
          DisequalityDispersion.Machine.IN ≤ hdr →
            DisequalityDispersion.Machine.IN ≤ a →
              m0 DisequalityDispersion.Machine.HP ≤ hdr →
                a + 1 + l.length ≤ m0 DisequalityDispersion.Machine.HP →
                  pre.length + l.length ≤ tot →
                    (∀ (m : DisequalityDispersion.Machine.Mem),
                        DisequalityDispersion.Machine.Agree m0 m (DisequalityDispersion.Machine.Lvars L) → m A = a) →
                      ∀ (m : DisequalityDispersion.Machine.Mem),
                        DisequalityDispersion.Machine.AppInv L m0 hdr a pre l tot 0
                            ((m.write (DisequalityDispersion.Machine.CNT_ L) l.length).write
                              (DisequalityDispersion.Machine.I_ L) 0) →
                          m A = a →
                            m a = l.length →
                              ∃ m' k,
                                (DisequalityDispersion.Machine.forEachM L A
                                        (DisequalityDispersion.Machine.pushM L)).Exec
                                    m m' k ∧
                                  DisequalityDispersion.Machine.AppInv L m0 hdr a pre l tot l.length m' ∧
                                    k ≤ l.length * 12 + 4
DisequalityDispersion.Machine.appendM_spec : ∀ (L A B n : ℕ),
  L ≤ 9 →
    5 ≤ A ∧ A < DisequalityDispersion.Machine.IN →
      5 ≤ B ∧ B < DisequalityDispersion.Machine.IN →
        A ∉ DisequalityDispersion.Machine.Lvars L →
          B ∉ DisequalityDispersion.Machine.Lvars L →
            ∀ (Pre : DisequalityDispersion.Machine.Mem → Prop),
              (∀ (m : DisequalityDispersion.Machine.Mem), Pre m → DisequalityDispersion.Machine.Ctx m) →
                (∀ (m : DisequalityDispersion.Machine.Mem),
                    Pre m →
                      DisequalityDispersion.Machine.IN ≤ m A ∧
                        m A + 1 + m (m A) ≤ m DisequalityDispersion.Machine.HP ∧ m (m A) ≤ n) →
                  (∀ (m : DisequalityDispersion.Machine.Mem),
                      Pre m →
                        DisequalityDispersion.Machine.IN ≤ m B ∧
                          m B + 1 + m (m B) ≤ m DisequalityDispersion.Machine.HP ∧ m (m B) ≤ n) →
                    DisequalityDispersion.Machine.RSpec (DisequalityDispersion.Machine.appendM L A B)
                      (DisequalityDispersion.Machine.Lvars L) (2 * n * 12 + 15) Pre fun m m' =>
                      m' (DisequalityDispersion.Machine.OUT_ L) = m DisequalityDispersion.Machine.HP ∧
                        DisequalityDispersion.Machine.arrAt m' (m DisequalityDispersion.Machine.HP) =
                            DisequalityDispersion.Machine.arrAt m (m A) ++ DisequalityDispersion.Machine.arrAt m (m B) ∧
                          m DisequalityDispersion.Machine.HP + 1 + m (m A) + m (m B) ≤
                            m' DisequalityDispersion.Machine.HP
@DisequalityDispersion.Machine.sumLen_take_succ : ∀ {m0 : DisequalityDispersion.Machine.Mem} {l : List ℕ} {j : ℕ}
  (hj : j < l.length),
  (List.map (fun q => m0 q) (List.take (j + 1) l)).sum = (List.map (fun q => m0 q) (List.take j l)).sum + m0 l[j]
@DisequalityDispersion.Machine.flatten_take_succ : ∀ {m0 : DisequalityDispersion.Machine.Mem} {l : List ℕ} {j : ℕ}
  (hj : j < l.length),
  (List.map (fun q => DisequalityDispersion.Machine.arrAt m0 q) (List.take (j + 1) l)).flatten =
    (List.map (fun q => DisequalityDispersion.Machine.arrAt m0 q) (List.take j l)).flatten ++
      DisequalityDispersion.Machine.arrAt m0 l[j]
DisequalityDispersion.Machine.sumLenM_spec : ∀ (L SRC n : ℕ),
  L ≤ 9 →
    5 ≤ SRC ∧ SRC < DisequalityDispersion.Machine.IN →
      SRC ∉ DisequalityDispersion.Machine.Lvars L →
        ∀ (Pre : DisequalityDispersion.Machine.Mem → Prop),
          (∀ (m : DisequalityDispersion.Machine.Mem), Pre m → DisequalityDispersion.Machine.Ctx m) →
            (∀ (m : DisequalityDispersion.Machine.Mem), Pre m → DisequalityDispersion.Machine.ArrsWF m (m SRC)) →
              (∀ (m : DisequalityDispersion.Machine.Mem), Pre m → m (m SRC) ≤ n) →
                DisequalityDispersion.Machine.RSpec (DisequalityDispersion.Machine.sumLenM L SRC)
                  (DisequalityDispersion.Machine.Lvars L) (n * 8 + 5) Pre fun m m' =>
                  m' (DisequalityDispersion.Machine.CONT_ L) =
                      (List.map (fun q => m q) (DisequalityDispersion.Machine.arrAt m (m SRC))).sum ∧
                    m' DisequalityDispersion.Machine.HP = m DisequalityDispersion.Machine.HP
DisequalityDispersion.Machine.flattenM_spec : ∀ (L SRC n : ℕ),
  L + 1 ≤ 9 →
    5 ≤ SRC ∧ SRC < DisequalityDispersion.Machine.IN →
      SRC ∉ DisequalityDispersion.Machine.Lvars L →
        SRC ∉ DisequalityDispersion.Machine.Lvars (L + 1) →
          ∀ (Pre : DisequalityDispersion.Machine.Mem → Prop),
            (∀ (m : DisequalityDispersion.Machine.Mem), Pre m → DisequalityDispersion.Machine.Ctx m) →
              (∀ (m : DisequalityDispersion.Machine.Mem), Pre m → DisequalityDispersion.Machine.ArrsWF m (m SRC)) →
                (∀ (m : DisequalityDispersion.Machine.Mem),
                    Pre m → m (m SRC) ≤ n ∧ ∀ q ∈ DisequalityDispersion.Machine.arrAt m (m SRC), m q ≤ n) →
                  DisequalityDispersion.Machine.RSpec (DisequalityDispersion.Machine.flattenM L SRC)
                    (DisequalityDispersion.Machine.Lvars L ++ DisequalityDispersion.Machine.Lvars (L + 1))
                    (12 * n * n + 18 * n + 13) Pre fun m m' =>
                    m' (DisequalityDispersion.Machine.OUT_ L) = m DisequalityDispersion.Machine.HP ∧
                      DisequalityDispersion.Machine.arrAt m' (m DisequalityDispersion.Machine.HP) =
                          (List.map (fun q => DisequalityDispersion.Machine.arrAt m q)
                              (DisequalityDispersion.Machine.arrAt m (m SRC))).flatten ∧
                        m DisequalityDispersion.Machine.HP + 1 +
                            (List.map (fun q => m q) (DisequalityDispersion.Machine.arrAt m (m SRC))).sum ≤
                          m' DisequalityDispersion.Machine.HP
DisequalityDispersion.Machine.pairEqTest_spec : ∀ (a b s1 s2 : ℕ) (Pre : DisequalityDispersion.Machine.Mem → Prop),
  (∀ (m : DisequalityDispersion.Machine.Mem), Pre m → DisequalityDispersion.Machine.Ctx m) →
    5 ≤ s1 ∧ s1 < DisequalityDispersion.Machine.IN →
      5 ≤ s2 ∧ s2 < DisequalityDispersion.Machine.IN →
        s1 ≠ s2 →
          a < DisequalityDispersion.Machine.IN →
            b < DisequalityDispersion.Machine.IN →
              a ≠ s1 →
                a ≠ s2 →
                  b ≠ s1 →
                    b ≠ s2 →
                      DisequalityDispersion.Machine.FLAG ≠ s1 →
                        DisequalityDispersion.Machine.FLAG ≠ s2 →
                          (∀ (m : DisequalityDispersion.Machine.Mem),
                              Pre m → DisequalityDispersion.Machine.IN ≤ m a ∧ DisequalityDispersion.Machine.IN ≤ m b) →
                            DisequalityDispersion.Machine.TestSpec (DisequalityDispersion.Machine.pairEqTest a b s1 s2)
                              [s1, s2, DisequalityDispersion.Machine.FLAG] 12 Pre fun m =>
                              decide ((m (m a), m (m a + 1)) = (m (m b), m (m b + 1)))
DisequalityDispersion.Machine.mem_pairsAt_any : ∀ (m : DisequalityDispersion.Machine.Mem) (d : ℕ) (p : ℕ × ℕ),
  decide (p ∈ DisequalityDispersion.Machine.pairsAt m d) =
    (DisequalityDispersion.Machine.arrAt m d).any fun q => decide ((m q, m (q + 1)) = p)
@DisequalityDispersion.Machine.TestSpec.congr : ∀ {t : DisequalityDispersion.Machine.Cmd} {V : List ℕ} {B : ℕ}
  {Pre : DisequalityDispersion.Machine.Mem → Prop} {P Q : DisequalityDispersion.Machine.Mem → Bool},
  DisequalityDispersion.Machine.TestSpec t V B Pre P →
    (∀ (m : DisequalityDispersion.Machine.Mem), Pre m → P m = Q m) → DisequalityDispersion.Machine.TestSpec t V B Pre Q
@DisequalityDispersion.Machine.any_congr_mem : ∀ {l : List ℕ} {p q : ℕ → Bool}, (∀ x ∈ l, p x = q x) → l.any p = l.any q
DisequalityDispersion.Machine.memPairV_range : ∀ (L : ℕ),
  L + 1 ≤ 9 → ∀ x ∈ DisequalityDispersion.Machine.memPairV L, 5 ≤ x ∧ x < DisequalityDispersion.Machine.IN
DisequalityDispersion.Machine.memPairM_spec : ∀ (L D Y n : ℕ),
  L + 1 ≤ 9 →
    5 ≤ D ∧ D < DisequalityDispersion.Machine.IN →
      5 ≤ Y ∧ Y < DisequalityDispersion.Machine.IN →
        D ∉ DisequalityDispersion.Machine.Lvars L →
          D ∉ DisequalityDispersion.Machine.Lvars (L + 1) →
            Y ∉ DisequalityDispersion.Machine.Lvars L →
              Y ∉ DisequalityDispersion.Machine.Lvars (L + 1) →
                D ≠ DisequalityDispersion.Machine.FLAG →
                  Y ≠ DisequalityDispersion.Machine.FLAG →
                    ∀ (Pre : DisequalityDispersion.Machine.Mem → Prop),
                      (∀ (m : DisequalityDispersion.Machine.Mem), Pre m → DisequalityDispersion.Machine.Ctx m) →
                        (∀ (m : DisequalityDispersion.Machine.Mem),
                            Pre m →
                              DisequalityDispersion.Machine.PairsWF m (m D) ∧
                                m (m D) ≤ n ∧
                                  DisequalityDispersion.Machine.IN ≤ m Y ∧
                                    m Y + 2 ≤ m DisequalityDispersion.Machine.HP) →
                          DisequalityDispersion.Machine.StableP Pre (DisequalityDispersion.Machine.memPairV L) →
                            DisequalityDispersion.Machine.TestSpec (DisequalityDispersion.Machine.memPairM L D Y)
                              (DisequalityDispersion.Machine.memPairV L) (n * 23 + 10) Pre fun m =>
                              decide ((m (m Y), m (m Y + 1)) ∈ DisequalityDispersion.Machine.pairsAt m (m D))
@DisequalityDispersion.Machine.dedupList_cons' : ∀ {α : Type} [inst : DecidableEq α] (x : α) (l : List α),
  DisequalityDispersion.Encoded.dedupList (x :: l) =
    if x ∈ DisequalityDispersion.Encoded.dedupList l then DisequalityDispersion.Encoded.dedupList l
    else x :: DisequalityDispersion.Encoded.dedupList l
@DisequalityDispersion.Machine.dedupList_length_le : ∀ {α : Type} [inst : DecidableEq α] (l : List α),
  (DisequalityDispersion.Encoded.dedupList l).length ≤ l.length
DisequalityDispersion.Machine.dedupM_spec : ∀ (L SRC n : ℕ),
  L + 2 ≤ 9 →
    5 ≤ SRC ∧ SRC < DisequalityDispersion.Machine.IN →
      SRC ∉ DisequalityDispersion.Machine.dedupV L →
        ∀ (Pre : DisequalityDispersion.Machine.Mem → Prop),
          (∀ (m : DisequalityDispersion.Machine.Mem), Pre m → DisequalityDispersion.Machine.Ctx m) →
            (∀ (m : DisequalityDispersion.Machine.Mem),
                Pre m → DisequalityDispersion.Machine.PairsWF m (m SRC) ∧ m (m SRC) ≤ n) →
              DisequalityDispersion.Machine.RSpec (DisequalityDispersion.Machine.dedupM L SRC)
                (DisequalityDispersion.Machine.dedupV L) (23 * n * n + 23 * n + 8) Pre fun m m' =>
                DisequalityDispersion.Machine.pairsAt m' (m' (DisequalityDispersion.Machine.OUT_ L)) =
                    DisequalityDispersion.Encoded.dedupList (DisequalityDispersion.Machine.pairsAt m (m SRC)) ∧
                  DisequalityDispersion.Machine.PairsWF m' (m' (DisequalityDispersion.Machine.OUT_ L)) ∧
                    m DisequalityDispersion.Machine.HP ≤ m' (DisequalityDispersion.Machine.OUT_ L) ∧
                      m' (DisequalityDispersion.Machine.OUT_ L) ∈
                        List.range (m DisequalityDispersion.Machine.HP + 1 + m (m SRC))
DisequalityDispersion.Machine.KV_eq : DisequalityDispersion.Machine.KV = 100
DisequalityDispersion.Machine.BASE_eq : DisequalityDispersion.Machine.BASE = 101
DisequalityDispersion.Machine.SRCS_eq : DisequalityDispersion.Machine.SRCS = 102
DisequalityDispersion.Machine.SYMS_eq : DisequalityDispersion.Machine.SYMS = 103
DisequalityDispersion.Machine.NODES_eq : DisequalityDispersion.Machine.NODES = 104
DisequalityDispersion.Machine.XV_eq : DisequalityDispersion.Machine.XV = 105
DisequalityDispersion.Machine.YV_eq : DisequalityDispersion.Machine.YV = 106
DisequalityDispersion.Machine.TV_eq : DisequalityDispersion.Machine.TV = 107
DisequalityDispersion.Machine.TESTS_eq : DisequalityDispersion.Machine.TESTS = 108
DisequalityDispersion.Machine.OUTS_eq : DisequalityDispersion.Machine.OUTS = 109
DisequalityDispersion.Machine.NN_eq : DisequalityDispersion.Machine.NN = 110
DisequalityDispersion.Machine.KK_eq : DisequalityDispersion.Machine.KK = 111
DisequalityDispersion.Machine.MM_eq : DisequalityDispersion.Machine.MM = 112
DisequalityDispersion.Machine.IDS_eq : DisequalityDispersion.Machine.IDS = 113
DisequalityDispersion.Machine.RESV_eq : DisequalityDispersion.Machine.RESV = 114
@DisequalityDispersion.Machine.allM_spec : ∀ {t : DisequalityDispersion.Machine.Cmd} {V : List ℕ} {B : ℕ}
  {Pre : DisequalityDispersion.Machine.Mem → Prop} {P : DisequalityDispersion.Machine.Mem → Bool} (L SRC n : ℕ),
  DisequalityDispersion.Machine.TestSpec t V B
      (fun m => Pre m ∧ m (DisequalityDispersion.Machine.X_ L) ∈ DisequalityDispersion.Machine.arrAt m (m SRC)) P →
    L ≤ 9 →
      (∀ x ∈ V, 5 ≤ x ∧ x < DisequalityDispersion.Machine.IN) →
        5 ≤ SRC ∧ SRC < DisequalityDispersion.Machine.IN →
          SRC ∉ V →
            SRC ∉ DisequalityDispersion.Machine.Lvars L →
              SRC ≠ DisequalityDispersion.Machine.FLAG →
                (∀ x ∈ V, x ∉ DisequalityDispersion.Machine.LvarsX L) →
                  (∀ (m : DisequalityDispersion.Machine.Mem), Pre m → DisequalityDispersion.Machine.Ctx m) →
                    (∀ (m : DisequalityDispersion.Machine.Mem),
                        Pre m →
                          DisequalityDispersion.Machine.IN ≤ m SRC ∧
                            m SRC + 1 + m (m SRC) ≤ m DisequalityDispersion.Machine.HP ∧ m (m SRC) ≤ n) →
                      DisequalityDispersion.Machine.StableP Pre
                          (DisequalityDispersion.Machine.Lvars L ++ DisequalityDispersion.Machine.FLAG :: V) →
                        DisequalityDispersion.Machine.StableX Pre SRC L P
                            (DisequalityDispersion.Machine.LvarsX L ++ DisequalityDispersion.Machine.FLAG :: V) →
                          DisequalityDispersion.Machine.TestSpec (DisequalityDispersion.Machine.allM L SRC t)
                            (DisequalityDispersion.Machine.FLAG ::
                              (DisequalityDispersion.Machine.Lvars L ++
                                DisequalityDispersion.Machine.FLAG :: DisequalityDispersion.Machine.FLAG :: V))
                            (n * (B + 12) + 11) Pre fun m =>
                            (DisequalityDispersion.Machine.arrAt m (m SRC)).all fun x =>
                              P (m.write (DisequalityDispersion.Machine.X_ L) x)
@DisequalityDispersion.Machine.anyRangeM_spec : ∀ {t : DisequalityDispersion.Machine.Cmd} {V : List ℕ} {B : ℕ}
  {Pre : DisequalityDispersion.Machine.Mem → Prop} {P : DisequalityDispersion.Machine.Mem → Bool} (L N n : ℕ),
  L + 1 ≤ 9 →
    DisequalityDispersion.Machine.TestSpec t V B (fun m => Pre m ∧ m (DisequalityDispersion.Machine.X_ L) < m N) P →
      (∀ x ∈ V, 5 ≤ x ∧ x < DisequalityDispersion.Machine.IN) →
        5 ≤ N ∧ N < DisequalityDispersion.Machine.IN →
          N ∉ V →
            N ∉ DisequalityDispersion.Machine.Lvars L →
              N ∉ DisequalityDispersion.Machine.Lvars (L + 1) →
                N ≠ DisequalityDispersion.Machine.FLAG →
                  N ≠ DisequalityDispersion.Machine.RNG L →
                    (∀ x ∈ V, x ∉ DisequalityDispersion.Machine.LvarsX L) →
                      DisequalityDispersion.Machine.RNG L ∉ V →
                        (∀ (m : DisequalityDispersion.Machine.Mem), Pre m → DisequalityDispersion.Machine.Ctx m) →
                          (∀ (m : DisequalityDispersion.Machine.Mem), Pre m → m N ≤ n) →
                            DisequalityDispersion.Machine.StableP Pre
                                (DisequalityDispersion.Machine.rangeV L ++ DisequalityDispersion.Machine.FLAG :: V) →
                              DisequalityDispersion.Machine.Stable
                                  (fun m => Pre m ∧ m (DisequalityDispersion.Machine.X_ L) < m N) P
                                  (DisequalityDispersion.Machine.LvarsX L ++ DisequalityDispersion.Machine.FLAG :: V ++
                                    DisequalityDispersion.Machine.rangeVX L) →
                                DisequalityDispersion.Machine.TestSpec (DisequalityDispersion.Machine.anyRangeM L N t)
                                  (DisequalityDispersion.Machine.rangeV L ++ DisequalityDispersion.Machine.FLAG :: V)
                                  (n * (B + 11) + n * 6 + 20) Pre fun m =>
                                  (List.range (m N)).any fun i => P (m.write (DisequalityDispersion.Machine.X_ L) i)
@DisequalityDispersion.Machine.allRangeM_spec : ∀ {t : DisequalityDispersion.Machine.Cmd} {V : List ℕ} {B : ℕ}
  {Pre : DisequalityDispersion.Machine.Mem → Prop} {P : DisequalityDispersion.Machine.Mem → Bool} (L N n : ℕ),
  L + 1 ≤ 9 →
    DisequalityDispersion.Machine.TestSpec t V B (fun m => Pre m ∧ m (DisequalityDispersion.Machine.X_ L) < m N) P →
      (∀ x ∈ V, 5 ≤ x ∧ x < DisequalityDispersion.Machine.IN) →
        5 ≤ N ∧ N < DisequalityDispersion.Machine.IN →
          N ∉ V →
            N ∉ DisequalityDispersion.Machine.Lvars L →
              N ∉ DisequalityDispersion.Machine.Lvars (L + 1) →
                N ≠ DisequalityDispersion.Machine.FLAG →
                  N ≠ DisequalityDispersion.Machine.RNG L →
                    (∀ x ∈ V, x ∉ DisequalityDispersion.Machine.LvarsX L) →
                      DisequalityDispersion.Machine.RNG L ∉ V →
                        (∀ (m : DisequalityDispersion.Machine.Mem), Pre m → DisequalityDispersion.Machine.Ctx m) →
                          (∀ (m : DisequalityDispersion.Machine.Mem), Pre m → m N ≤ n) →
                            DisequalityDispersion.Machine.StableP Pre
                                (DisequalityDispersion.Machine.rangeV L ++ DisequalityDispersion.Machine.FLAG :: V) →
                              DisequalityDispersion.Machine.Stable
                                  (fun m => Pre m ∧ m (DisequalityDispersion.Machine.X_ L) < m N) P
                                  (DisequalityDispersion.Machine.LvarsX L ++ DisequalityDispersion.Machine.FLAG :: V ++
                                    DisequalityDispersion.Machine.rangeVX L) →
                                DisequalityDispersion.Machine.TestSpec (DisequalityDispersion.Machine.allRangeM L N t)
                                  (DisequalityDispersion.Machine.FLAG ::
                                    (DisequalityDispersion.Machine.rangeV L ++
                                      DisequalityDispersion.Machine.FLAG :: DisequalityDispersion.Machine.FLAG :: V))
                                  (n * (B + 12) + n * 6 + 21) Pre fun m =>
                                  (List.range (m N)).all fun i => P (m.write (DisequalityDispersion.Machine.X_ L) i)
@DisequalityDispersion.Machine.RSpec.seq : ∀ {c₁ c₂ : DisequalityDispersion.Machine.Cmd} {V₁ V₂ : List ℕ} {B₁ B₂ : ℕ}
  {Pre Pre₂ : DisequalityDispersion.Machine.Mem → Prop}
  {Post₁ Post₂ : DisequalityDispersion.Machine.Mem → DisequalityDispersion.Machine.Mem → Prop},
  DisequalityDispersion.Machine.RSpec c₁ V₁ B₁ Pre Post₁ →
    DisequalityDispersion.Machine.RSpec c₂ V₂ B₂ Pre₂ Post₂ →
      (∀ (m m₁ : DisequalityDispersion.Machine.Mem),
          Pre m → DisequalityDispersion.Machine.Agree m m₁ V₁ → Post₁ m m₁ → Pre₂ m₁) →
        DisequalityDispersion.Machine.RSpec (c₁.seq c₂) (V₁ ++ V₂) (B₁ + B₂) Pre fun m m₂ =>
          ∃ m₁,
            DisequalityDispersion.Machine.Agree m m₁ V₁ ∧
              Post₁ m m₁ ∧ DisequalityDispersion.Machine.Agree m₁ m₂ V₂ ∧ Post₂ m₁ m₂
@DisequalityDispersion.Machine.TestSpec.after : ∀ {c t : DisequalityDispersion.Machine.Cmd} {V₁ V₂ : List ℕ} {B₁ B₂ : ℕ}
  {Pre Pre' : DisequalityDispersion.Machine.Mem → Prop}
  {Post : DisequalityDispersion.Machine.Mem → DisequalityDispersion.Machine.Mem → Prop}
  {P' Q : DisequalityDispersion.Machine.Mem → Bool},
  DisequalityDispersion.Machine.RSpec c V₁ B₁ Pre Post →
    DisequalityDispersion.Machine.TestSpec t V₂ B₂ Pre' P' →
      (∀ (m m₁ : DisequalityDispersion.Machine.Mem),
          Pre m → DisequalityDispersion.Machine.Agree m m₁ V₁ → Post m m₁ → Pre' m₁) →
        (∀ (m m₁ : DisequalityDispersion.Machine.Mem),
            Pre m → DisequalityDispersion.Machine.Agree m m₁ V₁ → Post m m₁ → P' m₁ = Q m) →
          DisequalityDispersion.Machine.TestSpec (c.seq t) (V₁ ++ V₂) (B₁ + B₂) Pre Q
@DisequalityDispersion.Machine.TestSpec.ite : ∀ {t₁ t₂ : DisequalityDispersion.Machine.Cmd} {V₁ V₂ : List ℕ} {B₁ B₂ : ℕ}
  {Pre : DisequalityDispersion.Machine.Mem → Prop} {P₁ P₂ : DisequalityDispersion.Machine.Mem → Bool} (a b : ℕ),
  DisequalityDispersion.Machine.TestSpec t₁ V₁ B₁ Pre P₁ →
    DisequalityDispersion.Machine.TestSpec t₂ V₂ B₂ Pre P₂ →
      DisequalityDispersion.Machine.TestSpec
        (DisequalityDispersion.Machine.Cmd.ite (DisequalityDispersion.Machine.Cond.eq a b) t₁ t₂) (V₁ ++ V₂)
        (B₁ + B₂ + 2) Pre fun m => if m a = m b then P₁ m else P₂ m
@DisequalityDispersion.Machine.TestSpec.iteLt : ∀ {t₁ t₂ : DisequalityDispersion.Machine.Cmd} {V₁ V₂ : List ℕ}
  {B₁ B₂ : ℕ} {Pre : DisequalityDispersion.Machine.Mem → Prop} {P₁ P₂ : DisequalityDispersion.Machine.Mem → Bool}
  (a b : ℕ),
  DisequalityDispersion.Machine.TestSpec t₁ V₁ B₁ Pre P₁ →
    DisequalityDispersion.Machine.TestSpec t₂ V₂ B₂ Pre P₂ →
      DisequalityDispersion.Machine.TestSpec
        (DisequalityDispersion.Machine.Cmd.ite (DisequalityDispersion.Machine.Cond.lt a b) t₁ t₂) (V₁ ++ V₂)
        (B₁ + B₂ + 2) Pre fun m => if m a < m b then P₁ m else P₂ m
DisequalityDispersion.Machine.trueTest_spec : ∀ (Pre : DisequalityDispersion.Machine.Mem → Prop),
  DisequalityDispersion.Machine.TestSpec (DisequalityDispersion.Machine.setc DisequalityDispersion.Machine.FLAG 1)
    [DisequalityDispersion.Machine.FLAG] 1 Pre fun x => true
DisequalityDispersion.Machine.falseTest_spec : ∀ (Pre : DisequalityDispersion.Machine.Mem → Prop),
  DisequalityDispersion.Machine.TestSpec (DisequalityDispersion.Machine.setc DisequalityDispersion.Machine.FLAG 0)
    [DisequalityDispersion.Machine.FLAG] 1 Pre fun x => false
DisequalityDispersion.Machine.elemM_spec : ∀ (A I D : ℕ),
  5 ≤ D ∧ D < DisequalityDispersion.Machine.IN →
    D ≠ A →
      D ≠ I →
        ∀ (Pre : DisequalityDispersion.Machine.Mem → Prop),
          (∀ (m : DisequalityDispersion.Machine.Mem), Pre m → DisequalityDispersion.Machine.Ctx m) →
            (∀ (m : DisequalityDispersion.Machine.Mem), Pre m → DisequalityDispersion.Machine.IN ≤ m A) →
              DisequalityDispersion.Machine.RSpec (DisequalityDispersion.Machine.elemM A I D) [D] 3 Pre fun m m' =>
                m' D = m (m A + 1 + m I) ∧ m' DisequalityDispersion.Machine.HP = m DisequalityDispersion.Machine.HP
DisequalityDispersion.Machine.field1M_spec : ∀ (Q D : ℕ),
  5 ≤ D ∧ D < DisequalityDispersion.Machine.IN →
    D ≠ Q →
      ∀ (Pre : DisequalityDispersion.Machine.Mem → Prop),
        (∀ (m : DisequalityDispersion.Machine.Mem), Pre m → DisequalityDispersion.Machine.Ctx m) →
          (∀ (m : DisequalityDispersion.Machine.Mem), Pre m → DisequalityDispersion.Machine.IN ≤ m Q) →
            DisequalityDispersion.Machine.RSpec (DisequalityDispersion.Machine.field1M Q D) [D] 2 Pre fun m m' =>
              m' D = m (m Q + 1) ∧ m' DisequalityDispersion.Machine.HP = m DisequalityDispersion.Machine.HP
DisequalityDispersion.Machine.field2M_spec : ∀ (Q D : ℕ),
  5 ≤ D ∧ D < DisequalityDispersion.Machine.IN →
    D ≠ Q →
      ∀ (Pre : DisequalityDispersion.Machine.Mem → Prop),
        (∀ (m : DisequalityDispersion.Machine.Mem), Pre m → DisequalityDispersion.Machine.Ctx m) →
          (∀ (m : DisequalityDispersion.Machine.Mem), Pre m → DisequalityDispersion.Machine.IN ≤ m Q) →
            DisequalityDispersion.Machine.RSpec (DisequalityDispersion.Machine.field2M Q D) [D] 3 Pre fun m m' =>
              m' D = m (m Q + 2) ∧ m' DisequalityDispersion.Machine.HP = m DisequalityDispersion.Machine.HP
DisequalityDispersion.Machine.loadM_spec : ∀ (Q D : ℕ),
  5 ≤ D ∧ D < DisequalityDispersion.Machine.IN →
    ∀ (Pre : DisequalityDispersion.Machine.Mem → Prop),
      DisequalityDispersion.Machine.RSpec (DisequalityDispersion.Machine.load D Q) [D] 1 Pre fun m m' =>
        m' D = m (m Q) ∧ m' DisequalityDispersion.Machine.HP = m DisequalityDispersion.Machine.HP
DisequalityDispersion.Machine.movM_spec : ∀ (Q D : ℕ),
  5 ≤ D ∧ D < DisequalityDispersion.Machine.IN →
    ∀ (Pre : DisequalityDispersion.Machine.Mem → Prop),
      DisequalityDispersion.Machine.RSpec (DisequalityDispersion.Machine.mov D Q) [D] 1 Pre fun m m' =>
        m' D = m Q ∧ m' DisequalityDispersion.Machine.HP = m DisequalityDispersion.Machine.HP
@DisequalityDispersion.Machine.SafeVars.append : ∀ {V₁ V₂ : List ℕ},
  DisequalityDispersion.Machine.SafeVars V₁ →
    DisequalityDispersion.Machine.SafeVars V₂ → DisequalityDispersion.Machine.SafeVars (V₁ ++ V₂)
@DisequalityDispersion.Machine.SafeVars.cons : ∀ {x : ℕ} {V : List ℕ},
  5 ≤ x ∧ x < DisequalityDispersion.Machine.IN ∧ x ∉ DisequalityDispersion.Machine.instVars →
    DisequalityDispersion.Machine.SafeVars V → DisequalityDispersion.Machine.SafeVars (x :: V)
DisequalityDispersion.Machine.safeVars_of_decide : ∀ (V : List ℕ),
  (V.all fun x => decide (5 ≤ x ∧ x < DisequalityDispersion.Machine.IN ∧ x ∉ DisequalityDispersion.Machine.instVars)) =
      true →
    DisequalityDispersion.Machine.SafeVars V
DisequalityDispersion.Machine.safeVars_Lvars : ∀ L ≤ 9,
  DisequalityDispersion.Machine.SafeVars (DisequalityDispersion.Machine.Lvars L)
DisequalityDispersion.Machine.safeVars_LvarsX : ∀ L ≤ 9,
  DisequalityDispersion.Machine.SafeVars (DisequalityDispersion.Machine.LvarsX L)
DisequalityDispersion.Machine.safeVars_memPairV : ∀ (L : ℕ),
  L + 1 ≤ 9 → DisequalityDispersion.Machine.SafeVars (DisequalityDispersion.Machine.memPairV L)
DisequalityDispersion.Machine.safeVars_rangeV : ∀ (L : ℕ),
  L + 1 ≤ 9 → DisequalityDispersion.Machine.SafeVars (DisequalityDispersion.Machine.rangeV L)
DisequalityDispersion.Machine.safeVars_FLAG : 5 ≤ DisequalityDispersion.Machine.FLAG ∧
  DisequalityDispersion.Machine.FLAG < DisequalityDispersion.Machine.IN ∧
    DisequalityDispersion.Machine.FLAG ∉ DisequalityDispersion.Machine.instVars
DisequalityDispersion.Machine.safeVars_G : ∀ i < 60,
  5 ≤ DisequalityDispersion.Machine.G_ i ∧
    DisequalityDispersion.Machine.G_ i < DisequalityDispersion.Machine.IN ∧
      DisequalityDispersion.Machine.G_ i ∉ DisequalityDispersion.Machine.instVars
@DisequalityDispersion.Machine.InstCtx.of_agree : ∀ {k : ℕ} {g : DisequalityDispersion.Encoded.GInstance}
  {m m' : DisequalityDispersion.Machine.Mem},
  DisequalityDispersion.Machine.InstCtx k g m →
    ∀ {V : List ℕ},
      DisequalityDispersion.Machine.Agree m m' V →
        DisequalityDispersion.Machine.SafeVars V → DisequalityDispersion.Machine.InstCtx k g m'
@DisequalityDispersion.Machine.InstCtx.stableP : ∀ {k : ℕ} {g : DisequalityDispersion.Encoded.GInstance} {V : List ℕ},
  DisequalityDispersion.Machine.SafeVars V →
    DisequalityDispersion.Machine.StableP (DisequalityDispersion.Machine.InstCtx k g) V
DisequalityDispersion.Machine.fieldM_exec : ∀ (Q D off : ℕ) (m : DisequalityDispersion.Machine.Mem),
  D ≠ Q → m Q + off ≠ D → (DisequalityDispersion.Machine.fieldM Q D off).Exec m (m.write D (m (m Q + off))) 3
@DisequalityDispersion.Machine.ne_of_ge_200 : ∀ {a c : ℕ}, 200 ≤ a → c < 200 → a ≠ c
DisequalityDispersion.Machine.loadInstM_spec : ∀ (k : ℕ) (g : DisequalityDispersion.Encoded.GInstance)
  (m : DisequalityDispersion.Machine.Mem),
  DisequalityDispersion.Machine.Ctx m →
    DisequalityDispersion.Machine.RepKG m DisequalityDispersion.Machine.IN (m DisequalityDispersion.Machine.HP)
        (m DisequalityDispersion.Machine.VAL) (k, g) →
      ∃ m',
        DisequalityDispersion.Machine.loadInstM.Exec m m' 42 ∧
          DisequalityDispersion.Machine.Agree m m' DisequalityDispersion.Machine.loadVars ∧
            DisequalityDispersion.Machine.InstCtx k g m'
@DisequalityDispersion.Machine.InstCtx.arr_srcs : ∀ {k : ℕ} {g : DisequalityDispersion.Encoded.GInstance}
  {m : DisequalityDispersion.Machine.Mem},
  DisequalityDispersion.Machine.InstCtx k g m →
    DisequalityDispersion.Machine.IN ≤ m DisequalityDispersion.Machine.SRCS ∧
      m DisequalityDispersion.Machine.SRCS + 1 + m (m DisequalityDispersion.Machine.SRCS) ≤
          m DisequalityDispersion.Machine.HP ∧
        DisequalityDispersion.Machine.arrAt m (m DisequalityDispersion.Machine.SRCS) = g.base.sources
@DisequalityDispersion.Machine.InstCtx.arr_outs : ∀ {k : ℕ} {g : DisequalityDispersion.Encoded.GInstance}
  {m : DisequalityDispersion.Machine.Mem},
  DisequalityDispersion.Machine.InstCtx k g m →
    DisequalityDispersion.Machine.IN ≤ m DisequalityDispersion.Machine.OUTS ∧
      m DisequalityDispersion.Machine.OUTS + 1 + m (m DisequalityDispersion.Machine.OUTS) ≤
          m DisequalityDispersion.Machine.HP ∧
        DisequalityDispersion.Machine.arrAt m (m DisequalityDispersion.Machine.OUTS) = g.outs
@DisequalityDispersion.Machine.InstCtx.arr_syms : ∀ {k : ℕ} {g : DisequalityDispersion.Encoded.GInstance}
  {m : DisequalityDispersion.Machine.Mem},
  DisequalityDispersion.Machine.InstCtx k g m →
    DisequalityDispersion.Machine.IN ≤ m DisequalityDispersion.Machine.SYMS ∧
      m DisequalityDispersion.Machine.SYMS + 1 + m (m DisequalityDispersion.Machine.SYMS) ≤
          m DisequalityDispersion.Machine.HP ∧
        (DisequalityDispersion.Machine.arrAt m (m DisequalityDispersion.Machine.SYMS)).length = g.base.symbols.length ∧
          ∀ (i : ℕ) (hi : i < g.base.symbols.length),
            DisequalityDispersion.Machine.IN ≤ m (m DisequalityDispersion.Machine.SYMS + 1 + i) ∧
              m (m DisequalityDispersion.Machine.SYMS + 1 + i) + 2 ≤ m DisequalityDispersion.Machine.HP ∧
                m (m (m DisequalityDispersion.Machine.SYMS + 1 + i)) = g.base.symbols[i].1 ∧
                  m (m (m DisequalityDispersion.Machine.SYMS + 1 + i) + 1) = g.base.symbols[i].2
@DisequalityDispersion.Machine.InstCtx.arr_tests : ∀ {k : ℕ} {g : DisequalityDispersion.Encoded.GInstance}
  {m : DisequalityDispersion.Machine.Mem},
  DisequalityDispersion.Machine.InstCtx k g m →
    DisequalityDispersion.Machine.IN ≤ m DisequalityDispersion.Machine.TESTS ∧
      m DisequalityDispersion.Machine.TESTS + 1 + m (m DisequalityDispersion.Machine.TESTS) ≤
          m DisequalityDispersion.Machine.HP ∧
        (DisequalityDispersion.Machine.arrAt m (m DisequalityDispersion.Machine.TESTS)).length = g.base.tests.length ∧
          ∀ (i : ℕ) (hi : i < g.base.tests.length),
            DisequalityDispersion.Machine.IN ≤ m (m DisequalityDispersion.Machine.TESTS + 1 + i) ∧
              m (m DisequalityDispersion.Machine.TESTS + 1 + i) + 2 ≤ m DisequalityDispersion.Machine.HP ∧
                m (m (m DisequalityDispersion.Machine.TESTS + 1 + i)) = g.base.tests[i].1 ∧
                  m (m (m DisequalityDispersion.Machine.TESTS + 1 + i) + 1) = g.base.tests[i].2
@DisequalityDispersion.Machine.InstCtx.arr_nodes : ∀ {k : ℕ} {g : DisequalityDispersion.Encoded.GInstance}
  {m : DisequalityDispersion.Machine.Mem},
  DisequalityDispersion.Machine.InstCtx k g m →
    DisequalityDispersion.Machine.IN ≤ m DisequalityDispersion.Machine.NODES ∧
      m DisequalityDispersion.Machine.NODES + 1 + m (m DisequalityDispersion.Machine.NODES) ≤
          m DisequalityDispersion.Machine.HP ∧
        (DisequalityDispersion.Machine.arrAt m (m DisequalityDispersion.Machine.NODES)).length = g.base.nodes.length ∧
          ∀ (i : ℕ) (hi : i < g.base.nodes.length),
            DisequalityDispersion.Machine.IN ≤ m (m DisequalityDispersion.Machine.NODES + 1 + i) ∧
              DisequalityDispersion.Machine.RepNode m DisequalityDispersion.Machine.IN
                (m DisequalityDispersion.Machine.HP) (m (m DisequalityDispersion.Machine.NODES + 1 + i)) g.base.nodes[i]
DisequalityDispersion.Machine.decide_two_le : ∀ (a : ℕ), decide (2 ≤ a) = decide (1 < a)
DisequalityDispersion.Machine.k2Test_spec : ∀ (k : ℕ) (g : DisequalityDispersion.Encoded.GInstance),
  DisequalityDispersion.Machine.TestSpec
    (DisequalityDispersion.Machine.ltTest DisequalityDispersion.Machine.ONE DisequalityDispersion.Machine.KK)
    [DisequalityDispersion.Machine.FLAG] 3 (DisequalityDispersion.Machine.InstCtx k g) fun x => decide (2 ≤ g.base.k)
DisequalityDispersion.Machine.xkTest_spec : ∀ (k : ℕ) (g : DisequalityDispersion.Encoded.GInstance),
  DisequalityDispersion.Machine.TestSpec
    (DisequalityDispersion.Machine.ltTest DisequalityDispersion.Machine.XV DisequalityDispersion.Machine.KK)
    [DisequalityDispersion.Machine.FLAG] 3 (DisequalityDispersion.Machine.InstCtx k g) fun x =>
    decide (g.base.x < g.base.k)
DisequalityDispersion.Machine.ykTest_spec : ∀ (k : ℕ) (g : DisequalityDispersion.Encoded.GInstance),
  DisequalityDispersion.Machine.TestSpec
    (DisequalityDispersion.Machine.ltTest DisequalityDispersion.Machine.YV DisequalityDispersion.Machine.KK)
    [DisequalityDispersion.Machine.FLAG] 3 (DisequalityDispersion.Machine.InstCtx k g) fun x =>
    decide (g.base.y < g.base.k)
DisequalityDispersion.Machine.xyTest_spec : ∀ (k : ℕ) (g : DisequalityDispersion.Encoded.GInstance),
  DisequalityDispersion.Machine.TestSpec
    (DisequalityDispersion.Machine.notM
      (DisequalityDispersion.Machine.eqTest DisequalityDispersion.Machine.XV DisequalityDispersion.Machine.YV))
    [DisequalityDispersion.Machine.FLAG, DisequalityDispersion.Machine.FLAG] 4
    (DisequalityDispersion.Machine.InstCtx k g) fun x => decide (g.base.x ≠ g.base.y)
DisequalityDispersion.Machine.tnTest_spec : ∀ (k : ℕ) (g : DisequalityDispersion.Encoded.GInstance),
  DisequalityDispersion.Machine.TestSpec
    (DisequalityDispersion.Machine.ltTest DisequalityDispersion.Machine.TV DisequalityDispersion.Machine.NN)
    [DisequalityDispersion.Machine.FLAG] 3 (DisequalityDispersion.Machine.InstCtx k g) fun x =>
    decide (g.base.t < g.base.nodes.length)
DisequalityDispersion.Machine.nodup_eq_scan : ∀ (l : List ℕ),
  decide l.Nodup =
    !(List.range l.length).any fun i =>
        (List.range l.length).any fun j => decide (j < i) && decide (l.getD i 0 = l.getD j 0)
DisequalityDispersion.Machine.dupSrcTest_spec : ∀ (k : ℕ) (g : DisequalityDispersion.Encoded.GInstance),
  DisequalityDispersion.Machine.TestSpec DisequalityDispersion.Machine.dupSrcTest
    ([DisequalityDispersion.Machine.FLAG] ++
      ([DisequalityDispersion.Machine.G_ 1] ++
        ([DisequalityDispersion.Machine.G_ 2] ++ [DisequalityDispersion.Machine.FLAG])))
    15
    (fun m =>
      (DisequalityDispersion.Machine.InstCtx k g m ∧
          m (DisequalityDispersion.Machine.X_ 0) < m DisequalityDispersion.Machine.KK) ∧
        m (DisequalityDispersion.Machine.X_ 1) < m DisequalityDispersion.Machine.KK)
    fun m =>
    decide (m (DisequalityDispersion.Machine.X_ 1) < m (DisequalityDispersion.Machine.X_ 0)) &&
      decide
        (g.base.sources.getD (m (DisequalityDispersion.Machine.X_ 0)) 0 =
          g.base.sources.getD (m (DisequalityDispersion.Machine.X_ 1)) 0)
DisequalityDispersion.Machine.dupV_safe : DisequalityDispersion.Machine.SafeVars DisequalityDispersion.Machine.dupV
DisequalityDispersion.Machine.instX_stable : ∀ (k : ℕ) (g : DisequalityDispersion.Encoded.GInstance) (X N : ℕ),
  X < DisequalityDispersion.Machine.IN →
    X ≠ DisequalityDispersion.Machine.HP →
      N ∈ DisequalityDispersion.Machine.instVars →
        ∀ {V : List ℕ},
          DisequalityDispersion.Machine.SafeVars V →
            X ∉ V →
              DisequalityDispersion.Machine.StableP (fun m => DisequalityDispersion.Machine.InstCtx k g m ∧ m X < m N) V
DisequalityDispersion.Machine.nodupSrcM_spec : ∀ (k : ℕ) (g : DisequalityDispersion.Encoded.GInstance) (n : ℕ),
  DisequalityDispersion.Machine.Sized n g →
    DisequalityDispersion.Machine.TestSpec DisequalityDispersion.Machine.nodupSrcM
      (DisequalityDispersion.Machine.FLAG ::
        (DisequalityDispersion.Machine.rangeV 0 ++
          DisequalityDispersion.Machine.FLAG ::
            (DisequalityDispersion.Machine.rangeV 1 ++
              DisequalityDispersion.Machine.FLAG :: DisequalityDispersion.Machine.dupV)))
      (n * (n * (15 + 11) + n * 6 + 20 + 11) + n * 6 + 20 + 1) (DisequalityDispersion.Machine.InstCtx k g) fun x =>
      decide g.base.sources.Nodup
@DisequalityDispersion.Machine.InstCtx.sym_fst : ∀ {k : ℕ} {g : DisequalityDispersion.Encoded.GInstance}
  {m : DisequalityDispersion.Machine.Mem},
  DisequalityDispersion.Machine.InstCtx k g m →
    ∀ i < g.base.symbols.length,
      m (m (m DisequalityDispersion.Machine.SYMS + 1 + i)) = (List.map Prod.fst g.base.symbols).getD i 0
DisequalityDispersion.Machine.dupSymTest_spec : ∀ (k : ℕ) (g : DisequalityDispersion.Encoded.GInstance),
  DisequalityDispersion.Machine.TestSpec DisequalityDispersion.Machine.dupSymTest
    ([DisequalityDispersion.Machine.FLAG] ++
      ([DisequalityDispersion.Machine.G_ 1] ++
        ([DisequalityDispersion.Machine.G_ 1] ++
          ([DisequalityDispersion.Machine.G_ 2] ++
            ([DisequalityDispersion.Machine.G_ 2] ++ [DisequalityDispersion.Machine.FLAG])))))
    17
    (fun m =>
      (DisequalityDispersion.Machine.InstCtx k g m ∧
          m (DisequalityDispersion.Machine.X_ 0) < m DisequalityDispersion.Machine.MM) ∧
        m (DisequalityDispersion.Machine.X_ 1) < m DisequalityDispersion.Machine.MM)
    fun m =>
    decide (m (DisequalityDispersion.Machine.X_ 1) < m (DisequalityDispersion.Machine.X_ 0)) &&
      decide
        ((List.map Prod.fst g.base.symbols).getD (m (DisequalityDispersion.Machine.X_ 0)) 0 =
          (List.map Prod.fst g.base.symbols).getD (m (DisequalityDispersion.Machine.X_ 1)) 0)
DisequalityDispersion.Machine.dupSymV_safe : DisequalityDispersion.Machine.SafeVars
  DisequalityDispersion.Machine.dupSymV
DisequalityDispersion.Machine.nodupSymM_spec : ∀ (k : ℕ) (g : DisequalityDispersion.Encoded.GInstance) (n : ℕ),
  DisequalityDispersion.Machine.Sized n g →
    DisequalityDispersion.Machine.TestSpec DisequalityDispersion.Machine.nodupSymM
      (DisequalityDispersion.Machine.FLAG ::
        (DisequalityDispersion.Machine.rangeV 0 ++
          DisequalityDispersion.Machine.FLAG ::
            (DisequalityDispersion.Machine.rangeV 1 ++
              DisequalityDispersion.Machine.FLAG :: DisequalityDispersion.Machine.dupSymV)))
      (n * (n * (17 + 11) + n * 6 + 20 + 11) + n * 6 + 20 + 1) (DisequalityDispersion.Machine.InstCtx k g) fun x =>
      decide (List.map Prod.fst g.base.symbols).Nodup
@DisequalityDispersion.Machine.InstCtx.pairs_tests : ∀ {k : ℕ} {g : DisequalityDispersion.Encoded.GInstance}
  {m : DisequalityDispersion.Machine.Mem},
  DisequalityDispersion.Machine.InstCtx k g m →
    DisequalityDispersion.Machine.pairsAt m (m DisequalityDispersion.Machine.TESTS) = g.base.tests
@DisequalityDispersion.Machine.InstCtx.tests_wf : ∀ {k : ℕ} {g : DisequalityDispersion.Encoded.GInstance}
  {m : DisequalityDispersion.Machine.Mem},
  DisequalityDispersion.Machine.InstCtx k g m →
    DisequalityDispersion.Machine.IN ≤ m DisequalityDispersion.Machine.TESTS ∧
      m DisequalityDispersion.Machine.TESTS + 1 + m (m DisequalityDispersion.Machine.TESTS) ≤
          m DisequalityDispersion.Machine.HP ∧
        DisequalityDispersion.Machine.RecsIn m (m DisequalityDispersion.Machine.TESTS) DisequalityDispersion.Machine.IN
          (m DisequalityDispersion.Machine.HP)
@DisequalityDispersion.Machine.InstCtx.test_rec : ∀ {k : ℕ} {g : DisequalityDispersion.Encoded.GInstance}
  {m : DisequalityDispersion.Machine.Mem},
  DisequalityDispersion.Machine.InstCtx k g m →
    ∀ q ∈ DisequalityDispersion.Machine.arrAt m (m DisequalityDispersion.Machine.TESTS),
      DisequalityDispersion.Machine.IN ≤ q ∧
        q + 2 ≤ m DisequalityDispersion.Machine.HP ∧ (m q, m (q + 1)) ∈ g.base.tests
DisequalityDispersion.Machine.testBoundsTest_spec : ∀ (k : ℕ) (g : DisequalityDispersion.Encoded.GInstance),
  DisequalityDispersion.Machine.TestSpec DisequalityDispersion.Machine.testBoundsTest
    ([DisequalityDispersion.Machine.G_ 1] ++
      ([DisequalityDispersion.Machine.G_ 2] ++
        ([DisequalityDispersion.Machine.FLAG] ++ [DisequalityDispersion.Machine.FLAG])))
    12
    (fun m =>
      DisequalityDispersion.Machine.InstCtx k g m ∧
        m (DisequalityDispersion.Machine.X_ 0) ∈
          DisequalityDispersion.Machine.arrAt m (m DisequalityDispersion.Machine.TESTS))
    fun m =>
    decide (m (m (DisequalityDispersion.Machine.X_ 0)) < g.base.nodes.length) &&
      decide (m (m (DisequalityDispersion.Machine.X_ 0) + 1) < g.base.nodes.length)
DisequalityDispersion.Machine.tbV_safe : DisequalityDispersion.Machine.SafeVars DisequalityDispersion.Machine.tbV
@DisequalityDispersion.Machine.all_congr_mem : ∀ {l : List ℕ} {p q : ℕ → Bool}, (∀ x ∈ l, p x = q x) → l.all p = l.all q
DisequalityDispersion.Machine.testsBoundsM_spec : ∀ (k : ℕ) (g : DisequalityDispersion.Encoded.GInstance) (n : ℕ),
  DisequalityDispersion.Machine.Sized n g →
    DisequalityDispersion.Machine.TestSpec DisequalityDispersion.Machine.testsBoundsM
      (DisequalityDispersion.Machine.FLAG ::
        (DisequalityDispersion.Machine.Lvars 0 ++
          DisequalityDispersion.Machine.FLAG ::
            DisequalityDispersion.Machine.FLAG :: DisequalityDispersion.Machine.tbV))
      (n * (12 + 12) + 11) (DisequalityDispersion.Machine.InstCtx k g) fun x =>
      g.base.tests.all fun ij => decide (ij.1 < g.base.nodes.length) && decide (ij.2 < g.base.nodes.length)
DisequalityDispersion.Machine.outsBoundsM_spec : ∀ (k : ℕ) (g : DisequalityDispersion.Encoded.GInstance) (n : ℕ),
  DisequalityDispersion.Machine.Sized n g →
    DisequalityDispersion.Machine.TestSpec DisequalityDispersion.Machine.outsBoundsM
      (DisequalityDispersion.Machine.FLAG ::
        (DisequalityDispersion.Machine.Lvars 0 ++
          [DisequalityDispersion.Machine.FLAG, DisequalityDispersion.Machine.FLAG, DisequalityDispersion.Machine.FLAG]))
      (n * (3 + 12) + 11) (DisequalityDispersion.Machine.InstCtx k g) fun x =>
      g.outs.all fun j => decide (j < g.base.nodes.length)
@DisequalityDispersion.Machine.TestSpec.ite' : ∀ {t₁ t₂ : DisequalityDispersion.Machine.Cmd} {V₁ V₂ : List ℕ}
  {B₁ B₂ : ℕ} {Pre : DisequalityDispersion.Machine.Mem → Prop} {P₁ P₂ : DisequalityDispersion.Machine.Mem → Bool}
  (a b : ℕ),
  DisequalityDispersion.Machine.TestSpec t₁ V₁ B₁ (fun m => Pre m ∧ m a = m b) P₁ →
    DisequalityDispersion.Machine.TestSpec t₂ V₂ B₂ (fun m => Pre m ∧ m a ≠ m b) P₂ →
      DisequalityDispersion.Machine.TestSpec
        (DisequalityDispersion.Machine.Cmd.ite (DisequalityDispersion.Machine.Cond.eq a b) t₁ t₂) (V₁ ++ V₂)
        (B₁ + B₂ + 2) Pre fun m => if m a = m b then P₁ m else P₂ m
@DisequalityDispersion.Machine.TestSpec.iteLt' : ∀ {t₁ t₂ : DisequalityDispersion.Machine.Cmd} {V₁ V₂ : List ℕ}
  {B₁ B₂ : ℕ} {Pre : DisequalityDispersion.Machine.Mem → Prop} {P₁ P₂ : DisequalityDispersion.Machine.Mem → Bool}
  (a b : ℕ),
  DisequalityDispersion.Machine.TestSpec t₁ V₁ B₁ (fun m => Pre m ∧ m a < m b) P₁ →
    DisequalityDispersion.Machine.TestSpec t₂ V₂ B₂ (fun m => Pre m ∧ ¬m a < m b) P₂ →
      DisequalityDispersion.Machine.TestSpec
        (DisequalityDispersion.Machine.Cmd.ite (DisequalityDispersion.Machine.Cond.lt a b) t₁ t₂) (V₁ ++ V₂)
        (B₁ + B₂ + 2) Pre fun m => if m a < m b then P₁ m else P₂ m
@DisequalityDispersion.Machine.InstCtx.node_rec : ∀ {k : ℕ} {g : DisequalityDispersion.Encoded.GInstance}
  {m : DisequalityDispersion.Machine.Mem},
  DisequalityDispersion.Machine.InstCtx k g m →
    ∀ (i : ℕ) (hi : i < g.base.nodes.length),
      DisequalityDispersion.Machine.IN ≤ m DisequalityDispersion.Machine.NODES + 1 + i ∧
        m DisequalityDispersion.Machine.NODES + 1 + i < m DisequalityDispersion.Machine.HP ∧
          DisequalityDispersion.Machine.IN ≤ m (m DisequalityDispersion.Machine.NODES + 1 + i) ∧
            DisequalityDispersion.Machine.RepNode m DisequalityDispersion.Machine.IN
              (m DisequalityDispersion.Machine.HP) (m (m DisequalityDispersion.Machine.NODES + 1 + i)) g.base.nodes[i]
@DisequalityDispersion.Machine.InstCtx.nn_eq : ∀ {k : ℕ} {g : DisequalityDispersion.Encoded.GInstance}
  {m : DisequalityDispersion.Machine.Mem},
  DisequalityDispersion.Machine.InstCtx k g m → m (m DisequalityDispersion.Machine.NODES) = g.base.nodes.length
@DisequalityDispersion.Machine.repNode_src_iff : ∀ {m : DisequalityDispersion.Machine.Mem} {lo hi p : ℕ}
  {nd : DisequalityDispersion.Encoded.Node},
  DisequalityDispersion.Machine.RepNode m lo hi p nd →
    ∀ (x : ℕ),
      decide (nd = DisequalityDispersion.Encoded.Node.src x) = if m p = 0 then decide (m (p + 1) = x) else false
@DisequalityDispersion.Machine.ne_inst : ∀ {v x : ℕ},
  v ∉ DisequalityDispersion.Machine.instVars → x ∈ DisequalityDispersion.Machine.instVars → v ≠ x
@DisequalityDispersion.Machine.ne_inst' : ∀ {v x : ℕ},
  v ∉ DisequalityDispersion.Machine.instVars → x ∈ DisequalityDispersion.Machine.instVars → x ≠ v
@DisequalityDispersion.Machine.ne_lo : ∀ {v c : ℕ}, 5 ≤ v → c < 5 → c ≠ v
@DisequalityDispersion.Machine.ne_lo' : ∀ {v c : ℕ}, 5 ≤ v → c < 5 → v ≠ c
@DisequalityDispersion.Machine.lt_hp : ∀ {m : DisequalityDispersion.Machine.Mem} {x : ℕ},
  200 ≤ m DisequalityDispersion.Machine.HP → x < 200 → x < m DisequalityDispersion.Machine.HP
@DisequalityDispersion.Machine.repNode_size : ∀ {m : DisequalityDispersion.Machine.Mem} {lo hi p : ℕ}
  {nd : DisequalityDispersion.Encoded.Node}, DisequalityDispersion.Machine.RepNode m lo hi p nd → p + 2 ≤ hi
DisequalityDispersion.Machine.isSrcTest_spec : ∀ (k : ℕ) (g : DisequalityDispersion.Encoded.GInstance) (I XY P T : ℕ),
  5 ≤ P ∧ P < DisequalityDispersion.Machine.IN ∧ P ∉ DisequalityDispersion.Machine.instVars →
    5 ≤ T ∧ T < DisequalityDispersion.Machine.IN ∧ T ∉ DisequalityDispersion.Machine.instVars →
      P ≠ T →
        5 ≤ I ∧ I < DisequalityDispersion.Machine.IN ∧ I ≠ P ∧ I ≠ T ∧ I ≠ DisequalityDispersion.Machine.FLAG →
          5 ≤ XY ∧ XY < DisequalityDispersion.Machine.IN ∧ XY ≠ P ∧ XY ≠ T ∧ XY ≠ DisequalityDispersion.Machine.FLAG →
            P ≠ DisequalityDispersion.Machine.FLAG →
              T ≠ DisequalityDispersion.Machine.FLAG →
                DisequalityDispersion.Machine.TestSpec (DisequalityDispersion.Machine.isSrcTest I XY P T)
                  [P, T, DisequalityDispersion.Machine.FLAG] 15 (DisequalityDispersion.Machine.InstCtx k g) fun m =>
                  decide
                    (g.base.nodes.getD (m I) (DisequalityDispersion.Encoded.Node.app 0 []) =
                      DisequalityDispersion.Encoded.Node.src (m XY))
DisequalityDispersion.Machine.testPre_stable : ∀ (k : ℕ) (g : DisequalityDispersion.Encoded.GInstance) {V : List ℕ},
  DisequalityDispersion.Machine.SafeVars V →
    DisequalityDispersion.Machine.X_ 0 ∉ V →
      ∀ {m m₁ : DisequalityDispersion.Machine.Mem},
        DisequalityDispersion.Machine.Agree m m₁ V →
          DisequalityDispersion.Machine.InstCtx k g m ∧
              m (DisequalityDispersion.Machine.X_ 0) ∈
                DisequalityDispersion.Machine.arrAt m (m DisequalityDispersion.Machine.TESTS) →
            (DisequalityDispersion.Machine.InstCtx k g m₁ ∧
                m₁ (DisequalityDispersion.Machine.X_ 0) ∈
                  DisequalityDispersion.Machine.arrAt m₁ (m₁ DisequalityDispersion.Machine.TESTS)) ∧
              m₁ (DisequalityDispersion.Machine.X_ 0) = m (DisequalityDispersion.Machine.X_ 0) ∧
                m₁ (m (DisequalityDispersion.Machine.X_ 0)) = m (m (DisequalityDispersion.Machine.X_ 0)) ∧
                  m₁ (m (DisequalityDispersion.Machine.X_ 0) + 1) = m (m (DisequalityDispersion.Machine.X_ 0) + 1)
DisequalityDispersion.Machine.gtV_safe : DisequalityDispersion.Machine.SafeVars DisequalityDispersion.Machine.gtV
DisequalityDispersion.Machine.guardTest_spec : ∀ (k : ℕ) (g : DisequalityDispersion.Encoded.GInstance),
  DisequalityDispersion.Machine.TestSpec DisequalityDispersion.Machine.guardTest DisequalityDispersion.Machine.gtV 36
    (fun m =>
      DisequalityDispersion.Machine.InstCtx k g m ∧
        m (DisequalityDispersion.Machine.X_ 0) ∈
          DisequalityDispersion.Machine.arrAt m (m DisequalityDispersion.Machine.TESTS))
    fun m =>
    decide
        (g.base.nodes.getD (m (m (DisequalityDispersion.Machine.X_ 0))) (DisequalityDispersion.Encoded.Node.app 0 []) =
          DisequalityDispersion.Encoded.Node.src g.base.x) &&
      decide
        (g.base.nodes.getD (m (m (DisequalityDispersion.Machine.X_ 0) + 1))
            (DisequalityDispersion.Encoded.Node.app 0 []) =
          DisequalityDispersion.Encoded.Node.src g.base.y)
DisequalityDispersion.Machine.guardOkM_spec : ∀ (k : ℕ) (g : DisequalityDispersion.Encoded.GInstance) (n : ℕ),
  DisequalityDispersion.Machine.Sized n g →
    DisequalityDispersion.Machine.TestSpec DisequalityDispersion.Machine.guardOkM
      (DisequalityDispersion.Machine.Lvars 0 ++ DisequalityDispersion.Machine.FLAG :: DisequalityDispersion.Machine.gtV)
      (n * (36 + 11) + 10) (DisequalityDispersion.Machine.InstCtx k g) fun x => g.base.guardOk
@DisequalityDispersion.Machine.repNode_cases : ∀ {m : DisequalityDispersion.Machine.Mem} {lo hi p : ℕ}
  {nd : DisequalityDispersion.Encoded.Node},
  DisequalityDispersion.Machine.RepNode m lo hi p nd →
    (m p = 0 ∧ ∃ i, nd = DisequalityDispersion.Encoded.Node.src i ∧ m (p + 1) = i) ∨
      m p = 1 ∧
        ∃ f args,
          nd = DisequalityDispersion.Encoded.Node.app f args ∧
            m (p + 1) = f ∧ DisequalityDispersion.Machine.RepArr m lo hi (m (p + 2)) args
@DisequalityDispersion.Machine.repArr_arrAt : ∀ {m : DisequalityDispersion.Machine.Mem} {lo hi v : ℕ} {l : List ℕ},
  DisequalityDispersion.Machine.RepArr m lo hi v l → DisequalityDispersion.Machine.arrAt m v = l
DisequalityDispersion.Machine.nodeOk_eq : ∀ (γ : DisequalityDispersion.Encoded.Instance) (j : ℕ)
  {m : DisequalityDispersion.Machine.Mem} {lo hi p : ℕ} {nd : DisequalityDispersion.Encoded.Node},
  DisequalityDispersion.Machine.RepNode m lo hi p nd →
    γ.nodeOk j nd =
      if m p = 0 then decide (m (p + 1) < γ.k)
      else
        decide (m (p + 1) < γ.m) && decide (m (m (p + 2)) = γ.arityOf (m (p + 1))) &&
          (DisequalityDispersion.Machine.arrAt m (m (p + 2))).all fun a => decide (a < j)
@DisequalityDispersion.Machine.InstCtx.node_at : ∀ {k : ℕ} {g : DisequalityDispersion.Encoded.GInstance}
  {m : DisequalityDispersion.Machine.Mem},
  DisequalityDispersion.Machine.InstCtx k g m →
    m (DisequalityDispersion.Machine.X_ 0) < m DisequalityDispersion.Machine.NN →
      DisequalityDispersion.Machine.IN ≤
          m DisequalityDispersion.Machine.NODES + 1 + m (DisequalityDispersion.Machine.X_ 0) ∧
        m DisequalityDispersion.Machine.NODES + 1 + m (DisequalityDispersion.Machine.X_ 0) <
            m DisequalityDispersion.Machine.HP ∧
          DisequalityDispersion.Machine.IN ≤
              m (m DisequalityDispersion.Machine.NODES + 1 + m (DisequalityDispersion.Machine.X_ 0)) ∧
            m (m DisequalityDispersion.Machine.NODES + 1 + m (DisequalityDispersion.Machine.X_ 0)) + 2 ≤
                m DisequalityDispersion.Machine.HP ∧
              DisequalityDispersion.Machine.RepNode m DisequalityDispersion.Machine.IN
                (m DisequalityDispersion.Machine.HP)
                (m (m DisequalityDispersion.Machine.NODES + 1 + m (DisequalityDispersion.Machine.X_ 0)))
                (g.base.nodes.getD (m (DisequalityDispersion.Machine.X_ 0)) (DisequalityDispersion.Encoded.Node.src 0))
@DisequalityDispersion.Machine.InstCtx.sym_rec : ∀ {k : ℕ} {g : DisequalityDispersion.Encoded.GInstance}
  {m : DisequalityDispersion.Machine.Mem},
  DisequalityDispersion.Machine.InstCtx k g m →
    ∀ f < m DisequalityDispersion.Machine.MM,
      DisequalityDispersion.Machine.IN ≤ m DisequalityDispersion.Machine.SYMS + 1 + f ∧
        m DisequalityDispersion.Machine.SYMS + 1 + f < m DisequalityDispersion.Machine.HP ∧
          DisequalityDispersion.Machine.IN ≤ m (m DisequalityDispersion.Machine.SYMS + 1 + f) ∧
            m (m DisequalityDispersion.Machine.SYMS + 1 + f) + 2 ≤ m DisequalityDispersion.Machine.HP ∧
              m (m (m DisequalityDispersion.Machine.SYMS + 1 + f) + 1) = g.base.arityOf f
DisequalityDispersion.Machine.arityTest_spec : ∀ (k : ℕ) (g : DisequalityDispersion.Encoded.GInstance),
  DisequalityDispersion.Machine.TestSpec DisequalityDispersion.Machine.arityTest
    [DisequalityDispersion.Machine.G_ 5, DisequalityDispersion.Machine.G_ 6, DisequalityDispersion.Machine.G_ 7,
      DisequalityDispersion.Machine.FLAG]
    15 (DisequalityDispersion.Machine.ArityPre k g) fun m =>
    decide (m (m (DisequalityDispersion.Machine.G_ 4)) = g.base.arityOf (m (DisequalityDispersion.Machine.G_ 3)))
DisequalityDispersion.Machine.argsTest_spec : ∀ (k : ℕ) (g : DisequalityDispersion.Encoded.GInstance) (n : ℕ),
  DisequalityDispersion.Machine.TestSpec DisequalityDispersion.Machine.argsTest
    (DisequalityDispersion.Machine.FLAG ::
      (DisequalityDispersion.Machine.Lvars 1 ++
        [DisequalityDispersion.Machine.FLAG, DisequalityDispersion.Machine.FLAG, DisequalityDispersion.Machine.FLAG]))
    (n * (3 + 12) + 11) (DisequalityDispersion.Machine.ArgsPre k g n) fun m =>
    (DisequalityDispersion.Machine.arrAt m (m (DisequalityDispersion.Machine.G_ 4))).all fun a =>
      decide (a < m (DisequalityDispersion.Machine.X_ 0))
DisequalityDispersion.Machine.nodePre_stable : ∀ (k : ℕ) (g : DisequalityDispersion.Encoded.GInstance) {V : List ℕ},
  DisequalityDispersion.Machine.SafeVars V →
    DisequalityDispersion.Machine.X_ 0 ∉ V →
      ∀ {m m₁ : DisequalityDispersion.Machine.Mem},
        DisequalityDispersion.Machine.Agree m m₁ V →
          DisequalityDispersion.Machine.InstCtx k g m ∧
              m (DisequalityDispersion.Machine.X_ 0) < m DisequalityDispersion.Machine.NN →
            (DisequalityDispersion.Machine.InstCtx k g m₁ ∧
                m₁ (DisequalityDispersion.Machine.X_ 0) < m₁ DisequalityDispersion.Machine.NN) ∧
              m₁ (DisequalityDispersion.Machine.X_ 0) = m (DisequalityDispersion.Machine.X_ 0) ∧
                m₁ DisequalityDispersion.Machine.NODES = m DisequalityDispersion.Machine.NODES ∧
                  ∀ (x : ℕ), DisequalityDispersion.Machine.IN ≤ x → x < m DisequalityDispersion.Machine.HP → m₁ x = m x
@DisequalityDispersion.Machine.InstCtx.app_at : ∀ {k : ℕ} {g : DisequalityDispersion.Encoded.GInstance}
  {m : DisequalityDispersion.Machine.Mem},
  DisequalityDispersion.Machine.InstCtx k g m →
    m (DisequalityDispersion.Machine.X_ 0) < m DisequalityDispersion.Machine.NN →
      m (m (m DisequalityDispersion.Machine.NODES + 1 + m (DisequalityDispersion.Machine.X_ 0))) ≠ 0 →
        ∃ f args,
          g.base.nodes.getD (m (DisequalityDispersion.Machine.X_ 0)) (DisequalityDispersion.Encoded.Node.src 0) =
              DisequalityDispersion.Encoded.Node.app f args ∧
            m (m (m DisequalityDispersion.Machine.NODES + 1 + m (DisequalityDispersion.Machine.X_ 0)) + 1) = f ∧
              DisequalityDispersion.Machine.RepArr m DisequalityDispersion.Machine.IN
                  (m DisequalityDispersion.Machine.HP)
                  (m (m (m DisequalityDispersion.Machine.NODES + 1 + m (DisequalityDispersion.Machine.X_ 0)) + 2))
                  args ∧
                m (m DisequalityDispersion.Machine.NODES + 1 + m (DisequalityDispersion.Machine.X_ 0)) + 3 ≤
                  m DisequalityDispersion.Machine.HP
@DisequalityDispersion.Machine.Sized.args_getD : ∀ {n : ℕ} {g : DisequalityDispersion.Encoded.GInstance},
  DisequalityDispersion.Machine.Sized n g →
    ∀ j < g.base.nodes.length,
      ∀ (f : ℕ) (args : List ℕ),
        g.base.nodes.getD j (DisequalityDispersion.Encoded.Node.src 0) = DisequalityDispersion.Encoded.Node.app f args →
          args.length ≤ n
DisequalityDispersion.Machine.ntV_safe : DisequalityDispersion.Machine.SafeVars DisequalityDispersion.Machine.ntV
@DisequalityDispersion.Machine.repArr_bounds : ∀ {m : DisequalityDispersion.Machine.Mem} {lo hi v : ℕ} {l : List ℕ},
  DisequalityDispersion.Machine.RepArr m lo hi v l → lo ≤ v ∧ v + 1 + m v ≤ hi
DisequalityDispersion.Machine.nodeTest_spec : ∀ (k : ℕ) (g : DisequalityDispersion.Encoded.GInstance) (n : ℕ),
  DisequalityDispersion.Machine.Sized n g →
    DisequalityDispersion.Machine.TestSpec DisequalityDispersion.Machine.nodeTest DisequalityDispersion.Machine.ntV
      (n * 15 + 51)
      (fun m =>
        DisequalityDispersion.Machine.InstCtx k g m ∧
          m (DisequalityDispersion.Machine.X_ 0) < m DisequalityDispersion.Machine.NN)
      fun m =>
      g.base.nodeOk (m (DisequalityDispersion.Machine.X_ 0))
        (g.base.nodes.getD (m (DisequalityDispersion.Machine.X_ 0)) (DisequalityDispersion.Encoded.Node.src 0))
DisequalityDispersion.Machine.nodesOkM_spec : ∀ (k : ℕ) (g : DisequalityDispersion.Encoded.GInstance) (n : ℕ),
  DisequalityDispersion.Machine.Sized n g →
    DisequalityDispersion.Machine.TestSpec DisequalityDispersion.Machine.nodesOkM
      (DisequalityDispersion.Machine.FLAG ::
        (DisequalityDispersion.Machine.rangeV 0 ++
          DisequalityDispersion.Machine.FLAG ::
            DisequalityDispersion.Machine.FLAG :: DisequalityDispersion.Machine.ntV))
      (n * (n * 15 + 51 + 12) + n * 6 + 21) (DisequalityDispersion.Machine.InstCtx k g) fun x => g.base.nodesOk
@DisequalityDispersion.Machine.andC_spec : ∀ {k : ℕ} {g : DisequalityDispersion.Encoded.GInstance}
  {t₁ t₂ : DisequalityDispersion.Machine.Cmd} {V₁ V₂ : List ℕ} {B₁ B₂ : ℕ} {b₁ b₂ : Bool},
  (DisequalityDispersion.Machine.TestSpec t₁ V₁ B₁ (DisequalityDispersion.Machine.InstCtx k g) fun x => b₁) →
    (DisequalityDispersion.Machine.TestSpec t₂ V₂ B₂ (DisequalityDispersion.Machine.InstCtx k g) fun x => b₂) →
      DisequalityDispersion.Machine.SafeVars V₁ →
        DisequalityDispersion.Machine.TestSpec (DisequalityDispersion.Machine.andM t₁ t₂) (V₁ ++ V₂) (B₁ + B₂ + 3)
          (DisequalityDispersion.Machine.InstCtx k g) fun x => b₁ && b₂
DisequalityDispersion.Machine.nodupSrcV_safe : DisequalityDispersion.Machine.SafeVars
  DisequalityDispersion.Machine.nodupSrcV
DisequalityDispersion.Machine.nodupSymV_safe : DisequalityDispersion.Machine.SafeVars
  DisequalityDispersion.Machine.nodupSymV
DisequalityDispersion.Machine.nodesOkV_safe : DisequalityDispersion.Machine.SafeVars
  DisequalityDispersion.Machine.nodesOkV
DisequalityDispersion.Machine.testsBoundsV_safe : DisequalityDispersion.Machine.SafeVars
  DisequalityDispersion.Machine.testsBoundsV
DisequalityDispersion.Machine.guardOkV_safe : DisequalityDispersion.Machine.SafeVars
  DisequalityDispersion.Machine.guardOkV
DisequalityDispersion.Machine.flagV_safe : DisequalityDispersion.Machine.SafeVars [DisequalityDispersion.Machine.FLAG]
DisequalityDispersion.Machine.flag2V_safe : DisequalityDispersion.Machine.SafeVars
  [DisequalityDispersion.Machine.FLAG, DisequalityDispersion.Machine.FLAG]
DisequalityDispersion.Machine.outsBoundsV_safe : DisequalityDispersion.Machine.SafeVars
  DisequalityDispersion.Machine.outsBoundsV
DisequalityDispersion.Machine.baseValidV_safe : DisequalityDispersion.Machine.SafeVars
  DisequalityDispersion.Machine.baseValidV
DisequalityDispersion.Machine.validV_safe : DisequalityDispersion.Machine.SafeVars DisequalityDispersion.Machine.validV
DisequalityDispersion.Machine.isValidM_spec : ∀ (k : ℕ) (g : DisequalityDispersion.Encoded.GInstance) (n : ℕ),
  DisequalityDispersion.Machine.Sized n g →
    DisequalityDispersion.Machine.TestSpec DisequalityDispersion.Machine.isValidM
      DisequalityDispersion.Machine.baseValidV (DisequalityDispersion.Machine.baseValidB n)
      (DisequalityDispersion.Machine.InstCtx k g) fun x => g.base.isValid
DisequalityDispersion.Machine.gValidM_spec : ∀ (k : ℕ) (g : DisequalityDispersion.Encoded.GInstance) (n : ℕ),
  DisequalityDispersion.Machine.Sized n g →
    DisequalityDispersion.Machine.TestSpec DisequalityDispersion.Machine.gValidM DisequalityDispersion.Machine.validV
      (DisequalityDispersion.Machine.validB n) (DisequalityDispersion.Machine.InstCtx k g) fun x => g.isValid
@DisequalityDispersion.Machine.buildM_spec : ∀ {body : DisequalityDispersion.Machine.Cmd} {V : List ℕ} {B : ℕ}
  {Pre : DisequalityDispersion.Machine.Mem → Prop} {F : List ℕ → ℕ → ℕ} (L N n : ℕ),
  (∀ (m : DisequalityDispersion.Machine.Mem) (j : ℕ),
      Pre m →
        m (DisequalityDispersion.Machine.I_ L) = j →
          j < m N →
            DisequalityDispersion.Machine.IN ≤ m (DisequalityDispersion.Machine.OUT_ L) →
              m (DisequalityDispersion.Machine.OUT_ L) + 1 + m N ≤ m DisequalityDispersion.Machine.HP →
                DisequalityDispersion.Machine.arrAt m (m (DisequalityDispersion.Machine.OUT_ L)) =
                    DisequalityDispersion.Encoded.buildList F j →
                  ∃ m' k,
                    body.Exec m m' k ∧
                      k ≤ B ∧
                        DisequalityDispersion.Machine.Agree m m' V ∧
                          m' DisequalityDispersion.Machine.VAL = F (DisequalityDispersion.Encoded.buildList F j) j) →
    L ≤ 9 →
      (∀ x ∈ V, 5 ≤ x ∧ x < DisequalityDispersion.Machine.IN) →
        5 ≤ N ∧ N < DisequalityDispersion.Machine.IN →
          N ∉ V →
            N ∉ DisequalityDispersion.Machine.Lvars L →
              (∀ x ∈ V,
                  x ≠ DisequalityDispersion.Machine.I_ L ∧
                    x ≠ DisequalityDispersion.Machine.CNT_ L ∧ x ≠ DisequalityDispersion.Machine.OUT_ L) →
                (∀ (m : DisequalityDispersion.Machine.Mem), Pre m → DisequalityDispersion.Machine.Ctx m) →
                  (∀ (m : DisequalityDispersion.Machine.Mem), Pre m → m N ≤ n) →
                    DisequalityDispersion.Machine.StableP Pre (DisequalityDispersion.Machine.Lvars L ++ V) →
                      DisequalityDispersion.Machine.RSpec (DisequalityDispersion.Machine.buildM L N body)
                        (DisequalityDispersion.Machine.Lvars L ++ V) (n * (B + 8) + 8) Pre fun m m' =>
                        m' (DisequalityDispersion.Machine.OUT_ L) = m DisequalityDispersion.Machine.HP ∧
                          DisequalityDispersion.Machine.arrAt m' (m DisequalityDispersion.Machine.HP) =
                              DisequalityDispersion.Encoded.buildList F (m N) ∧
                            m DisequalityDispersion.Machine.HP + 1 + m N ≤ m' DisequalityDispersion.Machine.HP
DisequalityDispersion.Machine.getDM_spec : ∀ (P A D : ℕ),
  5 ≤ D ∧ D < DisequalityDispersion.Machine.IN →
    D ≠ P →
      D ≠ A →
        ∀ (Pre : DisequalityDispersion.Machine.Mem → Prop),
          (∀ (m : DisequalityDispersion.Machine.Mem), Pre m → DisequalityDispersion.Machine.Ctx m) →
            (∀ (m : DisequalityDispersion.Machine.Mem), Pre m → DisequalityDispersion.Machine.IN ≤ m P) →
              DisequalityDispersion.Machine.RSpec (DisequalityDispersion.Machine.getDM P A D) [D] 6 Pre fun m m' =>
                m' D = (DisequalityDispersion.Machine.arrAt m (m P)).getD (m A) 0 ∧
                  m' DisequalityDispersion.Machine.HP = m DisequalityDispersion.Machine.HP
@DisequalityDispersion.Machine.firstIndexM_spec : ∀ {t : DisequalityDispersion.Machine.Cmd} {V : List ℕ} {B : ℕ}
  {Pre : DisequalityDispersion.Machine.Mem → Prop} {P : DisequalityDispersion.Machine.Mem → Bool} (L R CNT n : ℕ),
  L ≤ 9 →
    DisequalityDispersion.Machine.TestSpec t V B (fun m => Pre m ∧ m (DisequalityDispersion.Machine.X_ L) < m CNT) P →
      (∀ x ∈ V, 5 ≤ x ∧ x < DisequalityDispersion.Machine.IN) →
        5 ≤ R ∧ R < DisequalityDispersion.Machine.IN →
          R ∉ V →
            R ∉ DisequalityDispersion.Machine.Lvars L →
              R ≠ DisequalityDispersion.Machine.FLAG →
                R ≠ CNT →
                  5 ≤ CNT ∧ CNT < DisequalityDispersion.Machine.IN →
                    CNT ∉ V →
                      CNT ∉ DisequalityDispersion.Machine.Lvars L →
                        CNT ≠ DisequalityDispersion.Machine.FLAG →
                          (∀ x ∈ V,
                              x ≠ DisequalityDispersion.Machine.I_ L ∧
                                x ≠ DisequalityDispersion.Machine.CNT_ L ∧ x ≠ DisequalityDispersion.Machine.X_ L) →
                            (∀ (m : DisequalityDispersion.Machine.Mem), Pre m → DisequalityDispersion.Machine.Ctx m) →
                              (∀ (m : DisequalityDispersion.Machine.Mem), Pre m → m CNT ≤ n) →
                                DisequalityDispersion.Machine.StableP Pre (DisequalityDispersion.Machine.fiV L R V) →
                                  DisequalityDispersion.Machine.Stable
                                      (fun m => Pre m ∧ m (DisequalityDispersion.Machine.X_ L) < m CNT) P
                                      (R ::
                                        DisequalityDispersion.Machine.I_ L ::
                                          DisequalityDispersion.Machine.CNT_ L ::
                                            DisequalityDispersion.Machine.FLAG :: V) →
                                    DisequalityDispersion.Machine.RSpec
                                      (DisequalityDispersion.Machine.firstIndexM L R CNT t)
                                      (DisequalityDispersion.Machine.fiV L R V) (n * (B + 9) + 5) Pre fun m m' =>
                                      m' R =
                                        DisequalityDispersion.Encoded.Instance.firstIndex
                                          (fun i => P (m.write (DisequalityDispersion.Machine.X_ L) i)) (m CNT)
DisequalityDispersion.Machine.sigEq_cells : ∀ (ids : List ℕ) {m : DisequalityDispersion.Machine.Mem} {lo hi p₁ p₂ : ℕ}
  {nd₁ nd₂ : DisequalityDispersion.Encoded.Node},
  DisequalityDispersion.Machine.RepNode m lo hi p₁ nd₁ →
    DisequalityDispersion.Machine.RepNode m lo hi p₂ nd₂ →
      decide
          (DisequalityDispersion.Encoded.Instance.sigWith ids nd₁ =
            DisequalityDispersion.Encoded.Instance.sigWith ids nd₂) =
        if m p₁ = m p₂ then
          if m p₁ = 0 then decide (m (p₁ + 1) = m (p₂ + 1))
          else
            decide (m (p₁ + 1) = m (p₂ + 1)) && decide (m (m (p₁ + 2)) = m (m (p₂ + 2))) &&
              (List.range (m (m (p₁ + 2)))).all fun idx =>
                if idx < m (m (p₂ + 2)) then
                  decide (ids.getD (m (m (p₁ + 2) + 1 + idx)) 0 = ids.getD (m (m (p₂ + 2) + 1 + idx)) 0)
                else false
        else false
@DisequalityDispersion.Machine.ArgsPre2.stable : ∀ {n : ℕ} {V : List ℕ},
  (∀ x ∈ V, 5 ≤ x ∧ x < DisequalityDispersion.Machine.IN) →
    DisequalityDispersion.Machine.G_ 7 ∉ V →
      DisequalityDispersion.Machine.G_ 8 ∉ V →
        DisequalityDispersion.Machine.OUT_ 0 ∉ V →
          ∀ {m m₁ : DisequalityDispersion.Machine.Mem},
            DisequalityDispersion.Machine.Agree m m₁ V →
              DisequalityDispersion.Machine.ArgsPre2 n m →
                DisequalityDispersion.Machine.ArgsPre2 n m₁ ∧
                  m₁ (DisequalityDispersion.Machine.G_ 7) = m (DisequalityDispersion.Machine.G_ 7) ∧
                    m₁ (DisequalityDispersion.Machine.G_ 8) = m (DisequalityDispersion.Machine.G_ 8) ∧
                      m₁ (DisequalityDispersion.Machine.OUT_ 0) = m (DisequalityDispersion.Machine.OUT_ 0) ∧
                        ∀ (x : ℕ),
                          DisequalityDispersion.Machine.IN ≤ x → x < m DisequalityDispersion.Machine.HP → m₁ x = m x
DisequalityDispersion.Machine.idxTest_spec : ∀ (n : ℕ),
  DisequalityDispersion.Machine.TestSpec DisequalityDispersion.Machine.idxTest
    [DisequalityDispersion.Machine.G_ 11, DisequalityDispersion.Machine.G_ 12, DisequalityDispersion.Machine.G_ 13,
      DisequalityDispersion.Machine.G_ 14, DisequalityDispersion.Machine.FLAG]
    24
    (fun m =>
      DisequalityDispersion.Machine.IdxPre n m ∧
        m (DisequalityDispersion.Machine.X_ 2) < m (DisequalityDispersion.Machine.G_ 9))
    fun m =>
    if m (DisequalityDispersion.Machine.X_ 2) < m (m (DisequalityDispersion.Machine.G_ 8)) then
      decide
        ((DisequalityDispersion.Machine.arrAt m (m (DisequalityDispersion.Machine.OUT_ 0))).getD
            (m (m (DisequalityDispersion.Machine.G_ 7) + 1 + m (DisequalityDispersion.Machine.X_ 2))) 0 =
          (DisequalityDispersion.Machine.arrAt m (m (DisequalityDispersion.Machine.OUT_ 0))).getD
            (m (m (DisequalityDispersion.Machine.G_ 8) + 1 + m (DisequalityDispersion.Machine.X_ 2))) 0)
    else false
DisequalityDispersion.Machine.argsEqV_safe : DisequalityDispersion.Machine.SafeVars
  DisequalityDispersion.Machine.argsEqV
DisequalityDispersion.Machine.arrAt_write_lo : ∀ (m : DisequalityDispersion.Machine.Mem) (a x v : ℕ),
  x < DisequalityDispersion.Machine.IN →
    DisequalityDispersion.Machine.IN ≤ a →
      DisequalityDispersion.Machine.arrAt (m.write x v) a = DisequalityDispersion.Machine.arrAt m a
DisequalityDispersion.Machine.idxP_write : ∀ (m : DisequalityDispersion.Machine.Mem) (i : ℕ),
  DisequalityDispersion.Machine.IN ≤ m (DisequalityDispersion.Machine.G_ 7) →
    DisequalityDispersion.Machine.IN ≤ m (DisequalityDispersion.Machine.G_ 8) →
      DisequalityDispersion.Machine.IN ≤ m (DisequalityDispersion.Machine.OUT_ 0) →
        (if
              m.write (DisequalityDispersion.Machine.X_ 2) i (DisequalityDispersion.Machine.X_ 2) <
                m.write (DisequalityDispersion.Machine.X_ 2) i
                  (m.write (DisequalityDispersion.Machine.X_ 2) i (DisequalityDispersion.Machine.G_ 8)) then
            decide
              ((DisequalityDispersion.Machine.arrAt (m.write (DisequalityDispersion.Machine.X_ 2) i)
                      (m.write (DisequalityDispersion.Machine.X_ 2) i (DisequalityDispersion.Machine.OUT_ 0))).getD
                  (m.write (DisequalityDispersion.Machine.X_ 2) i
                    (m.write (DisequalityDispersion.Machine.X_ 2) i (DisequalityDispersion.Machine.G_ 7) + 1 +
                      m.write (DisequalityDispersion.Machine.X_ 2) i (DisequalityDispersion.Machine.X_ 2)))
                  0 =
                (DisequalityDispersion.Machine.arrAt (m.write (DisequalityDispersion.Machine.X_ 2) i)
                      (m.write (DisequalityDispersion.Machine.X_ 2) i (DisequalityDispersion.Machine.OUT_ 0))).getD
                  (m.write (DisequalityDispersion.Machine.X_ 2) i
                    (m.write (DisequalityDispersion.Machine.X_ 2) i (DisequalityDispersion.Machine.G_ 8) + 1 +
                      m.write (DisequalityDispersion.Machine.X_ 2) i (DisequalityDispersion.Machine.X_ 2)))
                  0)
          else false) =
          if i < m (m (DisequalityDispersion.Machine.G_ 8)) then
            decide
              ((DisequalityDispersion.Machine.arrAt m (m (DisequalityDispersion.Machine.OUT_ 0))).getD
                  (m (m (DisequalityDispersion.Machine.G_ 7) + 1 + i)) 0 =
                (DisequalityDispersion.Machine.arrAt m (m (DisequalityDispersion.Machine.OUT_ 0))).getD
                  (m (m (DisequalityDispersion.Machine.G_ 8) + 1 + i)) 0)
          else false
DisequalityDispersion.Machine.argsEqTest_spec : ∀ (n : ℕ),
  DisequalityDispersion.Machine.TestSpec DisequalityDispersion.Machine.argsEqTest DisequalityDispersion.Machine.argsEqV
    (n * (24 + 12) + n * 6 + 23) (DisequalityDispersion.Machine.ArgsPre2 n) fun m =>
    (List.range (m (m (DisequalityDispersion.Machine.G_ 7)))).all fun idx =>
      if idx < m (m (DisequalityDispersion.Machine.G_ 8)) then
        decide
          ((DisequalityDispersion.Machine.arrAt m (m (DisequalityDispersion.Machine.OUT_ 0))).getD
              (m (m (DisequalityDispersion.Machine.G_ 7) + 1 + idx)) 0 =
            (DisequalityDispersion.Machine.arrAt m (m (DisequalityDispersion.Machine.OUT_ 0))).getD
              (m (m (DisequalityDispersion.Machine.G_ 8) + 1 + idx)) 0)
      else false
DisequalityDispersion.Machine.SPre.stable : ∀ (k : ℕ) (g : DisequalityDispersion.Encoded.GInstance) {V : List ℕ},
  DisequalityDispersion.Machine.SafeVars V →
    DisequalityDispersion.Machine.I_ 0 ∉ V →
      DisequalityDispersion.Machine.OUT_ 0 ∉ V →
        DisequalityDispersion.Machine.X_ 1 ∉ V →
          ∀ {m m₁ : DisequalityDispersion.Machine.Mem},
            DisequalityDispersion.Machine.Agree m m₁ V →
              DisequalityDispersion.Machine.SPre k g m →
                DisequalityDispersion.Machine.SPre k g m₁ ∧
                  m₁ (DisequalityDispersion.Machine.I_ 0) = m (DisequalityDispersion.Machine.I_ 0) ∧
                    m₁ (DisequalityDispersion.Machine.OUT_ 0) = m (DisequalityDispersion.Machine.OUT_ 0) ∧
                      m₁ (DisequalityDispersion.Machine.X_ 1) = m (DisequalityDispersion.Machine.X_ 1) ∧
                        m₁ DisequalityDispersion.Machine.NODES = m DisequalityDispersion.Machine.NODES ∧
                          (∀ (x : ℕ),
                              DisequalityDispersion.Machine.IN ≤ x →
                                x < m DisequalityDispersion.Machine.HP → m₁ x = m x) ∧
                            DisequalityDispersion.Machine.arrAt m₁ (m (DisequalityDispersion.Machine.OUT_ 0)) =
                              DisequalityDispersion.Machine.arrAt m (m (DisequalityDispersion.Machine.OUT_ 0))
@DisequalityDispersion.Machine.SPre.nodes : ∀ {k : ℕ} {g : DisequalityDispersion.Encoded.GInstance}
  {m : DisequalityDispersion.Machine.Mem},
  DisequalityDispersion.Machine.SPre k g m →
    (DisequalityDispersion.Machine.IN ≤
          m DisequalityDispersion.Machine.NODES + 1 + m (DisequalityDispersion.Machine.X_ 1) ∧
        m DisequalityDispersion.Machine.NODES + 1 + m (DisequalityDispersion.Machine.X_ 1) <
            m DisequalityDispersion.Machine.HP ∧
          DisequalityDispersion.Machine.IN ≤
              m (m DisequalityDispersion.Machine.NODES + 1 + m (DisequalityDispersion.Machine.X_ 1)) ∧
            m (m DisequalityDispersion.Machine.NODES + 1 + m (DisequalityDispersion.Machine.X_ 1)) + 2 ≤
                m DisequalityDispersion.Machine.HP ∧
              DisequalityDispersion.Machine.RepNode m DisequalityDispersion.Machine.IN
                (m DisequalityDispersion.Machine.HP)
                (m (m DisequalityDispersion.Machine.NODES + 1 + m (DisequalityDispersion.Machine.X_ 1)))
                (g.base.nodes.getD (m (DisequalityDispersion.Machine.X_ 1))
                  (DisequalityDispersion.Encoded.Node.src 0))) ∧
      DisequalityDispersion.Machine.IN ≤
          m DisequalityDispersion.Machine.NODES + 1 + m (DisequalityDispersion.Machine.I_ 0) ∧
        m DisequalityDispersion.Machine.NODES + 1 + m (DisequalityDispersion.Machine.I_ 0) <
            m DisequalityDispersion.Machine.HP ∧
          DisequalityDispersion.Machine.IN ≤
              m (m DisequalityDispersion.Machine.NODES + 1 + m (DisequalityDispersion.Machine.I_ 0)) ∧
            m (m DisequalityDispersion.Machine.NODES + 1 + m (DisequalityDispersion.Machine.I_ 0)) + 2 ≤
                m DisequalityDispersion.Machine.HP ∧
              DisequalityDispersion.Machine.RepNode m DisequalityDispersion.Machine.IN
                (m DisequalityDispersion.Machine.HP)
                (m (m DisequalityDispersion.Machine.NODES + 1 + m (DisequalityDispersion.Machine.I_ 0)))
                (g.base.nodes.getD (m (DisequalityDispersion.Machine.I_ 0)) (DisequalityDispersion.Encoded.Node.src 0))
DisequalityDispersion.Machine.SPre4.stable : ∀ (k : ℕ) (g : DisequalityDispersion.Encoded.GInstance) {V : List ℕ},
  DisequalityDispersion.Machine.SafeVars V →
    DisequalityDispersion.Machine.I_ 0 ∉ V →
      DisequalityDispersion.Machine.OUT_ 0 ∉ V →
        DisequalityDispersion.Machine.X_ 1 ∉ V →
          DisequalityDispersion.Machine.G_ 1 ∉ V →
            DisequalityDispersion.Machine.G_ 2 ∉ V →
              DisequalityDispersion.Machine.G_ 3 ∉ V →
                DisequalityDispersion.Machine.G_ 4 ∉ V →
                  ∀ {m m₁ : DisequalityDispersion.Machine.Mem},
                    DisequalityDispersion.Machine.Agree m m₁ V →
                      DisequalityDispersion.Machine.SPre4 k g m →
                        DisequalityDispersion.Machine.SPre4 k g m₁ ∧
                          m₁ (DisequalityDispersion.Machine.G_ 1) = m (DisequalityDispersion.Machine.G_ 1) ∧
                            m₁ (DisequalityDispersion.Machine.G_ 2) = m (DisequalityDispersion.Machine.G_ 2) ∧
                              m₁ (DisequalityDispersion.Machine.G_ 3) = m (DisequalityDispersion.Machine.G_ 3) ∧
                                m₁ (DisequalityDispersion.Machine.G_ 4) = m (DisequalityDispersion.Machine.G_ 4) ∧
                                  m₁ (DisequalityDispersion.Machine.OUT_ 0) = m (DisequalityDispersion.Machine.OUT_ 0) ∧
                                    (∀ (x : ℕ),
                                        DisequalityDispersion.Machine.IN ≤ x →
                                          x < m DisequalityDispersion.Machine.HP → m₁ x = m x) ∧
                                      DisequalityDispersion.Machine.arrAt m₁
                                          (m (DisequalityDispersion.Machine.OUT_ 0)) =
                                        DisequalityDispersion.Machine.arrAt m (m (DisequalityDispersion.Machine.OUT_ 0))
@DisequalityDispersion.Machine.SPre4.recs : ∀ {k : ℕ} {g : DisequalityDispersion.Encoded.GInstance}
  {m : DisequalityDispersion.Machine.Mem},
  DisequalityDispersion.Machine.SPre4 k g m →
    DisequalityDispersion.Machine.IN ≤ m (DisequalityDispersion.Machine.G_ 1) ∧
      m (DisequalityDispersion.Machine.G_ 1) + 2 ≤ m DisequalityDispersion.Machine.HP ∧
        DisequalityDispersion.Machine.IN ≤ m (DisequalityDispersion.Machine.G_ 2) ∧
          m (DisequalityDispersion.Machine.G_ 2) + 2 ≤ m DisequalityDispersion.Machine.HP ∧
            DisequalityDispersion.Machine.RepNode m DisequalityDispersion.Machine.IN
                (m DisequalityDispersion.Machine.HP) (m (DisequalityDispersion.Machine.G_ 1))
                (g.base.nodes.getD (m (DisequalityDispersion.Machine.X_ 1))
                  (DisequalityDispersion.Encoded.Node.src 0)) ∧
              DisequalityDispersion.Machine.RepNode m DisequalityDispersion.Machine.IN
                (m DisequalityDispersion.Machine.HP) (m (DisequalityDispersion.Machine.G_ 2))
                (g.base.nodes.getD (m (DisequalityDispersion.Machine.I_ 0)) (DisequalityDispersion.Encoded.Node.src 0))
DisequalityDispersion.Machine.srcSigTest_spec : ∀ (k : ℕ) (g : DisequalityDispersion.Encoded.GInstance),
  DisequalityDispersion.Machine.TestSpec DisequalityDispersion.Machine.srcSigTest
    [DisequalityDispersion.Machine.G_ 5, DisequalityDispersion.Machine.G_ 6, DisequalityDispersion.Machine.FLAG] 7
    (fun m =>
      (DisequalityDispersion.Machine.SPre4 k g m ∧
          m (DisequalityDispersion.Machine.G_ 3) = m (DisequalityDispersion.Machine.G_ 4)) ∧
        m (DisequalityDispersion.Machine.G_ 3) = m DisequalityDispersion.Machine.ZERO)
    fun m => decide (m (m (DisequalityDispersion.Machine.G_ 1) + 1) = m (m (DisequalityDispersion.Machine.G_ 2) + 1))
@DisequalityDispersion.Machine.LenPre.stable : ∀ {V : List ℕ},
  (∀ x ∈ V, 5 ≤ x ∧ x < DisequalityDispersion.Machine.IN) →
    DisequalityDispersion.Machine.G_ 7 ∉ V →
      DisequalityDispersion.Machine.G_ 8 ∉ V →
        ∀ {m m₁ : DisequalityDispersion.Machine.Mem},
          DisequalityDispersion.Machine.Agree m m₁ V →
            DisequalityDispersion.Machine.LenPre m →
              DisequalityDispersion.Machine.LenPre m₁ ∧
                m₁ (DisequalityDispersion.Machine.G_ 7) = m (DisequalityDispersion.Machine.G_ 7) ∧
                  m₁ (DisequalityDispersion.Machine.G_ 8) = m (DisequalityDispersion.Machine.G_ 8) ∧
                    m₁ (m (DisequalityDispersion.Machine.G_ 7)) = m (m (DisequalityDispersion.Machine.G_ 7)) ∧
                      m₁ (m (DisequalityDispersion.Machine.G_ 8)) = m (m (DisequalityDispersion.Machine.G_ 8))
DisequalityDispersion.Machine.lenEqTest_spec : DisequalityDispersion.Machine.TestSpec
  DisequalityDispersion.Machine.lenEqTest
  [DisequalityDispersion.Machine.G_ 9, DisequalityDispersion.Machine.G_ 10, DisequalityDispersion.Machine.FLAG] 5
  DisequalityDispersion.Machine.LenPre fun m =>
  decide (m (m (DisequalityDispersion.Machine.G_ 7)) = m (m (DisequalityDispersion.Machine.G_ 8)))
@DisequalityDispersion.Machine.APre.ctx : ∀ {k : ℕ} {g : DisequalityDispersion.Encoded.GInstance}
  {m : DisequalityDispersion.Machine.Mem},
  DisequalityDispersion.Machine.APre k g m → DisequalityDispersion.Machine.Ctx m
@DisequalityDispersion.Machine.APre.inst : ∀ {k : ℕ} {g : DisequalityDispersion.Encoded.GInstance}
  {m : DisequalityDispersion.Machine.Mem},
  DisequalityDispersion.Machine.APre k g m → DisequalityDispersion.Machine.InstCtx k g m
DisequalityDispersion.Machine.APre.stable : ∀ (k : ℕ) (g : DisequalityDispersion.Encoded.GInstance) {V : List ℕ},
  DisequalityDispersion.Machine.SafeVars V →
    DisequalityDispersion.Machine.I_ 0 ∉ V →
      DisequalityDispersion.Machine.OUT_ 0 ∉ V →
        DisequalityDispersion.Machine.X_ 1 ∉ V →
          DisequalityDispersion.Machine.G_ 1 ∉ V →
            DisequalityDispersion.Machine.G_ 2 ∉ V →
              DisequalityDispersion.Machine.G_ 3 ∉ V →
                DisequalityDispersion.Machine.G_ 4 ∉ V →
                  ∀ {m m₁ : DisequalityDispersion.Machine.Mem},
                    DisequalityDispersion.Machine.Agree m m₁ V →
                      DisequalityDispersion.Machine.APre k g m →
                        DisequalityDispersion.Machine.APre k g m₁ ∧
                          m₁ (DisequalityDispersion.Machine.G_ 1) = m (DisequalityDispersion.Machine.G_ 1) ∧
                            m₁ (DisequalityDispersion.Machine.G_ 2) = m (DisequalityDispersion.Machine.G_ 2) ∧
                              m₁ (DisequalityDispersion.Machine.OUT_ 0) = m (DisequalityDispersion.Machine.OUT_ 0) ∧
                                (∀ (x : ℕ),
                                    DisequalityDispersion.Machine.IN ≤ x →
                                      x < m DisequalityDispersion.Machine.HP → m₁ x = m x) ∧
                                  DisequalityDispersion.Machine.arrAt m₁ (m (DisequalityDispersion.Machine.OUT_ 0)) =
                                    DisequalityDispersion.Machine.arrAt m (m (DisequalityDispersion.Machine.OUT_ 0))
@DisequalityDispersion.Machine.APre.apps : ∀ {k : ℕ} {g : DisequalityDispersion.Encoded.GInstance}
  {m : DisequalityDispersion.Machine.Mem},
  DisequalityDispersion.Machine.APre k g m →
    ∃ f₁ a₁ f₂ a₂,
      g.base.nodes.getD (m (DisequalityDispersion.Machine.X_ 1)) (DisequalityDispersion.Encoded.Node.src 0) =
          DisequalityDispersion.Encoded.Node.app f₁ a₁ ∧
        g.base.nodes.getD (m (DisequalityDispersion.Machine.I_ 0)) (DisequalityDispersion.Encoded.Node.src 0) =
            DisequalityDispersion.Encoded.Node.app f₂ a₂ ∧
          m (m (DisequalityDispersion.Machine.G_ 1) + 1) = f₁ ∧
            DisequalityDispersion.Machine.RepArr m DisequalityDispersion.Machine.IN (m DisequalityDispersion.Machine.HP)
                (m (m (DisequalityDispersion.Machine.G_ 1) + 2)) a₁ ∧
              m (DisequalityDispersion.Machine.G_ 1) + 3 ≤ m DisequalityDispersion.Machine.HP ∧
                m (m (DisequalityDispersion.Machine.G_ 2) + 1) = f₂ ∧
                  DisequalityDispersion.Machine.RepArr m DisequalityDispersion.Machine.IN
                      (m DisequalityDispersion.Machine.HP) (m (m (DisequalityDispersion.Machine.G_ 2) + 2)) a₂ ∧
                    m (DisequalityDispersion.Machine.G_ 2) + 3 ≤ m DisequalityDispersion.Machine.HP
@DisequalityDispersion.Machine.APre.bounds : ∀ {k : ℕ} {g : DisequalityDispersion.Encoded.GInstance}
  {m : DisequalityDispersion.Machine.Mem},
  DisequalityDispersion.Machine.APre k g m →
    DisequalityDispersion.Machine.IN ≤ m (DisequalityDispersion.Machine.G_ 1) ∧
      m (DisequalityDispersion.Machine.G_ 1) + 3 ≤ m DisequalityDispersion.Machine.HP ∧
        DisequalityDispersion.Machine.IN ≤ m (DisequalityDispersion.Machine.G_ 2) ∧
          m (DisequalityDispersion.Machine.G_ 2) + 3 ≤ m DisequalityDispersion.Machine.HP ∧
            DisequalityDispersion.Machine.IN ≤ m (m (DisequalityDispersion.Machine.G_ 1) + 2) ∧
              m (m (DisequalityDispersion.Machine.G_ 1) + 2) + 1 + m (m (m (DisequalityDispersion.Machine.G_ 1) + 2)) ≤
                  m DisequalityDispersion.Machine.HP ∧
                DisequalityDispersion.Machine.IN ≤ m (m (DisequalityDispersion.Machine.G_ 2) + 2) ∧
                  m (m (DisequalityDispersion.Machine.G_ 2) + 2) + 1 +
                      m (m (m (DisequalityDispersion.Machine.G_ 2) + 2)) ≤
                    m DisequalityDispersion.Machine.HP
@DisequalityDispersion.Machine.APre.len_le : ∀ {k : ℕ} {g : DisequalityDispersion.Encoded.GInstance} {n : ℕ},
  DisequalityDispersion.Machine.Sized n g →
    ∀ {m : DisequalityDispersion.Machine.Mem},
      DisequalityDispersion.Machine.APre k g m → m (m (m (DisequalityDispersion.Machine.G_ 1) + 2)) ≤ n
DisequalityDispersion.Machine.APre4.stable : ∀ (k : ℕ) (g : DisequalityDispersion.Encoded.GInstance) {V : List ℕ},
  DisequalityDispersion.Machine.SafeVars V →
    DisequalityDispersion.Machine.I_ 0 ∉ V →
      DisequalityDispersion.Machine.OUT_ 0 ∉ V →
        DisequalityDispersion.Machine.X_ 1 ∉ V →
          DisequalityDispersion.Machine.G_ 1 ∉ V →
            DisequalityDispersion.Machine.G_ 2 ∉ V →
              DisequalityDispersion.Machine.G_ 3 ∉ V →
                DisequalityDispersion.Machine.G_ 4 ∉ V →
                  DisequalityDispersion.Machine.G_ 5 ∉ V →
                    DisequalityDispersion.Machine.G_ 6 ∉ V →
                      DisequalityDispersion.Machine.G_ 7 ∉ V →
                        DisequalityDispersion.Machine.G_ 8 ∉ V →
                          ∀ {m m₁ : DisequalityDispersion.Machine.Mem},
                            DisequalityDispersion.Machine.Agree m m₁ V →
                              DisequalityDispersion.Machine.APre4 k g m →
                                DisequalityDispersion.Machine.APre4 k g m₁ ∧
                                  m₁ (DisequalityDispersion.Machine.G_ 1) = m (DisequalityDispersion.Machine.G_ 1) ∧
                                    m₁ (DisequalityDispersion.Machine.G_ 2) = m (DisequalityDispersion.Machine.G_ 2) ∧
                                      m₁ (DisequalityDispersion.Machine.G_ 5) = m (DisequalityDispersion.Machine.G_ 5) ∧
                                        m₁ (DisequalityDispersion.Machine.G_ 6) =
                                            m (DisequalityDispersion.Machine.G_ 6) ∧
                                          m₁ (DisequalityDispersion.Machine.G_ 7) =
                                              m (DisequalityDispersion.Machine.G_ 7) ∧
                                            m₁ (DisequalityDispersion.Machine.G_ 8) =
                                                m (DisequalityDispersion.Machine.G_ 8) ∧
                                              m₁ (DisequalityDispersion.Machine.OUT_ 0) =
                                                  m (DisequalityDispersion.Machine.OUT_ 0) ∧
                                                (∀ (x : ℕ),
                                                    DisequalityDispersion.Machine.IN ≤ x →
                                                      x < m DisequalityDispersion.Machine.HP → m₁ x = m x) ∧
                                                  DisequalityDispersion.Machine.arrAt m₁
                                                      (m (DisequalityDispersion.Machine.OUT_ 0)) =
                                                    DisequalityDispersion.Machine.arrAt m
                                                      (m (DisequalityDispersion.Machine.OUT_ 0))
@DisequalityDispersion.Machine.APre4.argsPre : ∀ {k : ℕ} {g : DisequalityDispersion.Encoded.GInstance} {n : ℕ},
  DisequalityDispersion.Machine.Sized n g →
    ∀ {m : DisequalityDispersion.Machine.Mem},
      DisequalityDispersion.Machine.APre4 k g m →
        DisequalityDispersion.Machine.ArgsPre2 n m ∧ DisequalityDispersion.Machine.LenPre m
DisequalityDispersion.Machine.appSigV_safe : DisequalityDispersion.Machine.SafeVars
  DisequalityDispersion.Machine.appSigV
@DisequalityDispersion.Machine.appVal_stable' : ∀ {m m₁ : DisequalityDispersion.Machine.Mem} {p₁ p₂ : ℕ},
  m₁ (DisequalityDispersion.Machine.OUT_ 0) = m (DisequalityDispersion.Machine.OUT_ 0) →
    DisequalityDispersion.Machine.arrAt m₁ (m (DisequalityDispersion.Machine.OUT_ 0)) =
        DisequalityDispersion.Machine.arrAt m (m (DisequalityDispersion.Machine.OUT_ 0)) →
      (∀ (x : ℕ), DisequalityDispersion.Machine.IN ≤ x → x < m DisequalityDispersion.Machine.HP → m₁ x = m x) →
        DisequalityDispersion.Machine.IN ≤ p₁ ∧
            p₁ + 3 ≤ m DisequalityDispersion.Machine.HP ∧
              DisequalityDispersion.Machine.IN ≤ p₂ ∧
                p₂ + 3 ≤ m DisequalityDispersion.Machine.HP ∧
                  DisequalityDispersion.Machine.IN ≤ m (p₁ + 2) ∧
                    m (p₁ + 2) + 1 + m (m (p₁ + 2)) ≤ m DisequalityDispersion.Machine.HP ∧
                      DisequalityDispersion.Machine.IN ≤ m (p₂ + 2) ∧
                        m (p₂ + 2) + 1 + m (m (p₂ + 2)) ≤ m DisequalityDispersion.Machine.HP →
          DisequalityDispersion.Machine.appVal m₁ p₁ p₂ = DisequalityDispersion.Machine.appVal m p₁ p₂
@DisequalityDispersion.Machine.appVal_stable : ∀ {m m₁ : DisequalityDispersion.Machine.Mem},
  m₁ (DisequalityDispersion.Machine.G_ 1) = m (DisequalityDispersion.Machine.G_ 1) →
    m₁ (DisequalityDispersion.Machine.G_ 2) = m (DisequalityDispersion.Machine.G_ 2) →
      m₁ (DisequalityDispersion.Machine.OUT_ 0) = m (DisequalityDispersion.Machine.OUT_ 0) →
        DisequalityDispersion.Machine.arrAt m₁ (m (DisequalityDispersion.Machine.OUT_ 0)) =
            DisequalityDispersion.Machine.arrAt m (m (DisequalityDispersion.Machine.OUT_ 0)) →
          (∀ (x : ℕ), DisequalityDispersion.Machine.IN ≤ x → x < m DisequalityDispersion.Machine.HP → m₁ x = m x) →
            DisequalityDispersion.Machine.IN ≤ m (DisequalityDispersion.Machine.G_ 1) ∧
                m (DisequalityDispersion.Machine.G_ 1) + 3 ≤ m DisequalityDispersion.Machine.HP ∧
                  DisequalityDispersion.Machine.IN ≤ m (DisequalityDispersion.Machine.G_ 2) ∧
                    m (DisequalityDispersion.Machine.G_ 2) + 3 ≤ m DisequalityDispersion.Machine.HP ∧
                      DisequalityDispersion.Machine.IN ≤ m (m (DisequalityDispersion.Machine.G_ 1) + 2) ∧
                        m (m (DisequalityDispersion.Machine.G_ 1) + 2) + 1 +
                              m (m (m (DisequalityDispersion.Machine.G_ 1) + 2)) ≤
                            m DisequalityDispersion.Machine.HP ∧
                          DisequalityDispersion.Machine.IN ≤ m (m (DisequalityDispersion.Machine.G_ 2) + 2) ∧
                            m (m (DisequalityDispersion.Machine.G_ 2) + 2) + 1 +
                                m (m (m (DisequalityDispersion.Machine.G_ 2) + 2)) ≤
                              m DisequalityDispersion.Machine.HP →
              DisequalityDispersion.Machine.appVal m₁ (m₁ (DisequalityDispersion.Machine.G_ 1))
                  (m₁ (DisequalityDispersion.Machine.G_ 2)) =
                DisequalityDispersion.Machine.appVal m (m (DisequalityDispersion.Machine.G_ 1))
                  (m (DisequalityDispersion.Machine.G_ 2))
DisequalityDispersion.Machine.appSigTest_spec : ∀ (k : ℕ) (g : DisequalityDispersion.Encoded.GInstance) (n : ℕ),
  DisequalityDispersion.Machine.Sized n g →
    DisequalityDispersion.Machine.TestSpec DisequalityDispersion.Machine.appSigTest
      DisequalityDispersion.Machine.appSigV (2 + 2 + 3 + 3 + (3 + 5 + 3 + (n * (24 + 12) + n * 6 + 23) + 3))
      (DisequalityDispersion.Machine.APre k g) fun m =>
      DisequalityDispersion.Machine.appVal m (m (DisequalityDispersion.Machine.G_ 1))
        (m (DisequalityDispersion.Machine.G_ 2))
DisequalityDispersion.Machine.sigVal_eq : ∀ (m : DisequalityDispersion.Machine.Mem) (p₁ p₂ : ℕ),
  DisequalityDispersion.Machine.sigVal m p₁ p₂ =
    if m p₁ = m p₂ then
      if m p₁ = 0 then decide (m (p₁ + 1) = m (p₂ + 1)) else DisequalityDispersion.Machine.appVal m p₁ p₂
    else false
@DisequalityDispersion.Machine.sigVal_stable : ∀ {m m₁ : DisequalityDispersion.Machine.Mem} {p₁ p₂ : ℕ}
  {nd₁ nd₂ : DisequalityDispersion.Encoded.Node},
  DisequalityDispersion.Machine.RepNode m DisequalityDispersion.Machine.IN (m DisequalityDispersion.Machine.HP) p₁ nd₁ →
    DisequalityDispersion.Machine.RepNode m DisequalityDispersion.Machine.IN (m DisequalityDispersion.Machine.HP) p₂
        nd₂ →
      m₁ (DisequalityDispersion.Machine.OUT_ 0) = m (DisequalityDispersion.Machine.OUT_ 0) →
        DisequalityDispersion.Machine.arrAt m₁ (m (DisequalityDispersion.Machine.OUT_ 0)) =
            DisequalityDispersion.Machine.arrAt m (m (DisequalityDispersion.Machine.OUT_ 0)) →
          (∀ (x : ℕ), DisequalityDispersion.Machine.IN ≤ x → x < m DisequalityDispersion.Machine.HP → m₁ x = m x) →
            DisequalityDispersion.Machine.sigVal m₁ p₁ p₂ = DisequalityDispersion.Machine.sigVal m p₁ p₂
DisequalityDispersion.Machine.sigV_safe : DisequalityDispersion.Machine.SafeVars DisequalityDispersion.Machine.sigV
DisequalityDispersion.Machine.sigEqTest_spec : ∀ (k : ℕ) (g : DisequalityDispersion.Encoded.GInstance) (n : ℕ),
  DisequalityDispersion.Machine.Sized n g →
    DisequalityDispersion.Machine.TestSpec DisequalityDispersion.Machine.sigEqTest DisequalityDispersion.Machine.sigV
      (DisequalityDispersion.Machine.sigB n) (DisequalityDispersion.Machine.SPre k g) fun m =>
      decide
        (DisequalityDispersion.Encoded.Instance.sigWith
            (DisequalityDispersion.Machine.arrAt m (m (DisequalityDispersion.Machine.OUT_ 0)))
            (g.base.nodes.getD (m (DisequalityDispersion.Machine.X_ 1)) (DisequalityDispersion.Encoded.Node.src 0)) =
          DisequalityDispersion.Encoded.Instance.sigWith
            (DisequalityDispersion.Machine.arrAt m (m (DisequalityDispersion.Machine.OUT_ 0)))
            (g.base.nodes.getD (m (DisequalityDispersion.Machine.I_ 0)) (DisequalityDispersion.Encoded.Node.src 0)))
DisequalityDispersion.Machine.CPre.stable : ∀ (k : ℕ) (g : DisequalityDispersion.Encoded.GInstance) {V : List ℕ},
  DisequalityDispersion.Machine.SafeVars V →
    DisequalityDispersion.Machine.I_ 0 ∉ V →
      DisequalityDispersion.Machine.OUT_ 0 ∉ V →
        ∀ {m m₁ : DisequalityDispersion.Machine.Mem},
          DisequalityDispersion.Machine.Agree m m₁ V →
            DisequalityDispersion.Machine.CPre k g m →
              DisequalityDispersion.Machine.CPre k g m₁ ∧
                m₁ (DisequalityDispersion.Machine.I_ 0) = m (DisequalityDispersion.Machine.I_ 0) ∧
                  m₁ (DisequalityDispersion.Machine.OUT_ 0) = m (DisequalityDispersion.Machine.OUT_ 0) ∧
                    DisequalityDispersion.Machine.arrAt m₁ (m (DisequalityDispersion.Machine.OUT_ 0)) =
                      DisequalityDispersion.Machine.arrAt m (m (DisequalityDispersion.Machine.OUT_ 0))
DisequalityDispersion.Machine.canonV_safe : DisequalityDispersion.Machine.SafeVars DisequalityDispersion.Machine.canonV
DisequalityDispersion.Machine.canonStepM_spec : ∀ (k : ℕ) (g : DisequalityDispersion.Encoded.GInstance) (n : ℕ),
  DisequalityDispersion.Machine.Sized n g →
    DisequalityDispersion.Machine.RSpec DisequalityDispersion.Machine.canonStepM DisequalityDispersion.Machine.canonV
      (DisequalityDispersion.Machine.canonB n) (DisequalityDispersion.Machine.CPre k g) fun m m' =>
      m' DisequalityDispersion.Machine.VAL =
        g.base.canonStep (DisequalityDispersion.Machine.arrAt m (m (DisequalityDispersion.Machine.OUT_ 0)))
          (m (DisequalityDispersion.Machine.I_ 0))
DisequalityDispersion.Machine.canonIdsV_safe : DisequalityDispersion.Machine.SafeVars
  DisequalityDispersion.Machine.canonIdsV
@DisequalityDispersion.Machine.IdsCtx.stable : ∀ {k : ℕ} {g : DisequalityDispersion.Encoded.GInstance} {V : List ℕ},
  DisequalityDispersion.Machine.SafeVars V →
    DisequalityDispersion.Machine.IDS ∉ V →
      ∀ {m m₁ : DisequalityDispersion.Machine.Mem},
        DisequalityDispersion.Machine.Agree m m₁ V →
          DisequalityDispersion.Machine.IdsCtx k g m →
            DisequalityDispersion.Machine.IdsCtx k g m₁ ∧
              m₁ DisequalityDispersion.Machine.IDS = m DisequalityDispersion.Machine.IDS ∧
                ∀ (x : ℕ), DisequalityDispersion.Machine.IN ≤ x → x < m DisequalityDispersion.Machine.HP → m₁ x = m x
@DisequalityDispersion.Machine.IdsCtx.stableP : ∀ {k : ℕ} {g : DisequalityDispersion.Encoded.GInstance} {V : List ℕ},
  DisequalityDispersion.Machine.SafeVars V →
    DisequalityDispersion.Machine.IDS ∉ V →
      DisequalityDispersion.Machine.StableP (DisequalityDispersion.Machine.IdsCtx k g) V
DisequalityDispersion.Machine.canonIdsM_spec : ∀ (k : ℕ) (g : DisequalityDispersion.Encoded.GInstance) (n : ℕ),
  DisequalityDispersion.Machine.Sized n g →
    DisequalityDispersion.Machine.RSpec DisequalityDispersion.Machine.canonIdsM DisequalityDispersion.Machine.canonIdsV
      (n * (DisequalityDispersion.Machine.canonB n + 8) + 8 + 1) (DisequalityDispersion.Machine.InstCtx k g) fun m m' =>
      DisequalityDispersion.Machine.IdsCtx k g m'
DisequalityDispersion.Machine.dtV_safe : DisequalityDispersion.Machine.SafeVars DisequalityDispersion.Machine.dtV
DisequalityDispersion.Machine.testPreI_stable : ∀ (k : ℕ) (g : DisequalityDispersion.Encoded.GInstance) {V : List ℕ},
  DisequalityDispersion.Machine.SafeVars V →
    DisequalityDispersion.Machine.X_ 0 ∉ V →
      DisequalityDispersion.Machine.IDS ∉ V →
        ∀ {m m₁ : DisequalityDispersion.Machine.Mem},
          DisequalityDispersion.Machine.Agree m m₁ V →
            DisequalityDispersion.Machine.IdsCtx k g m ∧
                m (DisequalityDispersion.Machine.X_ 0) ∈
                  DisequalityDispersion.Machine.arrAt m (m DisequalityDispersion.Machine.TESTS) →
              (DisequalityDispersion.Machine.IdsCtx k g m₁ ∧
                  m₁ (DisequalityDispersion.Machine.X_ 0) ∈
                    DisequalityDispersion.Machine.arrAt m₁ (m₁ DisequalityDispersion.Machine.TESTS)) ∧
                m₁ (DisequalityDispersion.Machine.X_ 0) = m (DisequalityDispersion.Machine.X_ 0) ∧
                  m₁ (m (DisequalityDispersion.Machine.X_ 0)) = m (m (DisequalityDispersion.Machine.X_ 0)) ∧
                    m₁ (m (DisequalityDispersion.Machine.X_ 0) + 1) = m (m (DisequalityDispersion.Machine.X_ 0) + 1) ∧
                      m₁ DisequalityDispersion.Machine.IDS = m DisequalityDispersion.Machine.IDS ∧
                        DisequalityDispersion.Machine.arrAt m₁ (m DisequalityDispersion.Machine.IDS) =
                          DisequalityDispersion.Machine.arrAt m (m DisequalityDispersion.Machine.IDS)
DisequalityDispersion.Machine.distinctTest_spec : ∀ (k : ℕ) (g : DisequalityDispersion.Encoded.GInstance),
  DisequalityDispersion.Machine.TestSpec DisequalityDispersion.Machine.distinctTest DisequalityDispersion.Machine.dtV 20
    (fun m =>
      DisequalityDispersion.Machine.IdsCtx k g m ∧
        m (DisequalityDispersion.Machine.X_ 0) ∈
          DisequalityDispersion.Machine.arrAt m (m DisequalityDispersion.Machine.TESTS))
    fun m =>
    !g.base.canonIds.getD (m (m (DisequalityDispersion.Machine.X_ 0))) 0 ==
        g.base.canonIds.getD (m (m (DisequalityDispersion.Machine.X_ 0) + 1)) 0
DisequalityDispersion.Machine.testsDistinctM_spec : ∀ (k : ℕ) (g : DisequalityDispersion.Encoded.GInstance) (n : ℕ),
  DisequalityDispersion.Machine.Sized n g →
    DisequalityDispersion.Machine.TestSpec DisequalityDispersion.Machine.testsDistinctM
      (DisequalityDispersion.Machine.FLAG ::
        (DisequalityDispersion.Machine.Lvars 0 ++
          DisequalityDispersion.Machine.FLAG ::
            DisequalityDispersion.Machine.FLAG :: DisequalityDispersion.Machine.dtV))
      (n * (20 + 12) + 11) (DisequalityDispersion.Machine.IdsCtx k g) fun x => g.base.testsDistinct g.base.canonIds
@DisequalityDispersion.Machine.mapArrM_spec : ∀ {c : DisequalityDispersion.Machine.Cmd} {V : List ℕ} {B : ℕ}
  {Pre : DisequalityDispersion.Machine.Mem → Prop} {Post : ℕ → DisequalityDispersion.Machine.Mem → ℕ → Prop}
  (L SRC n : ℕ),
  DisequalityDispersion.Machine.AllocSpec c V B
      (fun m => Pre m ∧ m (DisequalityDispersion.Machine.X_ L) ∈ DisequalityDispersion.Machine.arrAt m (m SRC))
      (DisequalityDispersion.Machine.X_ L) Post →
    L ≤ 9 →
      (∀ x ∈ V, 5 ≤ x ∧ x < DisequalityDispersion.Machine.IN) →
        5 ≤ SRC ∧ SRC < DisequalityDispersion.Machine.IN →
          SRC ∉ V →
            SRC ∉ DisequalityDispersion.Machine.Lvars L →
              (∀ x ∈ V, x ∉ DisequalityDispersion.Machine.LvarsX L) →
                (∀ (m : DisequalityDispersion.Machine.Mem), Pre m → DisequalityDispersion.Machine.Ctx m) →
                  (∀ (m : DisequalityDispersion.Machine.Mem),
                      Pre m →
                        DisequalityDispersion.Machine.IN ≤ m SRC ∧
                          m SRC + 1 + m (m SRC) ≤ m DisequalityDispersion.Machine.HP ∧ m (m SRC) ≤ n) →
                    DisequalityDispersion.Machine.StableP Pre (DisequalityDispersion.Machine.Lvars L ++ V) →
                      DisequalityDispersion.Machine.PostStable Post →
                        DisequalityDispersion.Machine.RSpec (DisequalityDispersion.Machine.mapM L SRC c)
                          (DisequalityDispersion.Machine.Lvars L ++ V) (n * (B + 9) + 9) Pre fun m m' =>
                          m' (DisequalityDispersion.Machine.OUT_ L) = m DisequalityDispersion.Machine.HP ∧
                            m' (m DisequalityDispersion.Machine.HP) = m (m SRC) ∧
                              (∀ (i : ℕ) (h : i < (DisequalityDispersion.Machine.arrAt m (m SRC)).length),
                                  m DisequalityDispersion.Machine.HP + 1 +
                                        (DisequalityDispersion.Machine.arrAt m (m SRC)).length ≤
                                      m' (m DisequalityDispersion.Machine.HP + 1 + i) ∧
                                    m' (m DisequalityDispersion.Machine.HP + 1 + i) <
                                        m' DisequalityDispersion.Machine.HP ∧
                                      Post (DisequalityDispersion.Machine.arrAt m (m SRC))[i] m'
                                        (m' (m DisequalityDispersion.Machine.HP + 1 + i))) ∧
                                m DisequalityDispersion.Machine.HP + 1 + m (m SRC) ≤ m' DisequalityDispersion.Machine.HP
@DisequalityDispersion.Machine.ArrIs.len : ∀ {m : DisequalityDispersion.Machine.Mem} {P : ℕ} {l : List ℕ},
  DisequalityDispersion.Machine.ArrIs m P l → m (m P) = l.length
@DisequalityDispersion.Machine.PArrIs.len : ∀ {m : DisequalityDispersion.Machine.Mem} {P : ℕ} {l : List (ℕ × ℕ)},
  DisequalityDispersion.Machine.PArrIs m P l → m (m P) = l.length
@DisequalityDispersion.Machine.ArrIs.stable : ∀ {m m' : DisequalityDispersion.Machine.Mem} {V : List ℕ} {P : ℕ}
  {l : List ℕ},
  DisequalityDispersion.Machine.Agree m m' V →
    (∀ x ∈ V, x < DisequalityDispersion.Machine.IN) →
      P < DisequalityDispersion.Machine.IN →
        P ≠ DisequalityDispersion.Machine.HP →
          P ∉ V → DisequalityDispersion.Machine.ArrIs m P l → DisequalityDispersion.Machine.ArrIs m' P l
@DisequalityDispersion.Machine.PArrIs.stable : ∀ {m m' : DisequalityDispersion.Machine.Mem} {V : List ℕ} {P : ℕ}
  {l : List (ℕ × ℕ)},
  DisequalityDispersion.Machine.Agree m m' V →
    (∀ x ∈ V, x < DisequalityDispersion.Machine.IN) →
      P < DisequalityDispersion.Machine.IN →
        P ≠ DisequalityDispersion.Machine.HP →
          P ∉ V → DisequalityDispersion.Machine.PArrIs m P l → DisequalityDispersion.Machine.PArrIs m' P l
@DisequalityDispersion.Machine.RSpec.seqP : ∀ {c₁ c₂ : DisequalityDispersion.Machine.Cmd} {V₁ V₂ : List ℕ} {B₁ B₂ : ℕ}
  {P₁ P₂ P₃ : DisequalityDispersion.Machine.Mem → Prop},
  (DisequalityDispersion.Machine.RSpec c₁ V₁ B₁ P₁ fun x m' => P₂ m') →
    (DisequalityDispersion.Machine.RSpec c₂ V₂ B₂ P₂ fun x m' => P₃ m') →
      DisequalityDispersion.Machine.RSpec (c₁.seq c₂) (V₁ ++ V₂) (B₁ + B₂) P₁ fun x m' => P₃ m'
@DisequalityDispersion.Machine.RSpec.mono' : ∀ {c : DisequalityDispersion.Machine.Cmd} {V V' : List ℕ} {B B' : ℕ}
  {Pre Pre' : DisequalityDispersion.Machine.Mem → Prop}
  {Post Post' : DisequalityDispersion.Machine.Mem → DisequalityDispersion.Machine.Mem → Prop},
  DisequalityDispersion.Machine.RSpec c V B Pre Post →
    (∀ x ∈ V, x ∈ V') →
      B ≤ B' →
        (∀ (m : DisequalityDispersion.Machine.Mem), Pre' m → Pre m) →
          (∀ (m m' : DisequalityDispersion.Machine.Mem),
              Pre' m → DisequalityDispersion.Machine.Agree m m' V → Post m m' → Post' m m') →
            DisequalityDispersion.Machine.RSpec c V' B' Pre' Post'
@DisequalityDispersion.Machine.RSpec.seq_mov : ∀ {c : DisequalityDispersion.Machine.Cmd} {V : List ℕ} {B : ℕ}
  {Pre : DisequalityDispersion.Machine.Mem → Prop}
  {R : DisequalityDispersion.Machine.Mem → DisequalityDispersion.Machine.Mem → Prop} (L P : ℕ),
  5 ≤ P ∧ P < DisequalityDispersion.Machine.IN →
    (DisequalityDispersion.Machine.RSpec c V B Pre fun m m' =>
        m' (DisequalityDispersion.Machine.OUT_ L) = m DisequalityDispersion.Machine.HP ∧ R m m') →
      (∀ (m m' : DisequalityDispersion.Machine.Mem) (v : ℕ), Pre m → R m m' → R m (m'.write P v)) →
        DisequalityDispersion.Machine.RSpec
          (c.seq (DisequalityDispersion.Machine.mov P (DisequalityDispersion.Machine.OUT_ L))) (V ++ [P]) (B + 1) Pre
          fun m m' => m' P = m DisequalityDispersion.Machine.HP ∧ R m m'
@DisequalityDispersion.Machine.ArrIs.of_out : ∀ {m m' : DisequalityDispersion.Machine.Mem} {P : ℕ} {l : List ℕ},
  DisequalityDispersion.Machine.IN ≤ m DisequalityDispersion.Machine.HP →
    m' P = m DisequalityDispersion.Machine.HP →
      DisequalityDispersion.Machine.arrAt m' (m DisequalityDispersion.Machine.HP) = l →
        m DisequalityDispersion.Machine.HP + 1 + l.length ≤ m' DisequalityDispersion.Machine.HP →
          DisequalityDispersion.Machine.ArrIs m' P l
@DisequalityDispersion.Machine.PArrIs.of_out : ∀ {m m' : DisequalityDispersion.Machine.Mem} {P : ℕ} {l : List (ℕ × ℕ)},
  DisequalityDispersion.Machine.IN ≤ m DisequalityDispersion.Machine.HP →
    m' P = m DisequalityDispersion.Machine.HP →
      DisequalityDispersion.Machine.pairsAt m' (m DisequalityDispersion.Machine.HP) = l →
        DisequalityDispersion.Machine.RecsIn m' (m DisequalityDispersion.Machine.HP)
            (m DisequalityDispersion.Machine.HP + 1 + l.length) (m' DisequalityDispersion.Machine.HP) →
          m DisequalityDispersion.Machine.HP + 1 + l.length ≤ m' DisequalityDispersion.Machine.HP →
            DisequalityDispersion.Machine.PArrIs m' P l
DisequalityDispersion.Machine.NETS_eq : DisequalityDispersion.Machine.NETS = 115
DisequalityDispersion.Machine.NETT_eq : DisequalityDispersion.Machine.NETT = 116
DisequalityDispersion.Machine.NETN_eq : DisequalityDispersion.Machine.NETN = 117
DisequalityDispersion.Machine.ARCS_eq : DisequalityDispersion.Machine.ARCS = 118
DisequalityDispersion.Machine.REPS_eq : DisequalityDispersion.Machine.REPS = 119
DisequalityDispersion.Machine.RNGN_eq : DisequalityDispersion.Machine.RNGN = 114
DisequalityDispersion.Machine.rangeNM_spec : ∀ (k : ℕ) (g : DisequalityDispersion.Encoded.GInstance) (n : ℕ),
  DisequalityDispersion.Machine.Sized n g →
    DisequalityDispersion.Machine.RSpec DisequalityDispersion.Machine.rangeNM
      (DisequalityDispersion.Machine.Lvars 0 ++ [DisequalityDispersion.Machine.RNGN]) (n * 6 + 8 + 1)
      (DisequalityDispersion.Machine.IdsCtx k g) fun x m' =>
      DisequalityDispersion.Machine.IdsCtx k g m' ∧
        DisequalityDispersion.Machine.ArrIs m' DisequalityDispersion.Machine.RNGN (List.range g.base.nodes.length)
DisequalityDispersion.Machine.repTest_spec : ∀ (k : ℕ) (g : DisequalityDispersion.Encoded.GInstance)
  (Pre : DisequalityDispersion.Machine.Mem → Prop),
  (∀ (m : DisequalityDispersion.Machine.Mem), Pre m → DisequalityDispersion.Machine.IdsCtx k g m) →
    DisequalityDispersion.Machine.StableP Pre [DisequalityDispersion.Machine.G_ 1] →
      DisequalityDispersion.Machine.TestSpec DisequalityDispersion.Machine.repTest
        [DisequalityDispersion.Machine.G_ 1, DisequalityDispersion.Machine.FLAG] 9 Pre fun m =>
        decide
          (g.base.canonIds.getD (m (DisequalityDispersion.Machine.X_ 0)) 0 = m (DisequalityDispersion.Machine.X_ 0))
DisequalityDispersion.Machine.repsM_spec : ∀ (k : ℕ) (g : DisequalityDispersion.Encoded.GInstance) (n : ℕ),
  DisequalityDispersion.Machine.Sized n g →
    DisequalityDispersion.Machine.RSpec DisequalityDispersion.Machine.repsM DisequalityDispersion.Machine.repsV
      (n * (9 + 14) + 9 + 1)
      (fun m =>
        DisequalityDispersion.Machine.IdsCtx k g m ∧
          DisequalityDispersion.Machine.ArrIs m DisequalityDispersion.Machine.RNGN (List.range g.base.nodes.length))
      fun x m' =>
      (DisequalityDispersion.Machine.IdsCtx k g m' ∧
          DisequalityDispersion.Machine.ArrIs m' DisequalityDispersion.Machine.RNGN (List.range g.base.nodes.length)) ∧
        DisequalityDispersion.Machine.ArrIs m' DisequalityDispersion.Machine.REPS (g.repsL g.base.canonIds)
@DisequalityDispersion.Machine.mapM_arr_spec : ∀ {c : DisequalityDispersion.Machine.Cmd} {V : List ℕ} {B : ℕ}
  {Pre : DisequalityDispersion.Machine.Mem → Prop} {F : DisequalityDispersion.Machine.Mem → ℕ} (L SRC P n : ℕ)
  (l : List ℕ) (G : ℕ → ℕ),
  DisequalityDispersion.Machine.FunSpec c V B
      (fun m => Pre m ∧ m (DisequalityDispersion.Machine.X_ L) ∈ DisequalityDispersion.Machine.arrAt m (m SRC)) F →
    L ≤ 9 →
      (∀ x ∈ V, 5 ≤ x ∧ x < DisequalityDispersion.Machine.IN) →
        5 ≤ SRC ∧ SRC < DisequalityDispersion.Machine.IN →
          SRC ∉ V →
            SRC ∉ DisequalityDispersion.Machine.Lvars L →
              (∀ x ∈ V, x ∉ DisequalityDispersion.Machine.LvarsX L) →
                5 ≤ P ∧ P < DisequalityDispersion.Machine.IN →
                  (∀ (m : DisequalityDispersion.Machine.Mem), Pre m → DisequalityDispersion.Machine.Ctx m) →
                    (∀ (m : DisequalityDispersion.Machine.Mem), Pre m → DisequalityDispersion.Machine.ArrIs m SRC l) →
                      l.length ≤ n →
                        DisequalityDispersion.Machine.StableP Pre (DisequalityDispersion.Machine.Lvars L ++ V) →
                          DisequalityDispersion.Machine.StableX Pre SRC L F
                              (DisequalityDispersion.Machine.LvarsX L ++ V) →
                            (∀ (m : DisequalityDispersion.Machine.Mem) (x : ℕ),
                                Pre m → x ∈ l → F (m.write (DisequalityDispersion.Machine.X_ L) x) = G x) →
                              DisequalityDispersion.Machine.RSpec
                                ((DisequalityDispersion.Machine.mapM L SRC c).seq
                                  (DisequalityDispersion.Machine.mov P (DisequalityDispersion.Machine.OUT_ L)))
                                (DisequalityDispersion.Machine.Lvars L ++ V ++ [P]) (n * (B + 9) + 9 + 1) Pre
                                fun x m' => DisequalityDispersion.Machine.ArrIs m' P (List.map G l)
@DisequalityDispersion.Machine.filterM_arr_spec : ∀ {t : DisequalityDispersion.Machine.Cmd} {V : List ℕ} {B : ℕ}
  {Pre : DisequalityDispersion.Machine.Mem → Prop} {P : DisequalityDispersion.Machine.Mem → Bool} (L SRC Q n : ℕ)
  (l : List ℕ) (G : ℕ → Bool),
  DisequalityDispersion.Machine.TestSpec t V B
      (fun m => Pre m ∧ m (DisequalityDispersion.Machine.X_ L) ∈ DisequalityDispersion.Machine.arrAt m (m SRC)) P →
    L ≤ 9 →
      (∀ x ∈ V, 5 ≤ x ∧ x < DisequalityDispersion.Machine.IN) →
        5 ≤ SRC ∧ SRC < DisequalityDispersion.Machine.IN →
          SRC ∉ V →
            SRC ∉ DisequalityDispersion.Machine.Lvars L →
              SRC ≠ DisequalityDispersion.Machine.FLAG →
                (∀ x ∈ V, x ∉ DisequalityDispersion.Machine.LvarsX L) →
                  DisequalityDispersion.Machine.X_ L ∉ V →
                    5 ≤ Q ∧ Q < DisequalityDispersion.Machine.IN →
                      (∀ (m : DisequalityDispersion.Machine.Mem), Pre m → DisequalityDispersion.Machine.Ctx m) →
                        (∀ (m : DisequalityDispersion.Machine.Mem),
                            Pre m → DisequalityDispersion.Machine.ArrIs m SRC l) →
                          l.length ≤ n →
                            DisequalityDispersion.Machine.StableP Pre
                                (DisequalityDispersion.Machine.Lvars L ++ DisequalityDispersion.Machine.FLAG :: V) →
                              DisequalityDispersion.Machine.StableX Pre SRC L P
                                  (DisequalityDispersion.Machine.LvarsX L ++ DisequalityDispersion.Machine.FLAG :: V) →
                                (∀ (m : DisequalityDispersion.Machine.Mem) (x : ℕ),
                                    Pre m → x ∈ l → P (m.write (DisequalityDispersion.Machine.X_ L) x) = G x) →
                                  DisequalityDispersion.Machine.RSpec
                                    ((DisequalityDispersion.Machine.filterM L SRC t).seq
                                      (DisequalityDispersion.Machine.mov Q (DisequalityDispersion.Machine.OUT_ L)))
                                    (DisequalityDispersion.Machine.Lvars L ++ DisequalityDispersion.Machine.FLAG :: V ++
                                      [Q])
                                    (n * (B + 14) + 9 + 1) Pre fun x m' =>
                                    DisequalityDispersion.Machine.ArrIs m' Q (List.filter G l)
@DisequalityDispersion.Machine.mapPairM_parr_spec : ∀ {c : DisequalityDispersion.Machine.Cmd} {V : List ℕ} {B : ℕ}
  {Pre : DisequalityDispersion.Machine.Mem → Prop} {F : DisequalityDispersion.Machine.Mem → ℕ × ℕ} (L SRC P n : ℕ)
  (l : List ℕ) (G : ℕ → ℕ × ℕ),
  DisequalityDispersion.Machine.FunSpec2 c V B
      (fun m => Pre m ∧ m (DisequalityDispersion.Machine.X_ L) ∈ DisequalityDispersion.Machine.arrAt m (m SRC)) F →
    L ≤ 9 →
      (∀ x ∈ V, 5 ≤ x ∧ x < DisequalityDispersion.Machine.IN) →
        5 ≤ SRC ∧ SRC < DisequalityDispersion.Machine.IN →
          SRC ∉ V →
            SRC ∉ DisequalityDispersion.Machine.Lvars L →
              (∀ x ∈ V, x ∉ DisequalityDispersion.Machine.LvarsX L) →
                5 ≤ P ∧ P < DisequalityDispersion.Machine.IN →
                  (∀ (m : DisequalityDispersion.Machine.Mem), Pre m → DisequalityDispersion.Machine.Ctx m) →
                    (∀ (m : DisequalityDispersion.Machine.Mem), Pre m → DisequalityDispersion.Machine.ArrIs m SRC l) →
                      l.length ≤ n →
                        DisequalityDispersion.Machine.StableP Pre (DisequalityDispersion.Machine.Lvars L ++ V) →
                          DisequalityDispersion.Machine.StableX Pre SRC L F
                              (DisequalityDispersion.Machine.LvarsX L ++ V) →
                            (∀ (m : DisequalityDispersion.Machine.Mem) (x : ℕ),
                                Pre m → x ∈ l → F (m.write (DisequalityDispersion.Machine.X_ L) x) = G x) →
                              DisequalityDispersion.Machine.RSpec
                                ((DisequalityDispersion.Machine.mapPairM L SRC c).seq
                                  (DisequalityDispersion.Machine.mov P (DisequalityDispersion.Machine.OUT_ L)))
                                (DisequalityDispersion.Machine.Lvars L ++ V ++ [P]) (n * (B + 14) + 9 + 1) Pre
                                fun x m' => DisequalityDispersion.Machine.PArrIs m' P (List.map G l)
DisequalityDispersion.Machine.appendM_arr_spec : ∀ (L A B P n : ℕ) (la lb : List ℕ),
  L ≤ 9 →
    5 ≤ A ∧ A < DisequalityDispersion.Machine.IN →
      5 ≤ B ∧ B < DisequalityDispersion.Machine.IN →
        A ∉ DisequalityDispersion.Machine.Lvars L →
          B ∉ DisequalityDispersion.Machine.Lvars L →
            5 ≤ P ∧ P < DisequalityDispersion.Machine.IN →
              ∀ (Pre : DisequalityDispersion.Machine.Mem → Prop),
                (∀ (m : DisequalityDispersion.Machine.Mem), Pre m → DisequalityDispersion.Machine.Ctx m) →
                  (∀ (m : DisequalityDispersion.Machine.Mem), Pre m → DisequalityDispersion.Machine.ArrIs m A la) →
                    (∀ (m : DisequalityDispersion.Machine.Mem), Pre m → DisequalityDispersion.Machine.ArrIs m B lb) →
                      la.length ≤ n ∧ lb.length ≤ n →
                        DisequalityDispersion.Machine.RSpec
                          ((DisequalityDispersion.Machine.appendM L A B).seq
                            (DisequalityDispersion.Machine.mov P (DisequalityDispersion.Machine.OUT_ L)))
                          (DisequalityDispersion.Machine.Lvars L ++ [P]) (2 * n * 12 + 15 + 1) Pre fun x m' =>
                          DisequalityDispersion.Machine.ArrIs m' P (la ++ lb)
@DisequalityDispersion.Machine.pairsAt_append : ∀ {m : DisequalityDispersion.Machine.Mem} {a b : ℕ} {l : List ℕ},
  DisequalityDispersion.Machine.arrAt m a = l →
    DisequalityDispersion.Machine.arrAt m b = l →
      DisequalityDispersion.Machine.pairsAt m a = DisequalityDispersion.Machine.pairsAt m b
DisequalityDispersion.Machine.appendM_parr_spec : ∀ (L A B P n : ℕ) (la lb : List (ℕ × ℕ)),
  L ≤ 9 →
    5 ≤ A ∧ A < DisequalityDispersion.Machine.IN →
      5 ≤ B ∧ B < DisequalityDispersion.Machine.IN →
        A ∉ DisequalityDispersion.Machine.Lvars L →
          B ∉ DisequalityDispersion.Machine.Lvars L →
            5 ≤ P ∧ P < DisequalityDispersion.Machine.IN →
              ∀ (Pre : DisequalityDispersion.Machine.Mem → Prop),
                (∀ (m : DisequalityDispersion.Machine.Mem), Pre m → DisequalityDispersion.Machine.Ctx m) →
                  (∀ (m : DisequalityDispersion.Machine.Mem), Pre m → DisequalityDispersion.Machine.PArrIs m A la) →
                    (∀ (m : DisequalityDispersion.Machine.Mem), Pre m → DisequalityDispersion.Machine.PArrIs m B lb) →
                      la.length ≤ n ∧ lb.length ≤ n →
                        DisequalityDispersion.Machine.RSpec
                          ((DisequalityDispersion.Machine.appendM L A B).seq
                            (DisequalityDispersion.Machine.mov P (DisequalityDispersion.Machine.OUT_ L)))
                          (DisequalityDispersion.Machine.Lvars L ++ [P]) (2 * n * 12 + 15 + 1) Pre fun x m' =>
                          DisequalityDispersion.Machine.PArrIs m' P (la ++ lb)
DisequalityDispersion.Machine.dedupM_parr_spec : ∀ (L SRC P n : ℕ) (l : List (ℕ × ℕ)),
  L + 2 ≤ 9 →
    5 ≤ SRC ∧ SRC < DisequalityDispersion.Machine.IN →
      SRC ∉ DisequalityDispersion.Machine.dedupV L →
        5 ≤ P ∧ P < DisequalityDispersion.Machine.IN →
          P ∉ DisequalityDispersion.Machine.dedupV L →
            ∀ (Pre : DisequalityDispersion.Machine.Mem → Prop),
              (∀ (m : DisequalityDispersion.Machine.Mem), Pre m → DisequalityDispersion.Machine.Ctx m) →
                (∀ (m : DisequalityDispersion.Machine.Mem), Pre m → DisequalityDispersion.Machine.PArrIs m SRC l) →
                  l.length ≤ n →
                    DisequalityDispersion.Machine.RSpec
                      ((DisequalityDispersion.Machine.dedupM L SRC).seq
                        (DisequalityDispersion.Machine.mov P (DisequalityDispersion.Machine.OUT_ L)))
                      (DisequalityDispersion.Machine.dedupV L ++ [P]) (23 * n * n + 23 * n + 8 + 1) Pre fun x m' =>
                      DisequalityDispersion.Machine.PArrIs m' P (DisequalityDispersion.Encoded.dedupList l)
@DisequalityDispersion.Machine.RSpec.carry : ∀ {c : DisequalityDispersion.Machine.Cmd} {V : List ℕ} {B : ℕ}
  {Pre Q : DisequalityDispersion.Machine.Mem → Prop},
  (DisequalityDispersion.Machine.RSpec c V B Pre fun x m' => Q m') →
    DisequalityDispersion.Machine.StableP Pre V →
      DisequalityDispersion.Machine.RSpec c V B Pre fun x m' => Pre m' ∧ Q m'
@DisequalityDispersion.Machine.StableP.and : ∀ {P Q : DisequalityDispersion.Machine.Mem → Prop} {V : List ℕ},
  DisequalityDispersion.Machine.StableP P V →
    DisequalityDispersion.Machine.StableP Q V → DisequalityDispersion.Machine.StableP (fun m => P m ∧ Q m) V
@DisequalityDispersion.Machine.ArrIs.stableP : ∀ {V : List ℕ} {P : ℕ} {l : List ℕ},
  (∀ x ∈ V, x < DisequalityDispersion.Machine.IN) →
    P < DisequalityDispersion.Machine.IN →
      P ≠ DisequalityDispersion.Machine.HP →
        P ∉ V → DisequalityDispersion.Machine.StableP (fun m => DisequalityDispersion.Machine.ArrIs m P l) V
@DisequalityDispersion.Machine.PArrIs.stableP : ∀ {V : List ℕ} {P : ℕ} {l : List (ℕ × ℕ)},
  (∀ x ∈ V, x < DisequalityDispersion.Machine.IN) →
    P < DisequalityDispersion.Machine.IN →
      P ≠ DisequalityDispersion.Machine.HP →
        P ∉ V → DisequalityDispersion.Machine.StableP (fun m => DisequalityDispersion.Machine.PArrIs m P l) V
DisequalityDispersion.Machine.dblM_spec : ∀ (Pre : DisequalityDispersion.Machine.Mem → Prop),
  DisequalityDispersion.Machine.FunSpec DisequalityDispersion.Machine.dblM [DisequalityDispersion.Machine.VAL] 1 Pre
    fun m => m (DisequalityDispersion.Machine.X_ 0) + m (DisequalityDispersion.Machine.X_ 0)
DisequalityDispersion.Machine.dbl1M_spec : ∀ (Pre : DisequalityDispersion.Machine.Mem → Prop),
  (∀ (m : DisequalityDispersion.Machine.Mem), Pre m → DisequalityDispersion.Machine.Ctx m) →
    DisequalityDispersion.Machine.FunSpec DisequalityDispersion.Machine.dbl1M [DisequalityDispersion.Machine.VAL] 2 Pre
      fun m => m (DisequalityDispersion.Machine.X_ 0) + m (DisequalityDispersion.Machine.X_ 0) + 1
DisequalityDispersion.Machine.arr2M_spec : ∀ (A B : ℕ),
  5 ≤ A ∧ A < DisequalityDispersion.Machine.IN →
    5 ≤ B ∧ B < DisequalityDispersion.Machine.IN →
      A ∉ DisequalityDispersion.Machine.Lvars 0 →
        B ∉ DisequalityDispersion.Machine.Lvars 0 →
          ∀ (Pre : DisequalityDispersion.Machine.Mem → Prop),
            (∀ (m : DisequalityDispersion.Machine.Mem), Pre m → DisequalityDispersion.Machine.Ctx m) →
              DisequalityDispersion.Machine.RSpec (DisequalityDispersion.Machine.arr2M A B)
                (DisequalityDispersion.Machine.Lvars 0) 8 Pre fun m m' =>
                m' (DisequalityDispersion.Machine.OUT_ 0) = m DisequalityDispersion.Machine.HP ∧
                  DisequalityDispersion.Machine.arrAt m' (m DisequalityDispersion.Machine.HP) = [m A, m B] ∧
                    m DisequalityDispersion.Machine.HP + 1 + 2 ≤ m' DisequalityDispersion.Machine.HP
@DisequalityDispersion.Machine.NC0.stableP : ∀ {k : ℕ} {g : DisequalityDispersion.Encoded.GInstance} {V : List ℕ},
  DisequalityDispersion.Machine.SafeVars V →
    DisequalityDispersion.Machine.IDS ∉ V →
      DisequalityDispersion.Machine.RNGN ∉ V →
        DisequalityDispersion.Machine.REPS ∉ V →
          DisequalityDispersion.Machine.StableP (DisequalityDispersion.Machine.NC0 k g) V
@DisequalityDispersion.Machine.NC0.ctx : ∀ {k : ℕ} {g : DisequalityDispersion.Encoded.GInstance}
  {m : DisequalityDispersion.Machine.Mem}, DisequalityDispersion.Machine.NC0 k g m → DisequalityDispersion.Machine.Ctx m
DisequalityDispersion.Machine.stM_spec : ∀ (k : ℕ) (g : DisequalityDispersion.Encoded.GInstance)
  (Pre : DisequalityDispersion.Machine.Mem → Prop),
  (∀ (m : DisequalityDispersion.Machine.Mem), Pre m → DisequalityDispersion.Machine.InstCtx k g m) →
    DisequalityDispersion.Machine.RSpec DisequalityDispersion.Machine.stM
      [DisequalityDispersion.Machine.NETS, DisequalityDispersion.Machine.NETT] 2 Pre fun x m' =>
      m' DisequalityDispersion.Machine.NETS = g.netS ∧ m' DisequalityDispersion.Machine.NETT = g.netT
DisequalityDispersion.Machine.netNodesV_safe : DisequalityDispersion.Machine.SafeVars
  DisequalityDispersion.Machine.netNodesV
DisequalityDispersion.Machine.repsL_length_le : ∀ (g : DisequalityDispersion.Encoded.GInstance) (ids : List ℕ),
  (g.repsL ids).length ≤ g.base.nodes.length
@DisequalityDispersion.Machine.NC1.stableP : ∀ {k : ℕ} {g : DisequalityDispersion.Encoded.GInstance} {V : List ℕ},
  DisequalityDispersion.Machine.SafeVars V →
    DisequalityDispersion.Machine.IDS ∉ V →
      DisequalityDispersion.Machine.RNGN ∉ V →
        DisequalityDispersion.Machine.REPS ∉ V →
          DisequalityDispersion.Machine.NETS ∉ V →
            DisequalityDispersion.Machine.NETT ∉ V →
              DisequalityDispersion.Machine.NETN ∉ V →
                DisequalityDispersion.Machine.StableP (DisequalityDispersion.Machine.NC1 k g) V
DisequalityDispersion.Machine.netNodesM_spec : ∀ (k : ℕ) (g : DisequalityDispersion.Encoded.GInstance) (n : ℕ),
  DisequalityDispersion.Machine.Sized n g →
    DisequalityDispersion.Machine.RSpec DisequalityDispersion.Machine.netNodesM DisequalityDispersion.Machine.netNodesV
      (n * (1 + 9) + 9 + 1 +
        (n * (2 + 9) + 9 + 1 + (2 * n * 12 + 15 + 1 + (2 + (8 + 1 + (2 * (2 * n + 2) * 12 + 15 + 1))))))
      (DisequalityDispersion.Machine.NC0 k g) fun x m' => DisequalityDispersion.Machine.NC1 k g m'
DisequalityDispersion.Machine.pairDblM_spec : ∀ (Pre : DisequalityDispersion.Machine.Mem → Prop),
  (∀ (m : DisequalityDispersion.Machine.Mem), Pre m → DisequalityDispersion.Machine.Ctx m) →
    DisequalityDispersion.Machine.FunSpec2 DisequalityDispersion.Machine.pairDblM
      [DisequalityDispersion.Machine.VAL, DisequalityDispersion.Machine.V2] 2 Pre fun m =>
      (m (DisequalityDispersion.Machine.X_ 0) + m (DisequalityDispersion.Machine.X_ 0),
        m (DisequalityDispersion.Machine.X_ 0) + m (DisequalityDispersion.Machine.X_ 0) + 1)
DisequalityDispersion.Machine.nodeArcsM_spec : ∀ (k : ℕ) (g : DisequalityDispersion.Encoded.GInstance) (n : ℕ),
  DisequalityDispersion.Machine.Sized n g →
    DisequalityDispersion.Machine.RSpec DisequalityDispersion.Machine.nodeArcsM DisequalityDispersion.Machine.nodeArcsV
      (n * (2 + 14) + 9 + 1) (DisequalityDispersion.Machine.NC1 k g) fun x m' =>
      DisequalityDispersion.Machine.NC1 k g m' ∧
        DisequalityDispersion.Machine.PArrIs m' (DisequalityDispersion.Machine.G_ 44) (g.nodeArcsL g.base.canonIds)
DisequalityDispersion.Machine.emptyArrM_spec : ∀ (D : ℕ),
  5 ≤ D ∧ D < DisequalityDispersion.Machine.IN →
    ∀ (Pre : DisequalityDispersion.Machine.Mem → Prop),
      (∀ (m : DisequalityDispersion.Machine.Mem), Pre m → DisequalityDispersion.Machine.Ctx m) →
        DisequalityDispersion.Machine.RSpec (DisequalityDispersion.Machine.emptyArrM D) [D] 3 Pre fun m m' =>
          m' D = m DisequalityDispersion.Machine.HP ∧
            m' (m DisequalityDispersion.Machine.HP) = 0 ∧
              m' DisequalityDispersion.Machine.HP = m DisequalityDispersion.Machine.HP + 1
DisequalityDispersion.Machine.argsPtrM_spec : ∀ (k : ℕ) (g : DisequalityDispersion.Encoded.GInstance)
  (Pre : DisequalityDispersion.Machine.Mem → Prop),
  (∀ (m : DisequalityDispersion.Machine.Mem), Pre m → DisequalityDispersion.Machine.InstCtx k g m) →
    (∀ (m : DisequalityDispersion.Machine.Mem), Pre m → m (DisequalityDispersion.Machine.X_ 0) < g.base.nodes.length) →
      DisequalityDispersion.Machine.RSpec DisequalityDispersion.Machine.argsPtrM
        [DisequalityDispersion.Machine.G_ 30, DisequalityDispersion.Machine.G_ 32, DisequalityDispersion.Machine.G_ 31]
        9 Pre fun m m' =>
        DisequalityDispersion.Machine.ArrIs m' (DisequalityDispersion.Machine.G_ 31)
            (g.argsOf (m (DisequalityDispersion.Machine.X_ 0))) ∧
          m' (DisequalityDispersion.Machine.X_ 0) = m (DisequalityDispersion.Machine.X_ 0)
DisequalityDispersion.Machine.edgePairM_spec : ∀ (k : ℕ) (g : DisequalityDispersion.Encoded.GInstance)
  (Pre : DisequalityDispersion.Machine.Mem → Prop),
  (∀ (m : DisequalityDispersion.Machine.Mem), Pre m → DisequalityDispersion.Machine.IdsCtx k g m) →
    DisequalityDispersion.Machine.FunSpec2 DisequalityDispersion.Machine.edgePairM
      [DisequalityDispersion.Machine.G_ 33, DisequalityDispersion.Machine.VAL, DisequalityDispersion.Machine.G_ 34,
        DisequalityDispersion.Machine.V2]
      15 Pre fun m =>
      (2 * g.base.canonIds.getD (m (DisequalityDispersion.Machine.X_ 1)) 0 + 1,
        2 * g.base.canonIds.getD (m (DisequalityDispersion.Machine.X_ 0)) 0)
DisequalityDispersion.Machine.EdgePost.stable : ∀ (g : DisequalityDispersion.Encoded.GInstance),
  DisequalityDispersion.Machine.PostStable (DisequalityDispersion.Machine.EdgePost g)
@DisequalityDispersion.Machine.argsOf_length_le : ∀ {n : ℕ} {g : DisequalityDispersion.Encoded.GInstance},
  DisequalityDispersion.Machine.Sized n g → ∀ (j : ℕ), (g.argsOf j).length ≤ n
DisequalityDispersion.Machine.argsPairsV_safe : DisequalityDispersion.Machine.SafeVars
  DisequalityDispersion.Machine.argsPairsV
DisequalityDispersion.Machine.argsPairsM_spec : ∀ (k : ℕ) (g : DisequalityDispersion.Encoded.GInstance) (n : ℕ),
  DisequalityDispersion.Machine.Sized n g →
    DisequalityDispersion.Machine.AllocSpec DisequalityDispersion.Machine.argsPairsM
      DisequalityDispersion.Machine.argsPairsV (9 + (n * (15 + 14) + 9) + 1)
      (fun m =>
        DisequalityDispersion.Machine.NC1 k g m ∧
          m (DisequalityDispersion.Machine.X_ 0) ∈
            DisequalityDispersion.Machine.arrAt m (m DisequalityDispersion.Machine.RNGN))
      (DisequalityDispersion.Machine.X_ 0) (DisequalityDispersion.Machine.EdgePost g)
@DisequalityDispersion.Machine.EdgeArrs.stable : ∀ {g : DisequalityDispersion.Encoded.GInstance} {V : List ℕ},
  (∀ x ∈ V, x < DisequalityDispersion.Machine.IN) →
    DisequalityDispersion.Machine.G_ 45 ∉ V →
      ∀ {m m' : DisequalityDispersion.Machine.Mem},
        DisequalityDispersion.Machine.Agree m m' V →
          DisequalityDispersion.Machine.IN ≤ m DisequalityDispersion.Machine.HP →
            DisequalityDispersion.Machine.EdgeArrs g m → DisequalityDispersion.Machine.EdgeArrs g m'
@DisequalityDispersion.Machine.EdgeArrs.stableP : ∀ {g : DisequalityDispersion.Encoded.GInstance} {V : List ℕ},
  (∀ x ∈ V, x < DisequalityDispersion.Machine.IN) →
    DisequalityDispersion.Machine.G_ 45 ∉ V →
      (∀ (m : DisequalityDispersion.Machine.Mem),
          DisequalityDispersion.Machine.EdgeArrs g m →
            DisequalityDispersion.Machine.IN ≤ m DisequalityDispersion.Machine.HP) →
        DisequalityDispersion.Machine.StableP (DisequalityDispersion.Machine.EdgeArrs g) V
DisequalityDispersion.Machine.edgeArcsL_eq : ∀ (g : DisequalityDispersion.Encoded.GInstance),
  g.edgeArcsL g.base.canonIds = DisequalityDispersion.Encoded.dedupList (DisequalityDispersion.Machine.edgeFlat g)
@DisequalityDispersion.Machine.length_flatMap_le : ∀ {α β : Type} (l : List α) (f : α → List β) (n : ℕ),
  (∀ x ∈ l, (f x).length ≤ n) → (List.flatMap f l).length ≤ l.length * n
@DisequalityDispersion.Machine.edgeFlat_length_le : ∀ {n : ℕ} {g : DisequalityDispersion.Encoded.GInstance},
  DisequalityDispersion.Machine.Sized n g → (DisequalityDispersion.Machine.edgeFlat g).length ≤ n * n
DisequalityDispersion.Machine.dedupV0_safe : DisequalityDispersion.Machine.SafeVars
  (DisequalityDispersion.Machine.dedupV 0)
DisequalityDispersion.Machine.edgeArcsV_safe : DisequalityDispersion.Machine.SafeVars
  DisequalityDispersion.Machine.edgeArcsV
DisequalityDispersion.Machine.edgeArcsM_spec : ∀ (k : ℕ) (g : DisequalityDispersion.Encoded.GInstance) (n : ℕ),
  DisequalityDispersion.Machine.Sized n g →
    DisequalityDispersion.Machine.RSpec DisequalityDispersion.Machine.edgeArcsM DisequalityDispersion.Machine.edgeArcsV
      (n * (9 + (n * (15 + 14) + 9) + 1 + 9) + 9 + 1 +
        (12 * n * n + 18 * n + 13 + 1 + (23 * (n * n) * (n * n) + 23 * (n * n) + 8 + 1)))
      (DisequalityDispersion.Machine.NC1 k g) fun x m' =>
      DisequalityDispersion.Machine.NC1 k g m' ∧
        DisequalityDispersion.Machine.PArrIs m' (DisequalityDispersion.Machine.G_ 47) (g.edgeArcsL g.base.canonIds)
DisequalityDispersion.Machine.isSrcNode_eq : ∀ (g : DisequalityDispersion.Encoded.GInstance) (j : ℕ)
  {m : DisequalityDispersion.Machine.Mem} {lo hi p : ℕ},
  DisequalityDispersion.Machine.RepNode m lo hi p (g.base.nodes.getD j (DisequalityDispersion.Encoded.Node.src 0)) →
    g.isSrcNode j = decide (m p = 0)
DisequalityDispersion.Machine.isSrcT_spec : ∀ (k : ℕ) (g : DisequalityDispersion.Encoded.GInstance)
  (Pre : DisequalityDispersion.Machine.Mem → Prop),
  (∀ (m : DisequalityDispersion.Machine.Mem), Pre m → DisequalityDispersion.Machine.InstCtx k g m) →
    (∀ (m : DisequalityDispersion.Machine.Mem), Pre m → m (DisequalityDispersion.Machine.X_ 0) < g.base.nodes.length) →
      DisequalityDispersion.Machine.StableP Pre
          [DisequalityDispersion.Machine.G_ 1, DisequalityDispersion.Machine.G_ 2] →
        DisequalityDispersion.Machine.TestSpec DisequalityDispersion.Machine.isSrcT
          [DisequalityDispersion.Machine.G_ 1, DisequalityDispersion.Machine.G_ 2, DisequalityDispersion.Machine.FLAG] 7
          Pre fun m => g.isSrcNode (m (DisequalityDispersion.Machine.X_ 0))
DisequalityDispersion.Machine.srcPairM_spec : ∀ (k : ℕ) (g : DisequalityDispersion.Encoded.GInstance)
  (Pre : DisequalityDispersion.Machine.Mem → Prop),
  (∀ (m : DisequalityDispersion.Machine.Mem), Pre m → DisequalityDispersion.Machine.IdsCtx k g m) →
    DisequalityDispersion.Machine.FunSpec2 DisequalityDispersion.Machine.srcPairM
      [DisequalityDispersion.Machine.VAL, DisequalityDispersion.Machine.G_ 3, DisequalityDispersion.Machine.V2] 8 Pre
      fun m =>
      (m DisequalityDispersion.Machine.NETS, 2 * g.base.canonIds.getD (m (DisequalityDispersion.Machine.X_ 0)) 0)
DisequalityDispersion.Machine.srcArcsV_safe : DisequalityDispersion.Machine.SafeVars
  DisequalityDispersion.Machine.srcArcsV
DisequalityDispersion.Machine.srcArcsM_spec : ∀ (k : ℕ) (g : DisequalityDispersion.Encoded.GInstance) (n : ℕ),
  DisequalityDispersion.Machine.Sized n g →
    DisequalityDispersion.Machine.RSpec DisequalityDispersion.Machine.srcArcsM DisequalityDispersion.Machine.srcArcsV
      (n * (7 + 14) + 9 + 1 + (n * (8 + 14) + 9 + 1 + (23 * n * n + 23 * n + 8 + 1)))
      (DisequalityDispersion.Machine.NC1 k g) fun x m' =>
      DisequalityDispersion.Machine.NC1 k g m' ∧
        DisequalityDispersion.Machine.PArrIs m' (DisequalityDispersion.Machine.G_ 50) (g.srcArcsL g.base.canonIds)
DisequalityDispersion.Machine.idxOf_eq_firstIndex : ∀ (l : List DisequalityDispersion.Encoded.Node)
  (a d : DisequalityDispersion.Encoded.Node),
  List.idxOf a l = DisequalityDispersion.Encoded.Instance.firstIndex (fun i => decide (l.getD i d = a)) l.length
DisequalityDispersion.Machine.fiV_safe : ∀ (R : ℕ),
  5 ≤ R ∧ R < DisequalityDispersion.Machine.IN ∧ R ∉ DisequalityDispersion.Machine.instVars →
    DisequalityDispersion.Machine.SafeVars
      (DisequalityDispersion.Machine.fiV 1 R
        [DisequalityDispersion.Machine.G_ 1, DisequalityDispersion.Machine.G_ 2, DisequalityDispersion.Machine.FLAG])
DisequalityDispersion.Machine.srcNodeM_spec : ∀ (k : ℕ) (g : DisequalityDispersion.Encoded.GInstance) (n : ℕ),
  DisequalityDispersion.Machine.Sized n g →
    ∀ (R XY : ℕ),
      5 ≤ R ∧ R < DisequalityDispersion.Machine.IN ∧ R ∉ DisequalityDispersion.Machine.instVars →
        R ∉ DisequalityDispersion.Machine.Lvars 1 →
          R ∉
              [DisequalityDispersion.Machine.NETS, DisequalityDispersion.Machine.NETT,
                DisequalityDispersion.Machine.NETN, DisequalityDispersion.Machine.RNGN,
                DisequalityDispersion.Machine.REPS, DisequalityDispersion.Machine.G_ 1,
                DisequalityDispersion.Machine.G_ 2, DisequalityDispersion.Machine.FLAG,
                DisequalityDispersion.Machine.NN, DisequalityDispersion.Machine.IDS, DisequalityDispersion.Machine.XV,
                DisequalityDispersion.Machine.YV] →
            XY ∈ [DisequalityDispersion.Machine.XV, DisequalityDispersion.Machine.YV] →
              DisequalityDispersion.Machine.RSpec
                (DisequalityDispersion.Machine.firstIndexM 1 R DisequalityDispersion.Machine.NN
                  (DisequalityDispersion.Machine.isSrcTest (DisequalityDispersion.Machine.X_ 1) XY
                    (DisequalityDispersion.Machine.G_ 1) (DisequalityDispersion.Machine.G_ 2)))
                (DisequalityDispersion.Machine.fiV 1 R
                  [DisequalityDispersion.Machine.G_ 1, DisequalityDispersion.Machine.G_ 2,
                    DisequalityDispersion.Machine.FLAG])
                (n * (15 + 9) + 5) (DisequalityDispersion.Machine.NC1 k g) fun m m' =>
                m' R = List.idxOf (DisequalityDispersion.Encoded.Node.src (m XY)) g.base.nodes
DisequalityDispersion.Machine.xNodeM_spec : ∀ (k : ℕ) (g : DisequalityDispersion.Encoded.GInstance) (n : ℕ),
  DisequalityDispersion.Machine.Sized n g →
    DisequalityDispersion.Machine.RSpec DisequalityDispersion.Machine.xNodeM
      (DisequalityDispersion.Machine.fiV 1 (DisequalityDispersion.Machine.G_ 51)
        [DisequalityDispersion.Machine.G_ 1, DisequalityDispersion.Machine.G_ 2, DisequalityDispersion.Machine.FLAG])
      (n * (15 + 9) + 5) (DisequalityDispersion.Machine.NC1 k g) fun x m' =>
      DisequalityDispersion.Machine.NC1 k g m' ∧ m' (DisequalityDispersion.Machine.G_ 51) = g.xNode
DisequalityDispersion.Machine.yNodeM_spec : ∀ (k : ℕ) (g : DisequalityDispersion.Encoded.GInstance) (n : ℕ),
  DisequalityDispersion.Machine.Sized n g →
    DisequalityDispersion.Machine.RSpec DisequalityDispersion.Machine.yNodeM
      (DisequalityDispersion.Machine.fiV 1 (DisequalityDispersion.Machine.G_ 52)
        [DisequalityDispersion.Machine.G_ 1, DisequalityDispersion.Machine.G_ 2, DisequalityDispersion.Machine.FLAG])
      (n * (15 + 9) + 5) (DisequalityDispersion.Machine.NC1 k g) fun x m' =>
      DisequalityDispersion.Machine.NC1 k g m' ∧ m' (DisequalityDispersion.Machine.G_ 52) = g.yNode
DisequalityDispersion.Machine.snkPairM_spec : ∀ (k : ℕ) (g : DisequalityDispersion.Encoded.GInstance)
  (Pre : DisequalityDispersion.Machine.Mem → Prop),
  (∀ (m : DisequalityDispersion.Machine.Mem), Pre m → DisequalityDispersion.Machine.IdsCtx k g m) →
    DisequalityDispersion.Machine.FunSpec2 DisequalityDispersion.Machine.snkPairM
      [DisequalityDispersion.Machine.G_ 3, DisequalityDispersion.Machine.VAL, DisequalityDispersion.Machine.V2] 9 Pre
      fun m =>
      (2 * g.base.canonIds.getD (m (DisequalityDispersion.Machine.X_ 0)) 0 + 1, m DisequalityDispersion.Machine.NETT)
DisequalityDispersion.Machine.snkArcsV_safe : DisequalityDispersion.Machine.SafeVars
  DisequalityDispersion.Machine.snkArcsV
DisequalityDispersion.Machine.snkArcsM_spec : ∀ (k : ℕ) (g : DisequalityDispersion.Encoded.GInstance) (n : ℕ),
  DisequalityDispersion.Machine.Sized n g →
    DisequalityDispersion.Machine.RSpec DisequalityDispersion.Machine.snkArcsM DisequalityDispersion.Machine.snkArcsV
      (n * (15 + 9) + 5 +
        (n * (15 + 9) + 5 +
          (8 + 1 +
            (2 * (n + 2) * 12 + 15 + 1 +
              ((n + 2) * (9 + 14) + 9 + 1 + (23 * (n + 2) * (n + 2) + 23 * (n + 2) + 8 + 1))))))
      (DisequalityDispersion.Machine.NC1 k g) fun x m' =>
      DisequalityDispersion.Machine.NC1 k g m' ∧
        DisequalityDispersion.Machine.PArrIs m' (DisequalityDispersion.Machine.G_ 56) (g.snkArcsL g.base.canonIds)
@DisequalityDispersion.Machine.RSpec.carryFact : ∀ {c : DisequalityDispersion.Machine.Cmd} {V : List ℕ} {B : ℕ}
  {Pre Q F : DisequalityDispersion.Machine.Mem → Prop},
  (DisequalityDispersion.Machine.RSpec c V B Pre fun x m' => Q m') →
    DisequalityDispersion.Machine.StableP F V →
      DisequalityDispersion.Machine.RSpec c V B (fun m => Pre m ∧ F m) fun x m' => Q m' ∧ F m'
DisequalityDispersion.Machine.arcsV_safe : DisequalityDispersion.Machine.SafeVars DisequalityDispersion.Machine.arcsV
@DisequalityDispersion.Machine.NetCtx.stableP : ∀ {k : ℕ} {g : DisequalityDispersion.Encoded.GInstance} {V : List ℕ},
  DisequalityDispersion.Machine.SafeVars V →
    DisequalityDispersion.Machine.IDS ∉ V →
      DisequalityDispersion.Machine.RNGN ∉ V →
        DisequalityDispersion.Machine.REPS ∉ V →
          DisequalityDispersion.Machine.NETS ∉ V →
            DisequalityDispersion.Machine.NETT ∉ V →
              DisequalityDispersion.Machine.NETN ∉ V →
                DisequalityDispersion.Machine.ARCS ∉ V →
                  DisequalityDispersion.Machine.StableP (DisequalityDispersion.Machine.NetCtx k g) V
@DisequalityDispersion.Machine.nodeArcsL_length_le : ∀ {n : ℕ} {g : DisequalityDispersion.Encoded.GInstance},
  DisequalityDispersion.Machine.Sized n g → (g.nodeArcsL g.base.canonIds).length ≤ n
@DisequalityDispersion.Machine.dedupList_length_le' : ∀ {α : Type} [inst : DecidableEq α] (l : List α),
  (DisequalityDispersion.Encoded.dedupList l).length ≤ l.length
@DisequalityDispersion.Machine.edgeArcsL_length_le : ∀ {n : ℕ} {g : DisequalityDispersion.Encoded.GInstance},
  DisequalityDispersion.Machine.Sized n g → (g.edgeArcsL g.base.canonIds).length ≤ n * n
@DisequalityDispersion.Machine.srcArcsL_length_le : ∀ {n : ℕ} {g : DisequalityDispersion.Encoded.GInstance},
  DisequalityDispersion.Machine.Sized n g → (g.srcArcsL g.base.canonIds).length ≤ n
@DisequalityDispersion.Machine.snkArcsL_length_le : ∀ {n : ℕ} {g : DisequalityDispersion.Encoded.GInstance},
  DisequalityDispersion.Machine.Sized n g → (g.snkArcsL g.base.canonIds).length ≤ n + 2
DisequalityDispersion.Machine.arcsM_spec : ∀ (k : ℕ) (g : DisequalityDispersion.Encoded.GInstance) (n : ℕ),
  DisequalityDispersion.Machine.Sized n g →
    DisequalityDispersion.Machine.RSpec DisequalityDispersion.Machine.arcsM DisequalityDispersion.Machine.arcsV
      (3 * (2 * (n * n + 2 * n + 2) * 12 + 15 + 1))
      (fun m =>
        DisequalityDispersion.Machine.NC1 k g m ∧
          DisequalityDispersion.Machine.PArrIs m (DisequalityDispersion.Machine.G_ 44) (g.nodeArcsL g.base.canonIds) ∧
            DisequalityDispersion.Machine.PArrIs m (DisequalityDispersion.Machine.G_ 47) (g.edgeArcsL g.base.canonIds) ∧
              DisequalityDispersion.Machine.PArrIs m (DisequalityDispersion.Machine.G_ 50)
                  (g.srcArcsL g.base.canonIds) ∧
                DisequalityDispersion.Machine.PArrIs m (DisequalityDispersion.Machine.G_ 56)
                  (g.snkArcsL g.base.canonIds))
      fun x m' => DisequalityDispersion.Machine.NetCtx k g m'
DisequalityDispersion.Machine.netV_safe : DisequalityDispersion.Machine.SafeVars DisequalityDispersion.Machine.netV
DisequalityDispersion.Machine.netM_spec : ∀ (k : ℕ) (g : DisequalityDispersion.Encoded.GInstance) (n : ℕ),
  DisequalityDispersion.Machine.Sized n g →
    DisequalityDispersion.Machine.RSpec DisequalityDispersion.Machine.netM DisequalityDispersion.Machine.netV
      (DisequalityDispersion.Machine.netB n) (DisequalityDispersion.Machine.IdsCtx k g) fun x m' =>
      DisequalityDispersion.Machine.NetCtx k g m'
DisequalityDispersion.Machine.UARR_eq : DisequalityDispersion.Machine.UARR = 190
DisequalityDispersion.Machine.SEEN_eq : DisequalityDispersion.Machine.SEEN = 191
DisequalityDispersion.Machine.FRONT_eq : DisequalityDispersion.Machine.FRONT = 192
DisequalityDispersion.Machine.LAYS_eq : DisequalityDispersion.Machine.LAYS = 193
DisequalityDispersion.Machine.PATH_eq : DisequalityDispersion.Machine.PATH = 194
DisequalityDispersion.Machine.STEPS_eq : DisequalityDispersion.Machine.STEPS = 195
DisequalityDispersion.Machine.MODE_eq : DisequalityDispersion.Machine.MDE = 196
DisequalityDispersion.Machine.CUR_eq : DisequalityDispersion.Machine.CUR = 197
DisequalityDispersion.Machine.FUEL_eq : DisequalityDispersion.Machine.FUEL = 198
DisequalityDispersion.Machine.NEWU_eq : DisequalityDispersion.Machine.NEWU = 199
DisequalityDispersion.Machine.any_eq_mem : ∀ (l : List ℕ) (a : ℕ), (l.any fun x => decide (x = a)) = decide (a ∈ l)
DisequalityDispersion.Machine.memValM_spec : ∀ (L SRC Y n : ℕ),
  L ≤ 9 →
    5 ≤ SRC ∧ SRC < DisequalityDispersion.Machine.IN →
      5 ≤ Y ∧ Y < DisequalityDispersion.Machine.IN →
        SRC ∉ DisequalityDispersion.Machine.Lvars L →
          SRC ≠ DisequalityDispersion.Machine.FLAG →
            Y ∉ DisequalityDispersion.Machine.Lvars L →
              Y ≠ DisequalityDispersion.Machine.FLAG →
                ∀ (Pre : DisequalityDispersion.Machine.Mem → Prop),
                  (∀ (m : DisequalityDispersion.Machine.Mem), Pre m → DisequalityDispersion.Machine.Ctx m) →
                    (∀ (m : DisequalityDispersion.Machine.Mem),
                        Pre m →
                          DisequalityDispersion.Machine.IN ≤ m SRC ∧
                            m SRC + 1 + m (m SRC) ≤ m DisequalityDispersion.Machine.HP ∧ m (m SRC) ≤ n) →
                      DisequalityDispersion.Machine.StableP Pre
                          (DisequalityDispersion.Machine.Lvars L ++
                            [DisequalityDispersion.Machine.FLAG, DisequalityDispersion.Machine.FLAG]) →
                        DisequalityDispersion.Machine.TestSpec (DisequalityDispersion.Machine.memValM L SRC Y)
                          (DisequalityDispersion.Machine.Lvars L ++
                            [DisequalityDispersion.Machine.FLAG, DisequalityDispersion.Machine.FLAG])
                          (n * (3 + 11) + 10) Pre fun m => decide (m Y ∈ DisequalityDispersion.Machine.arrAt m (m SRC))
@DisequalityDispersion.Machine.FCtx.stableP : ∀ {k : ℕ} {g : DisequalityDispersion.Encoded.GInstance} {U : List (ℕ × ℕ)}
  {V : List ℕ},
  DisequalityDispersion.Machine.SafeVars V →
    DisequalityDispersion.Machine.IDS ∉ V →
      DisequalityDispersion.Machine.RNGN ∉ V →
        DisequalityDispersion.Machine.REPS ∉ V →
          DisequalityDispersion.Machine.NETS ∉ V →
            DisequalityDispersion.Machine.NETT ∉ V →
              DisequalityDispersion.Machine.NETN ∉ V →
                DisequalityDispersion.Machine.ARCS ∉ V →
                  DisequalityDispersion.Machine.UARR ∉ V →
                    DisequalityDispersion.Machine.StableP (DisequalityDispersion.Machine.FCtx k g U) V
@DisequalityDispersion.Machine.FCtx.ctx : ∀ {k : ℕ} {g : DisequalityDispersion.Encoded.GInstance} {U : List (ℕ × ℕ)}
  {m : DisequalityDispersion.Machine.Mem},
  DisequalityDispersion.Machine.FCtx k g U m → DisequalityDispersion.Machine.Ctx m
@DisequalityDispersion.Machine.FCtx.inst : ∀ {k : ℕ} {g : DisequalityDispersion.Encoded.GInstance} {U : List (ℕ × ℕ)}
  {m : DisequalityDispersion.Machine.Mem},
  DisequalityDispersion.Machine.FCtx k g U m → DisequalityDispersion.Machine.InstCtx k g m
@DisequalityDispersion.Machine.arcs_length_le : ∀ {n : ℕ} {g : DisequalityDispersion.Encoded.GInstance},
  DisequalityDispersion.Machine.Sized n g →
    (g.networkL g.base.canonIds).arcs.length ≤ DisequalityDispersion.Machine.arcBound n
@DisequalityDispersion.Machine.netNodes_length_le : ∀ {n : ℕ} {g : DisequalityDispersion.Encoded.GInstance},
  DisequalityDispersion.Machine.Sized n g → (g.networkL g.base.canonIds).nodes.length ≤ 2 * n + 2
DisequalityDispersion.Machine.mkPairM_spec : ∀ (A B D : ℕ),
  5 ≤ A ∧ A < DisequalityDispersion.Machine.IN →
    5 ≤ B ∧ B < DisequalityDispersion.Machine.IN →
      5 ≤ D ∧ D < DisequalityDispersion.Machine.IN →
        A ≠ D →
          B ≠ D →
            ∀ (Pre : DisequalityDispersion.Machine.Mem → Prop),
              (∀ (m : DisequalityDispersion.Machine.Mem), Pre m → DisequalityDispersion.Machine.Ctx m) →
                DisequalityDispersion.Machine.RSpec (DisequalityDispersion.Machine.mkPairM A B D) [D] 5 Pre fun m m' =>
                  m' D = m DisequalityDispersion.Machine.HP ∧
                    m' (m DisequalityDispersion.Machine.HP) = m A ∧
                      m' (m DisequalityDispersion.Machine.HP + 1) = m B ∧
                        m' DisequalityDispersion.Machine.HP = m DisequalityDispersion.Machine.HP + 2
DisequalityDispersion.Machine.resV_safe : DisequalityDispersion.Machine.SafeVars DisequalityDispersion.Machine.resV
@DisequalityDispersion.Machine.RecAt.stable : ∀ {m m' : DisequalityDispersion.Machine.Mem} {V : List ℕ} {D A B : ℕ},
  DisequalityDispersion.Machine.Agree m m' V →
    (∀ x ∈ V, x < DisequalityDispersion.Machine.IN) →
      200 ≤ m DisequalityDispersion.Machine.HP →
        D < 200 →
          D ≠ DisequalityDispersion.Machine.HP →
            D ∉ V →
              A < 200 →
                A ≠ DisequalityDispersion.Machine.HP →
                  A ∉ V →
                    B < 200 →
                      B ≠ DisequalityDispersion.Machine.HP →
                        B ∉ V →
                          DisequalityDispersion.Machine.RecAt m D A B → DisequalityDispersion.Machine.RecAt m' D A B
DisequalityDispersion.Machine.resTest_spec : ∀ (k : ℕ) (g : DisequalityDispersion.Encoded.GInstance) (U : List (ℕ × ℕ))
  (n UB : ℕ),
  DisequalityDispersion.Machine.Sized n g →
    U.length ≤ UB →
      ∀ (X Y : ℕ),
        5 ≤ X ∧ X < DisequalityDispersion.Machine.IN →
          5 ≤ Y ∧ Y < DisequalityDispersion.Machine.IN →
            X ∉ DisequalityDispersion.Machine.resV →
              Y ∉ DisequalityDispersion.Machine.resV →
                ∀ (Pre : DisequalityDispersion.Machine.Mem → Prop),
                  (∀ (m : DisequalityDispersion.Machine.Mem), Pre m → DisequalityDispersion.Machine.FCtx k g U m) →
                    DisequalityDispersion.Machine.StableP Pre DisequalityDispersion.Machine.resV →
                      DisequalityDispersion.Machine.TestSpec (DisequalityDispersion.Machine.resTest X Y)
                        DisequalityDispersion.Machine.resV
                        (5 +
                          (5 +
                            (DisequalityDispersion.Machine.arcBound n * 23 + 10 + (UB * 23 + 10 + 1) + 3 +
                                (UB * 23 + 10) +
                              3)))
                        Pre fun m => decide ((g.networkL g.base.canonIds).ResL U (m X) (m Y))
@DisequalityDispersion.Machine.LCtx.stableP : ∀ {k : ℕ} {g : DisequalityDispersion.Encoded.GInstance} {U : List (ℕ × ℕ)}
  {seen front V : List ℕ},
  DisequalityDispersion.Machine.SafeVars V →
    DisequalityDispersion.Machine.IDS ∉ V →
      DisequalityDispersion.Machine.RNGN ∉ V →
        DisequalityDispersion.Machine.REPS ∉ V →
          DisequalityDispersion.Machine.NETS ∉ V →
            DisequalityDispersion.Machine.NETT ∉ V →
              DisequalityDispersion.Machine.NETN ∉ V →
                DisequalityDispersion.Machine.ARCS ∉ V →
                  DisequalityDispersion.Machine.UARR ∉ V →
                    DisequalityDispersion.Machine.SEEN ∉ V →
                      DisequalityDispersion.Machine.FRONT ∉ V →
                        DisequalityDispersion.Machine.StableP (DisequalityDispersion.Machine.LCtx k g U seen front) V
@DisequalityDispersion.Machine.LCtx.ctx : ∀ {k : ℕ} {g : DisequalityDispersion.Encoded.GInstance} {U : List (ℕ × ℕ)}
  {seen front : List ℕ} {m : DisequalityDispersion.Machine.Mem},
  DisequalityDispersion.Machine.LCtx k g U seen front m → DisequalityDispersion.Machine.Ctx m
DisequalityDispersion.Machine.frontV_safe : DisequalityDispersion.Machine.SafeVars DisequalityDispersion.Machine.frontV
DisequalityDispersion.Machine.frontTest_spec : ∀ (k : ℕ) (g : DisequalityDispersion.Encoded.GInstance)
  (U : List (ℕ × ℕ)) (seen front : List ℕ) (n : ℕ),
  DisequalityDispersion.Machine.Sized n g →
    U.length ≤ DisequalityDispersion.Machine.flowBound n →
      seen.length ≤ DisequalityDispersion.Machine.seenBound n →
        front.length ≤ DisequalityDispersion.Machine.nodeBound n →
          DisequalityDispersion.Machine.TestSpec DisequalityDispersion.Machine.frontTest
            DisequalityDispersion.Machine.frontV (DisequalityDispersion.Machine.frontB n)
            (fun m =>
              DisequalityDispersion.Machine.LCtx k g U seen front m ∧
                m (DisequalityDispersion.Machine.X_ 0) ∈
                  DisequalityDispersion.Machine.arrAt m (m DisequalityDispersion.Machine.NETN))
            fun m =>
            decide
              (m (DisequalityDispersion.Machine.X_ 0) ∉ seen ∧
                m (DisequalityDispersion.Machine.X_ 0) ∉ front ∧
                  (front.any fun x =>
                      decide ((g.networkL g.base.canonIds).ResL U x (m (DisequalityDispersion.Machine.X_ 0)))) =
                    true)
DisequalityDispersion.Machine.newFrontV_safe : DisequalityDispersion.Machine.SafeVars
  DisequalityDispersion.Machine.newFrontV
DisequalityDispersion.Machine.newFrontM_spec : ∀ (k : ℕ) (g : DisequalityDispersion.Encoded.GInstance)
  (U : List (ℕ × ℕ)) (seen front : List ℕ) (n : ℕ),
  DisequalityDispersion.Machine.Sized n g →
    U.length ≤ DisequalityDispersion.Machine.flowBound n →
      seen.length ≤ DisequalityDispersion.Machine.seenBound n →
        front.length ≤ DisequalityDispersion.Machine.nodeBound n →
          DisequalityDispersion.Machine.RSpec DisequalityDispersion.Machine.newFrontM
            DisequalityDispersion.Machine.newFrontV
            (DisequalityDispersion.Machine.nodeBound n * (DisequalityDispersion.Machine.frontB n + 14) + 9 + 1)
            (DisequalityDispersion.Machine.LCtx k g U seen front) fun x m' =>
            DisequalityDispersion.Machine.ArrIs m' (DisequalityDispersion.Machine.G_ 12)
              ((g.networkL g.base.canonIds).newFront U seen front)
DisequalityDispersion.Machine.layersAux_eq : ∀ (N : DisequalityDispersion.Flow.Network ℕ) (U : List (ℕ × ℕ)) (j i : ℕ),
  N.layersAux U j (DisequalityDispersion.Machine.layerState N U i).1
      (DisequalityDispersion.Machine.layerState N U i).2 =
    List.map (fun t => (DisequalityDispersion.Machine.layerState N U (i + t)).2) (List.range (j + 1))
DisequalityDispersion.Machine.layers_eq : ∀ (N : DisequalityDispersion.Flow.Network ℕ) (U : List (ℕ × ℕ)),
  N.layers U = List.map (fun t => (DisequalityDispersion.Machine.layerState N U t).2) (List.range (N.nodes.length + 1))
DisequalityDispersion.Machine.layerState_front_le : ∀ (N : DisequalityDispersion.Flow.Network ℕ) (U : List (ℕ × ℕ)),
  1 ≤ N.nodes.length → ∀ (i : ℕ), (DisequalityDispersion.Machine.layerState N U i).2.length ≤ N.nodes.length
DisequalityDispersion.Machine.layerState_seen_le : ∀ (N : DisequalityDispersion.Flow.Network ℕ) (U : List (ℕ × ℕ)),
  1 ≤ N.nodes.length → ∀ (i : ℕ), (DisequalityDispersion.Machine.layerState N U i).1.length ≤ i * N.nodes.length
DisequalityDispersion.Machine.netNodes_length_pos : ∀ (g : DisequalityDispersion.Encoded.GInstance),
  1 ≤ (g.networkL g.base.canonIds).nodes.length
DisequalityDispersion.Machine.layerState_seen_eq : ∀ (N : DisequalityDispersion.Flow.Network ℕ) (U : List (ℕ × ℕ))
  (j : ℕ),
  (DisequalityDispersion.Machine.layerState N U j).1 =
    (List.map (fun t => (DisequalityDispersion.Machine.layerState N U t).2) (List.range j)).flatten
DisequalityDispersion.Machine.loopR_spec : ∀ L ≤ 9,
  ∀ (body : DisequalityDispersion.Machine.Cmd) (V : List ℕ) (B N : ℕ)
    (Inv : ℕ → DisequalityDispersion.Machine.Mem → Prop),
    (∀ x ∈ V, x < DisequalityDispersion.Machine.IN) →
      DisequalityDispersion.Machine.I_ L ∉ V →
        DisequalityDispersion.Machine.ONE ∉ V →
          (∀ (j : ℕ) (m : DisequalityDispersion.Machine.Mem),
              Inv j m →
                m (DisequalityDispersion.Machine.I_ L) = j ∧
                  m (DisequalityDispersion.Machine.CNT_ L) = N ∧
                    m DisequalityDispersion.Machine.ONE = 1 ∧
                      DisequalityDispersion.Machine.IN ≤ m DisequalityDispersion.Machine.HP) →
            (∀ (j : ℕ) (m : DisequalityDispersion.Machine.Mem),
                j < N →
                  Inv j m →
                    ∃ m' k,
                      body.Exec m m' k ∧
                        k ≤ B ∧
                          DisequalityDispersion.Machine.Agree m m' V ∧
                            Inv (j + 1) (m'.write (DisequalityDispersion.Machine.I_ L) (j + 1))) →
              ∀ (j : ℕ) (m : DisequalityDispersion.Machine.Mem),
                j ≤ N →
                  Inv j m →
                    ∃ m' k,
                      (DisequalityDispersion.Machine.forLoop (DisequalityDispersion.Machine.I_ L)
                              (DisequalityDispersion.Machine.CNT_ L) body).Exec
                          m m' k ∧
                        Inv N m' ∧ k ≤ (N - j) * (B + 3) + 2
@DisequalityDispersion.Machine.Ptrs.stable : ∀ {m m' : DisequalityDispersion.Machine.Mem} {V ptrs : List ℕ}
  {ls : List (List ℕ)},
  DisequalityDispersion.Machine.Agree m m' V →
    (∀ x ∈ V, x < DisequalityDispersion.Machine.IN) →
      DisequalityDispersion.Machine.Ptrs m ptrs ls → DisequalityDispersion.Machine.Ptrs m' ptrs ls
@DisequalityDispersion.Machine.Ptrs.stableP : ∀ {V ptrs : List ℕ} {ls : List (List ℕ)},
  (∀ x ∈ V, x < DisequalityDispersion.Machine.IN) →
    DisequalityDispersion.Machine.StableP (fun m => DisequalityDispersion.Machine.Ptrs m ptrs ls) V
@DisequalityDispersion.Machine.Ptrs.push : ∀ {m : DisequalityDispersion.Machine.Mem} {ptrs : List ℕ}
  {ls : List (List ℕ)} {F : ℕ} {front : List ℕ},
  DisequalityDispersion.Machine.Ptrs m ptrs ls →
    DisequalityDispersion.Machine.ArrIs m F front → DisequalityDispersion.Machine.Ptrs m (ptrs ++ [m F]) (ls ++ [front])
DisequalityDispersion.Machine.Ptrs.nil : ∀ (m : DisequalityDispersion.Machine.Mem),
  DisequalityDispersion.Machine.Ptrs m [] []
DisequalityDispersion.Machine.arr1M_spec : ∀ (D A : ℕ),
  5 ≤ D ∧ D < DisequalityDispersion.Machine.IN →
    5 ≤ A ∧ A < DisequalityDispersion.Machine.IN →
      A ≠ D →
        ∀ (Pre : DisequalityDispersion.Machine.Mem → Prop),
          (∀ (m : DisequalityDispersion.Machine.Mem), Pre m → DisequalityDispersion.Machine.Ctx m) →
            DisequalityDispersion.Machine.RSpec (DisequalityDispersion.Machine.arr1M D A) [D] 5 Pre fun m m' =>
              m' D = m DisequalityDispersion.Machine.HP ∧
                m' (m DisequalityDispersion.Machine.HP) = 1 ∧
                  m' (m DisequalityDispersion.Machine.HP + 1) = m A ∧
                    m' DisequalityDispersion.Machine.HP = m DisequalityDispersion.Machine.HP + 2
@DisequalityDispersion.Machine.arrAt_one : ∀ {m : DisequalityDispersion.Machine.Mem} {a : ℕ},
  m a = 1 → DisequalityDispersion.Machine.arrAt m a = [m (a + 1)]
@DisequalityDispersion.Machine.arrAt_nil : ∀ {m : DisequalityDispersion.Machine.Mem} {a : ℕ},
  m a = 0 → DisequalityDispersion.Machine.arrAt m a = []
@DisequalityDispersion.Machine.ArrIs.mov : ∀ {m m' : DisequalityDispersion.Machine.Mem} {V : List ℕ} {P Q : ℕ}
  {l : List ℕ},
  DisequalityDispersion.Machine.Agree m m' V →
    (∀ x ∈ V, x < DisequalityDispersion.Machine.IN) →
      m' P = m Q → DisequalityDispersion.Machine.ArrIs m Q l → DisequalityDispersion.Machine.ArrIs m' P l
@DisequalityDispersion.Machine.LaysAt.stable : ∀ {m m' : DisequalityDispersion.Machine.Mem} {V : List ℕ}
  {ls : List (List ℕ)},
  DisequalityDispersion.Machine.Agree m m' V →
    (∀ x ∈ V, x < DisequalityDispersion.Machine.IN) →
      DisequalityDispersion.Machine.LAYS ∉ V →
        DisequalityDispersion.Machine.LaysAt m ls → DisequalityDispersion.Machine.LaysAt m' ls
DisequalityDispersion.Machine.nodeBound_le_seenBound : ∀ (n : ℕ),
  DisequalityDispersion.Machine.nodeBound n ≤ DisequalityDispersion.Machine.seenBound n
DisequalityDispersion.Machine.layerBodyV_safe : DisequalityDispersion.Machine.SafeVars
  DisequalityDispersion.Machine.layerBodyV
DisequalityDispersion.Machine.layerBody_spec : ∀ (k : ℕ) (g : DisequalityDispersion.Encoded.GInstance)
  (U : List (ℕ × ℕ)) (seen front : List ℕ) (ls : List (List ℕ)) (n f : ℕ) (ptrs : List ℕ),
  DisequalityDispersion.Machine.Sized n g →
    U.length ≤ DisequalityDispersion.Machine.flowBound n →
      seen.length ≤ DisequalityDispersion.Machine.seenBound n →
        front.length ≤ DisequalityDispersion.Machine.nodeBound n →
          ls.length ≤ 2 * n + 3 →
            DisequalityDispersion.Machine.RSpec DisequalityDispersion.Machine.layerBody
              DisequalityDispersion.Machine.layerBodyV (DisequalityDispersion.Machine.layerBodyB n)
              (fun m =>
                DisequalityDispersion.Machine.LCtx k g U seen front m ∧
                  m DisequalityDispersion.Machine.FRONT = f ∧
                    DisequalityDispersion.Machine.ArrIs m DisequalityDispersion.Machine.LAYS ptrs ∧
                      DisequalityDispersion.Machine.Ptrs m ptrs ls)
              fun x m' =>
              DisequalityDispersion.Machine.LCtx k g U (seen ++ front)
                  ((g.networkL g.base.canonIds).newFront U seen front) m' ∧
                DisequalityDispersion.Machine.LaysAt m' (ls ++ [front])
DisequalityDispersion.Machine.layersV_safe : DisequalityDispersion.Machine.SafeVars
  DisequalityDispersion.Machine.layersV
DisequalityDispersion.Machine.layersM_spec : ∀ (k : ℕ) (g : DisequalityDispersion.Encoded.GInstance) (U : List (ℕ × ℕ))
  (n : ℕ),
  DisequalityDispersion.Machine.Sized n g →
    U.length ≤ DisequalityDispersion.Machine.flowBound n →
      DisequalityDispersion.Machine.RSpec DisequalityDispersion.Machine.layersM DisequalityDispersion.Machine.layersV
        (DisequalityDispersion.Machine.layersB n) (DisequalityDispersion.Machine.FCtx k g U) fun x m' =>
        DisequalityDispersion.Machine.FCtx k g U m' ∧
          DisequalityDispersion.Machine.ArrIs m' DisequalityDispersion.Machine.SEEN
              ((g.networkL g.base.canonIds).seen U) ∧
            DisequalityDispersion.Machine.LaysAt m' ((g.networkL g.base.canonIds).layers U)
DisequalityDispersion.Machine.foldl_exStep_two : ∀ (N : DisequalityDispersion.Flow.Network ℕ) (U : List (ℕ × ℕ)) (y : ℕ)
  (acc : List ℕ) (rls : List (List ℕ)),
  List.foldl (DisequalityDispersion.Machine.exStep N U) (2, y, acc) rls = (2, y, acc)
DisequalityDispersion.Machine.foldl_exStep_one : ∀ (N : DisequalityDispersion.Flow.Network ℕ) (U : List (ℕ × ℕ))
  (rls : List (List ℕ)) (y : ℕ) (acc : List ℕ),
  (List.foldl (DisequalityDispersion.Machine.exStep N U) (1, y, y :: acc) rls).2.2 = (N.descendR U rls y).reverse ++ acc
DisequalityDispersion.Machine.foldl_exStep_zero : ∀ (N : DisequalityDispersion.Flow.Network ℕ) (U : List (ℕ × ℕ))
  (rls : List (List ℕ)) (y : ℕ),
  (List.foldl (DisequalityDispersion.Machine.exStep N U) (0, y, []) rls).2.2 = (N.extractR U rls y).reverse
DisequalityDispersion.Machine.augPath_eq : ∀ (N : DisequalityDispersion.Flow.Network ℕ) (U : List (ℕ × ℕ)),
  N.augPath U = (List.foldl (DisequalityDispersion.Machine.exStep N U) (0, N.t, []) (N.layers U).reverse).2.2
DisequalityDispersion.Machine.exStep_length : ∀ (N : DisequalityDispersion.Flow.Network ℕ) (U : List (ℕ × ℕ))
  (st : ℕ × ℕ × List ℕ) (L : List ℕ), (DisequalityDispersion.Machine.exStep N U st L).2.2.length ≤ st.2.2.length + 1
DisequalityDispersion.Machine.foldl_exStep_length : ∀ (N : DisequalityDispersion.Flow.Network ℕ) (U : List (ℕ × ℕ))
  (rls : List (List ℕ)) (st : ℕ × ℕ × List ℕ),
  (List.foldl (DisequalityDispersion.Machine.exStep N U) st rls).2.2.length ≤ st.2.2.length + rls.length
DisequalityDispersion.Machine.find?_of_first : ∀ (p : ℕ → Bool) (l : List ℕ) (i : ℕ) (hi : i < l.length),
  p l[i] = true → (∀ (j : ℕ) (hj : j < i), p l[j] = false) → List.find? p l = some l[i]
DisequalityDispersion.Machine.find?_eq_firstIndex : ∀ (p : ℕ → Bool) (l : List ℕ),
  List.find? p l =
    if DisequalityDispersion.Encoded.Instance.firstIndex (fun i => p (l.getD i 0)) l.length < l.length then
      some (l.getD (DisequalityDispersion.Encoded.Instance.firstIndex (fun i => p (l.getD i 0)) l.length) 0)
    else none
@DisequalityDispersion.Machine.RSpec.ite' : ∀ {c₁ c₂ : DisequalityDispersion.Machine.Cmd} {V₁ V₂ : List ℕ} {B₁ B₂ : ℕ}
  {Pre : DisequalityDispersion.Machine.Mem → Prop}
  {Post₁ Post₂ : DisequalityDispersion.Machine.Mem → DisequalityDispersion.Machine.Mem → Prop} (a b : ℕ),
  DisequalityDispersion.Machine.RSpec c₁ V₁ B₁ (fun m => Pre m ∧ m a = m b) Post₁ →
    DisequalityDispersion.Machine.RSpec c₂ V₂ B₂ (fun m => Pre m ∧ m a ≠ m b) Post₂ →
      DisequalityDispersion.Machine.RSpec
        (DisequalityDispersion.Machine.Cmd.ite (DisequalityDispersion.Machine.Cond.eq a b) c₁ c₂) (V₁ ++ V₂)
        (B₁ + B₂ + 2) Pre fun m m' => if m a = m b then Post₁ m m' else Post₂ m m'
@DisequalityDispersion.Machine.RSpec.iteLt' : ∀ {c₁ c₂ : DisequalityDispersion.Machine.Cmd} {V₁ V₂ : List ℕ} {B₁ B₂ : ℕ}
  {Pre : DisequalityDispersion.Machine.Mem → Prop}
  {Post₁ Post₂ : DisequalityDispersion.Machine.Mem → DisequalityDispersion.Machine.Mem → Prop} (a b : ℕ),
  DisequalityDispersion.Machine.RSpec c₁ V₁ B₁ (fun m => Pre m ∧ m a < m b) Post₁ →
    DisequalityDispersion.Machine.RSpec c₂ V₂ B₂ (fun m => Pre m ∧ ¬m a < m b) Post₂ →
      DisequalityDispersion.Machine.RSpec
        (DisequalityDispersion.Machine.Cmd.ite (DisequalityDispersion.Machine.Cond.lt a b) c₁ c₂) (V₁ ++ V₂)
        (B₁ + B₂ + 2) Pre fun m m' => if m a < m b then Post₁ m m' else Post₂ m m'
DisequalityDispersion.Machine.nopM_spec : ∀ (Pre : DisequalityDispersion.Machine.Mem → Prop),
  DisequalityDispersion.Machine.RSpec DisequalityDispersion.Machine.nop [] 1 Pre fun m m' => m' = m
DisequalityDispersion.Machine.setcM_spec : ∀ (D v : ℕ),
  5 ≤ D ∧ D < DisequalityDispersion.Machine.IN →
    ∀ (Pre : DisequalityDispersion.Machine.Mem → Prop),
      DisequalityDispersion.Machine.RSpec (DisequalityDispersion.Machine.setc D v) [D] 1 Pre fun m m' =>
        m' D = v ∧ m' DisequalityDispersion.Machine.HP = m DisequalityDispersion.Machine.HP
DisequalityDispersion.Machine.consPathV_safe : DisequalityDispersion.Machine.SafeVars
  DisequalityDispersion.Machine.consPathV
DisequalityDispersion.Machine.consPathM_spec : ∀ (Y n : ℕ),
  5 ≤ Y ∧ Y < DisequalityDispersion.Machine.IN →
    Y ∉ DisequalityDispersion.Machine.consPathV →
      ∀ (acc : List ℕ) (y : ℕ) (Pre : DisequalityDispersion.Machine.Mem → Prop),
        (∀ (m : DisequalityDispersion.Machine.Mem), Pre m → DisequalityDispersion.Machine.Ctx m) →
          (∀ (m : DisequalityDispersion.Machine.Mem),
              Pre m → DisequalityDispersion.Machine.ArrIs m DisequalityDispersion.Machine.PATH acc ∧ m Y = y) →
            acc.length ≤ n →
              DisequalityDispersion.Machine.RSpec (DisequalityDispersion.Machine.consPathM Y)
                DisequalityDispersion.Machine.consPathV (DisequalityDispersion.Machine.consPathB n) Pre fun x m' =>
                DisequalityDispersion.Machine.ArrIs m' DisequalityDispersion.Machine.PATH (y :: acc)
DisequalityDispersion.Machine.descV_safe : DisequalityDispersion.Machine.SafeVars DisequalityDispersion.Machine.descV
DisequalityDispersion.Machine.descTest_spec : ∀ (k : ℕ) (g : DisequalityDispersion.Encoded.GInstance) (U : List (ℕ × ℕ))
  (n : ℕ),
  DisequalityDispersion.Machine.Sized n g →
    U.length ≤ DisequalityDispersion.Machine.flowBound n →
      ∀ (L : List ℕ),
        DisequalityDispersion.Machine.TestSpec DisequalityDispersion.Machine.descTest
          DisequalityDispersion.Machine.descV (DisequalityDispersion.Machine.descB n)
          (fun m =>
            (DisequalityDispersion.Machine.FCtx k g U m ∧
                DisequalityDispersion.Machine.ArrIs m (DisequalityDispersion.Machine.X_ 5) L ∧
                  m (DisequalityDispersion.Machine.G_ 21) = L.length) ∧
              m (DisequalityDispersion.Machine.X_ 4) < m (DisequalityDispersion.Machine.G_ 21))
          fun m =>
          decide
            ((g.networkL g.base.canonIds).ResL U (L.getD (m (DisequalityDispersion.Machine.X_ 4)) 0)
              (m DisequalityDispersion.Machine.CUR))
@DisequalityDispersion.Machine.XState.stable : ∀ {m m' : DisequalityDispersion.Machine.Mem} {V : List ℕ}
  {st : ℕ × ℕ × List ℕ},
  DisequalityDispersion.Machine.Agree m m' V →
    (∀ x ∈ V, x < DisequalityDispersion.Machine.IN) →
      DisequalityDispersion.Machine.MDE ∉ V →
        DisequalityDispersion.Machine.CUR ∉ V →
          DisequalityDispersion.Machine.PATH ∉ V →
            200 ≤ m DisequalityDispersion.Machine.HP →
              DisequalityDispersion.Machine.XState st m → DisequalityDispersion.Machine.XState st m'
DisequalityDispersion.Machine.pathV0_safe : DisequalityDispersion.Machine.SafeVars DisequalityDispersion.Machine.pathV0
DisequalityDispersion.Machine.fiV_safe' : ∀ (L R : ℕ),
  L ≤ 9 →
    5 ≤ R ∧ R < DisequalityDispersion.Machine.IN ∧ R ∉ DisequalityDispersion.Machine.instVars →
      ∀ {V : List ℕ},
        DisequalityDispersion.Machine.SafeVars V →
          DisequalityDispersion.Machine.SafeVars (DisequalityDispersion.Machine.fiV L R V)
DisequalityDispersion.Machine.pathV1_safe : DisequalityDispersion.Machine.SafeVars DisequalityDispersion.Machine.pathV1
DisequalityDispersion.Machine.pathV_safe : DisequalityDispersion.Machine.SafeVars DisequalityDispersion.Machine.pathV
DisequalityDispersion.Machine.pathBody_spec : ∀ (k : ℕ) (g : DisequalityDispersion.Encoded.GInstance) (U : List (ℕ × ℕ))
  (n : ℕ),
  DisequalityDispersion.Machine.Sized n g →
    U.length ≤ DisequalityDispersion.Machine.flowBound n →
      ∀ (st : ℕ × ℕ × List ℕ) (L : List ℕ),
        L.length ≤ DisequalityDispersion.Machine.nodeBound n →
          st.2.2.length ≤ 2 * n + 3 →
            DisequalityDispersion.Machine.RSpec DisequalityDispersion.Machine.pathBody
              DisequalityDispersion.Machine.pathV (DisequalityDispersion.Machine.pathB n)
              (fun m =>
                DisequalityDispersion.Machine.FCtx k g U m ∧
                  DisequalityDispersion.Machine.XState st m ∧
                    DisequalityDispersion.Machine.ArrIs m (DisequalityDispersion.Machine.X_ 5) L)
              fun x m' =>
              DisequalityDispersion.Machine.FCtx k g U m' ∧
                DisequalityDispersion.Machine.XState
                  (DisequalityDispersion.Machine.exStep (g.networkL g.base.canonIds) U st L) m'
@DisequalityDispersion.Machine.Agree.write_mem : ∀ {m0 m : DisequalityDispersion.Machine.Mem} {V : List ℕ},
  DisequalityDispersion.Machine.Agree m0 m V →
    ∀ (x v : ℕ), x ∈ V → x ≠ DisequalityDispersion.Machine.HP → DisequalityDispersion.Machine.Agree m0 (m.write x v) V
DisequalityDispersion.Machine.layers_length : ∀ (g : DisequalityDispersion.Encoded.GInstance) (U : List (ℕ × ℕ)),
  ((g.networkL g.base.canonIds).layers U).length = (g.networkL g.base.canonIds).nodes.length + 1
@DisequalityDispersion.Machine.layers_getD_length_le : ∀ {n : ℕ} {g : DisequalityDispersion.Encoded.GInstance},
  DisequalityDispersion.Machine.Sized n g →
    ∀ (U : List (ℕ × ℕ)) (i : ℕ),
      (((g.networkL g.base.canonIds).layers U).getD i []).length ≤ DisequalityDispersion.Machine.nodeBound n
DisequalityDispersion.Machine.augPathV_safe : DisequalityDispersion.Machine.SafeVars
  DisequalityDispersion.Machine.augPathV
DisequalityDispersion.Machine.augPathM_spec : ∀ (k : ℕ) (g : DisequalityDispersion.Encoded.GInstance) (U : List (ℕ × ℕ))
  (n : ℕ),
  DisequalityDispersion.Machine.Sized n g →
    U.length ≤ DisequalityDispersion.Machine.flowBound n →
      DisequalityDispersion.Machine.RSpec DisequalityDispersion.Machine.augPathM DisequalityDispersion.Machine.augPathV
        (DisequalityDispersion.Machine.augPathB n)
        (fun m =>
          DisequalityDispersion.Machine.FCtx k g U m ∧
            DisequalityDispersion.Machine.LaysAt m ((g.networkL g.base.canonIds).layers U))
        fun x m' =>
        DisequalityDispersion.Machine.FCtx k g U m' ∧
          DisequalityDispersion.Machine.ArrIs m' DisequalityDispersion.Machine.PATH
            ((g.networkL g.base.canonIds).augPath U)
@DisequalityDispersion.Machine.filterM_parr_spec : ∀ {t : DisequalityDispersion.Machine.Cmd} {V : List ℕ} {B : ℕ}
  {Pre : DisequalityDispersion.Machine.Mem → Prop} {P : DisequalityDispersion.Machine.Mem → Bool} (L SRC Q n : ℕ)
  (l : List (ℕ × ℕ)) (G : ℕ × ℕ → Bool),
  DisequalityDispersion.Machine.TestSpec t V B
      (fun m => Pre m ∧ m (DisequalityDispersion.Machine.X_ L) ∈ DisequalityDispersion.Machine.arrAt m (m SRC)) P →
    L ≤ 9 →
      (∀ x ∈ V, 5 ≤ x ∧ x < DisequalityDispersion.Machine.IN) →
        5 ≤ SRC ∧ SRC < DisequalityDispersion.Machine.IN →
          SRC ∉ V →
            SRC ∉ DisequalityDispersion.Machine.Lvars L →
              SRC ≠ DisequalityDispersion.Machine.FLAG →
                (∀ x ∈ V, x ∉ DisequalityDispersion.Machine.LvarsX L) →
                  DisequalityDispersion.Machine.X_ L ∉ V →
                    5 ≤ Q ∧ Q < DisequalityDispersion.Machine.IN →
                      (∀ (m : DisequalityDispersion.Machine.Mem), Pre m → DisequalityDispersion.Machine.Ctx m) →
                        (∀ (m : DisequalityDispersion.Machine.Mem),
                            Pre m → DisequalityDispersion.Machine.PArrIs m SRC l) →
                          l.length ≤ n →
                            DisequalityDispersion.Machine.StableP Pre
                                (DisequalityDispersion.Machine.Lvars L ++ DisequalityDispersion.Machine.FLAG :: V) →
                              DisequalityDispersion.Machine.StableX Pre SRC L P
                                  (DisequalityDispersion.Machine.LvarsX L ++ DisequalityDispersion.Machine.FLAG :: V) →
                                (∀ (m : DisequalityDispersion.Machine.Mem) (x : ℕ),
                                    Pre m →
                                      x ∈ DisequalityDispersion.Machine.arrAt m (m SRC) →
                                        P (m.write (DisequalityDispersion.Machine.X_ L) x) = G (m x, m (x + 1))) →
                                  DisequalityDispersion.Machine.RSpec
                                    ((DisequalityDispersion.Machine.filterM L SRC t).seq
                                      (DisequalityDispersion.Machine.mov Q (DisequalityDispersion.Machine.OUT_ L)))
                                    (DisequalityDispersion.Machine.Lvars L ++ DisequalityDispersion.Machine.FLAG :: V ++
                                      [Q])
                                    (n * (B + 14) + 9 + 1) Pre fun x m' =>
                                    DisequalityDispersion.Machine.PArrIs m' Q (List.filter G l)
DisequalityDispersion.Machine.steps_eq_range : ∀ (p : List ℕ),
  DisequalityDispersion.Flow.Network.steps p =
    List.map (fun i => (p.getD i 0, p.getD (i + 1) 0)) (List.range (p.length - 1))
DisequalityDispersion.Machine.stepPairM_spec : ∀ (Pre : DisequalityDispersion.Machine.Mem → Prop),
  (∀ (m : DisequalityDispersion.Machine.Mem),
      Pre m →
        DisequalityDispersion.Machine.Ctx m ∧
          DisequalityDispersion.Machine.IN ≤ m DisequalityDispersion.Machine.PATH ∧
            m DisequalityDispersion.Machine.PATH + 1 + m (m DisequalityDispersion.Machine.PATH) ≤
              m DisequalityDispersion.Machine.HP) →
    DisequalityDispersion.Machine.FunSpec2 DisequalityDispersion.Machine.stepPairM
      [DisequalityDispersion.Machine.VAL, DisequalityDispersion.Machine.G_ 24, DisequalityDispersion.Machine.V2] 13 Pre
      fun m =>
      ((DisequalityDispersion.Machine.arrAt m (m DisequalityDispersion.Machine.PATH)).getD
          (m (DisequalityDispersion.Machine.X_ 6)) 0,
        (DisequalityDispersion.Machine.arrAt m (m DisequalityDispersion.Machine.PATH)).getD
          (m (DisequalityDispersion.Machine.X_ 6) + 1) 0)
DisequalityDispersion.Machine.stepsV_safe : DisequalityDispersion.Machine.SafeVars DisequalityDispersion.Machine.stepsV
DisequalityDispersion.Machine.stepsM_spec : ∀ (k : ℕ) (g : DisequalityDispersion.Encoded.GInstance) (U : List (ℕ × ℕ))
  (n : ℕ) (p : List ℕ),
  p.length ≤ 2 * n + 3 →
    DisequalityDispersion.Machine.RSpec DisequalityDispersion.Machine.stepsM DisequalityDispersion.Machine.stepsV
      (DisequalityDispersion.Machine.stepsB n)
      (fun m =>
        DisequalityDispersion.Machine.FCtx k g U m ∧
          DisequalityDispersion.Machine.ArrIs m DisequalityDispersion.Machine.PATH p)
      fun x m' =>
      DisequalityDispersion.Machine.FCtx k g U m' ∧
        DisequalityDispersion.Machine.PArrIs m' DisequalityDispersion.Machine.STEPS
          (DisequalityDispersion.Flow.Network.steps p)
@DisequalityDispersion.Machine.seen_length_le : ∀ {n : ℕ} {g : DisequalityDispersion.Encoded.GInstance},
  DisequalityDispersion.Machine.Sized n g →
    ∀ (U : List (ℕ × ℕ)), ((g.networkL g.base.canonIds).seen U).length ≤ DisequalityDispersion.Machine.seenBound n
DisequalityDispersion.Machine.seenV_safe : DisequalityDispersion.Machine.SafeVars DisequalityDispersion.Machine.seenV
DisequalityDispersion.Machine.seenTest_spec : ∀ (k : ℕ) (g : DisequalityDispersion.Encoded.GInstance) (U : List (ℕ × ℕ))
  (n : ℕ),
  DisequalityDispersion.Machine.Sized n g →
    DisequalityDispersion.Machine.TestSpec DisequalityDispersion.Machine.seenTest DisequalityDispersion.Machine.seenV
      (DisequalityDispersion.Machine.seenBound n * (3 + 11) + 10)
      (fun m =>
        DisequalityDispersion.Machine.FCtx k g U m ∧
          DisequalityDispersion.Machine.ArrIs m DisequalityDispersion.Machine.SEEN
            ((g.networkL g.base.canonIds).seen U))
      fun x => decide ((g.networkL g.base.canonIds).t ∈ (g.networkL g.base.canonIds).seen U)
DisequalityDispersion.Machine.pairsAt_write_lo : ∀ (m : DisequalityDispersion.Machine.Mem) (a x v hi : ℕ),
  x < DisequalityDispersion.Machine.IN →
    DisequalityDispersion.Machine.IN ≤ a →
      DisequalityDispersion.Machine.RecsIn m a DisequalityDispersion.Machine.IN hi →
        DisequalityDispersion.Machine.pairsAt (m.write x v) a = DisequalityDispersion.Machine.pairsAt m a
@DisequalityDispersion.Machine.PArrIs.mov : ∀ {m m' : DisequalityDispersion.Machine.Mem} {V : List ℕ} {P Q : ℕ}
  {l : List (ℕ × ℕ)},
  DisequalityDispersion.Machine.Agree m m' V →
    (∀ x ∈ V, x < DisequalityDispersion.Machine.IN) →
      m' P = m Q → DisequalityDispersion.Machine.PArrIs m Q l → DisequalityDispersion.Machine.PArrIs m' P l
DisequalityDispersion.Machine.keepV_safe : DisequalityDispersion.Machine.SafeVars DisequalityDispersion.Machine.keepV
DisequalityDispersion.Machine.keepTest_spec : ∀ (k : ℕ) (g : DisequalityDispersion.Encoded.GInstance) (U : List (ℕ × ℕ))
  (n : ℕ) (p : List ℕ),
  p.length ≤ 2 * n + 3 →
    DisequalityDispersion.Machine.TestSpec DisequalityDispersion.Machine.keepTest DisequalityDispersion.Machine.keepV
      (DisequalityDispersion.Machine.keepB n)
      (fun m =>
        (DisequalityDispersion.Machine.FCtx k g U m ∧
            DisequalityDispersion.Machine.PArrIs m DisequalityDispersion.Machine.STEPS
              (DisequalityDispersion.Flow.Network.steps p)) ∧
          m (DisequalityDispersion.Machine.X_ 6) ∈
            DisequalityDispersion.Machine.arrAt m (m DisequalityDispersion.Machine.UARR))
      fun m =>
      !decide
          ((m (m (DisequalityDispersion.Machine.X_ 6) + 1), m (m (DisequalityDispersion.Machine.X_ 6))) ∈
            DisequalityDispersion.Flow.Network.steps p)
DisequalityDispersion.Machine.le_flowBound : ∀ (n : ℕ), 2 * n + 3 ≤ DisequalityDispersion.Machine.flowBound n
DisequalityDispersion.Machine.augmentV_safe : DisequalityDispersion.Machine.SafeVars
  DisequalityDispersion.Machine.augmentV
DisequalityDispersion.Machine.augmentM_spec : ∀ (k : ℕ) (g : DisequalityDispersion.Encoded.GInstance) (U : List (ℕ × ℕ))
  (n : ℕ),
  DisequalityDispersion.Machine.Sized n g →
    U.length ≤ DisequalityDispersion.Machine.flowBound n →
      ∀ (p : List ℕ),
        p.length ≤ 2 * n + 3 →
          DisequalityDispersion.Machine.RSpec DisequalityDispersion.Machine.augmentM
            DisequalityDispersion.Machine.augmentV (DisequalityDispersion.Machine.augmentB n)
            (fun m =>
              DisequalityDispersion.Machine.FCtx k g U m ∧
                DisequalityDispersion.Machine.PArrIs m DisequalityDispersion.Machine.STEPS
                  (DisequalityDispersion.Flow.Network.steps p))
            fun x m' =>
            DisequalityDispersion.Machine.FCtx k g U m' ∧
              DisequalityDispersion.Machine.PArrIs m' DisequalityDispersion.Machine.NEWU
                ((g.networkL g.base.canonIds).augment U p)
DisequalityDispersion.Machine.ffStep_iterate_true : ∀ (N : DisequalityDispersion.Flow.Network ℕ) (U : List (ℕ × ℕ))
  (f : ℕ), (DisequalityDispersion.Machine.ffStep N)^[f] (true, U) = (true, U)
DisequalityDispersion.Machine.ffAux_eq : ∀ (N : DisequalityDispersion.Flow.Network ℕ) (f : ℕ) (U : List (ℕ × ℕ)),
  N.ffAux f U = ((DisequalityDispersion.Machine.ffStep N)^[f] (false, U)).2
DisequalityDispersion.Machine.maxflow_eq : ∀ (N : DisequalityDispersion.Flow.Network ℕ),
  N.maxflow = ((DisequalityDispersion.Machine.ffStep N)^[N.arcs.length + 1] (false, [])).2
DisequalityDispersion.Machine.augPath_length_le : ∀ (N : DisequalityDispersion.Flow.Network ℕ) (U : List (ℕ × ℕ)),
  (N.augPath U).length ≤ N.nodes.length + 1
DisequalityDispersion.Machine.augment_length_le : ∀ (N : DisequalityDispersion.Flow.Network ℕ) (U : List (ℕ × ℕ))
  (p : List ℕ), (N.augment U p).length ≤ U.length + (p.length - 1)
DisequalityDispersion.Machine.ffStep_length : ∀ (N : DisequalityDispersion.Flow.Network ℕ) (st : Bool × List (ℕ × ℕ)),
  (DisequalityDispersion.Machine.ffStep N st).2.length ≤ st.2.length + N.nodes.length
DisequalityDispersion.Machine.ffStep_iterate_length : ∀ (N : DisequalityDispersion.Flow.Network ℕ) (j : ℕ),
  ((DisequalityDispersion.Machine.ffStep N)^[j] (false, [])).2.length ≤ j * N.nodes.length
DisequalityDispersion.Machine.ffBodyV_safe : DisequalityDispersion.Machine.SafeVars
  DisequalityDispersion.Machine.ffBodyV
DisequalityDispersion.Machine.ffBody_spec : ∀ (k : ℕ) (g : DisequalityDispersion.Encoded.GInstance) (n : ℕ),
  DisequalityDispersion.Machine.Sized n g →
    ∀ (st : Bool × List (ℕ × ℕ)),
      st.2.length ≤ DisequalityDispersion.Machine.flowBound n →
        DisequalityDispersion.Machine.RSpec DisequalityDispersion.Machine.ffBody DisequalityDispersion.Machine.ffBodyV
          (DisequalityDispersion.Machine.ffBodyB n)
          (fun m =>
            DisequalityDispersion.Machine.FCtx k g st.2 m ∧
              m (DisequalityDispersion.Machine.G_ 35) = DisequalityDispersion.Machine.bitv st.1)
          fun x m' =>
          DisequalityDispersion.Machine.FCtx k g
              (DisequalityDispersion.Machine.ffStep (g.networkL g.base.canonIds) st).2 m' ∧
            m' (DisequalityDispersion.Machine.G_ 35) =
              DisequalityDispersion.Machine.bitv
                (DisequalityDispersion.Machine.ffStep (g.networkL g.base.canonIds) st).1
DisequalityDispersion.Machine.ffV_safe : DisequalityDispersion.Machine.SafeVars DisequalityDispersion.Machine.ffV
@DisequalityDispersion.Machine.iterate_length_le : ∀ {n : ℕ} {g : DisequalityDispersion.Encoded.GInstance},
  DisequalityDispersion.Machine.Sized n g →
    ∀ j ≤ (g.networkL g.base.canonIds).arcs.length + 1,
      ((DisequalityDispersion.Machine.ffStep (g.networkL g.base.canonIds))^[j] (false, [])).2.length ≤
        DisequalityDispersion.Machine.flowBound n
DisequalityDispersion.Machine.ffM_spec : ∀ (k : ℕ) (g : DisequalityDispersion.Encoded.GInstance) (n : ℕ),
  DisequalityDispersion.Machine.Sized n g →
    DisequalityDispersion.Machine.RSpec DisequalityDispersion.Machine.ffM DisequalityDispersion.Machine.ffV
      (DisequalityDispersion.Machine.ffB n) (DisequalityDispersion.Machine.NetCtx k g) fun x m' =>
      DisequalityDispersion.Machine.FCtx k g (g.networkL g.base.canonIds).maxflow m'
DisequalityDispersion.Machine.countV_safe : DisequalityDispersion.Machine.SafeVars DisequalityDispersion.Machine.countV
DisequalityDispersion.Machine.countM_spec : ∀ (k : ℕ) (g : DisequalityDispersion.Encoded.GInstance) (U : List (ℕ × ℕ))
  (n : ℕ),
  U.length ≤ DisequalityDispersion.Machine.flowBound n →
    DisequalityDispersion.Machine.RSpec DisequalityDispersion.Machine.countM DisequalityDispersion.Machine.countV
      (DisequalityDispersion.Machine.countB n) (DisequalityDispersion.Machine.FCtx k g U) fun x m' =>
      DisequalityDispersion.Machine.NetCtx k g m' ∧
        m' DisequalityDispersion.Machine.VAL = (List.filter (fun a => a.1 == g.netS) U).length
DisequalityDispersion.Machine.rhoV_safe : DisequalityDispersion.Machine.SafeVars DisequalityDispersion.Machine.rhoV
DisequalityDispersion.Machine.rhoM_spec : ∀ (k : ℕ) (g : DisequalityDispersion.Encoded.GInstance) (n : ℕ),
  DisequalityDispersion.Machine.Sized n g →
    DisequalityDispersion.Machine.RSpec DisequalityDispersion.Machine.rhoM DisequalityDispersion.Machine.rhoV
      (DisequalityDispersion.Machine.rhoB n) (DisequalityDispersion.Machine.NetCtx k g) fun x m' =>
      DisequalityDispersion.Machine.NetCtx k g m' ∧ m' DisequalityDispersion.Machine.VAL = g.rhoFlowL g.base.canonIds
DisequalityDispersion.Machine.RES_eq : DisequalityDispersion.Machine.RES = 39
@DisequalityDispersion.Machine.Sized.mono : ∀ {n n' : ℕ} {g : DisequalityDispersion.Encoded.GInstance},
  DisequalityDispersion.Machine.Sized n g → n ≤ n' → DisequalityDispersion.Machine.Sized n' g
DisequalityDispersion.Machine.sized_sizeG : ∀ (g : DisequalityDispersion.Encoded.GInstance),
  DisequalityDispersion.Machine.Sized (DisequalityDispersion.Encoded.sizeG g) g
@DisequalityDispersion.Machine.sized_of_decode : ∀ {bs : List Bool} {k : ℕ}
  {g : DisequalityDispersion.Encoded.GInstance},
  DisequalityDispersion.Encoded.decodeInput bs = some (k, g) → DisequalityDispersion.Machine.Sized bs.length g
DisequalityDispersion.Machine.initM_spec : ∀ (bs : List Bool) (m : DisequalityDispersion.Machine.Mem),
  DisequalityDispersion.Machine.Input m bs →
    ∃ m',
      DisequalityDispersion.Machine.initM.Exec m m' 7 ∧
        DisequalityDispersion.Machine.PState m' bs ∧ m' DisequalityDispersion.Machine.POS = 0
DisequalityDispersion.Machine.decideM_spec : ∀ (k : ℕ) (g : DisequalityDispersion.Encoded.GInstance) (n : ℕ),
  DisequalityDispersion.Machine.Sized n g →
    ∀ (m : DisequalityDispersion.Machine.Mem),
      DisequalityDispersion.Machine.Ctx m →
        DisequalityDispersion.Machine.RepKG m DisequalityDispersion.Machine.IN (m DisequalityDispersion.Machine.HP)
            (m DisequalityDispersion.Machine.VAL) (k, g) →
          ∃ m' kk,
            DisequalityDispersion.Machine.decideM.Exec m m' kk ∧
              kk ≤ DisequalityDispersion.Machine.decideB n ∧
                m' DisequalityDispersion.Machine.RES = DisequalityDispersion.Machine.bitv (g.strictDecideP k)
DisequalityDispersion.Machine.mainM_spec : ∀ (bs : List Bool) (m : DisequalityDispersion.Machine.Mem),
  DisequalityDispersion.Machine.Input m bs →
    ∃ m' kk,
      DisequalityDispersion.Machine.mainM.Exec m m' kk ∧
        kk ≤ DisequalityDispersion.Machine.mainB bs.length ∧
          m' DisequalityDispersion.Machine.RES =
            DisequalityDispersion.Machine.bitv (DisequalityDispersion.Encoded.decideBits bs)
DisequalityDispersion.Machine.program_codeAt : DisequalityDispersion.Machine.Cmd.CodeAt
  DisequalityDispersion.Machine.program 0 (DisequalityDispersion.Machine.mainM.compile 0)
DisequalityDispersion.Machine.program_halted : ∀ (m : DisequalityDispersion.Machine.Mem),
  DisequalityDispersion.Machine.Halted DisequalityDispersion.Machine.program
    { pc := DisequalityDispersion.Machine.mainM.len, mem := m }
DisequalityDispersion.Machine.program_run : ∀ (bs : List Bool),
  ∃ m' n t,
    DisequalityDispersion.Machine.Run DisequalityDispersion.Machine.program (DisequalityDispersion.Machine.initCfg bs)
        { pc := DisequalityDispersion.Machine.mainM.len, mem := m' } n t ∧
      DisequalityDispersion.Machine.Halted DisequalityDispersion.Machine.program
          { pc := DisequalityDispersion.Machine.mainM.len, mem := m' } ∧
        m' DisequalityDispersion.Machine.RES =
            DisequalityDispersion.Machine.bitv (DisequalityDispersion.Encoded.decideBits bs) ∧
          n ≤ DisequalityDispersion.Machine.mainB bs.length
DisequalityDispersion.Machine.foldr_max_append : ∀ (l l' : List ℕ),
  List.foldr max 0 (l ++ l') = max (List.foldr max 0 l) (List.foldr max 0 l')
DisequalityDispersion.Machine.constBound_append : ∀ (P Q : List DisequalityDispersion.Machine.Instr),
  DisequalityDispersion.Machine.constBound (P ++ Q) =
    max (DisequalityDispersion.Machine.constBound P) (DisequalityDispersion.Machine.constBound Q)
DisequalityDispersion.Machine.constBound_cons : ∀ (i : DisequalityDispersion.Machine.Instr)
  (P : List DisequalityDispersion.Machine.Instr),
  DisequalityDispersion.Machine.constBound (i :: P) = max i.constOf (DisequalityDispersion.Machine.constBound P)
DisequalityDispersion.Machine.constBound_nil : DisequalityDispersion.Machine.constBound [] = 0
DisequalityDispersion.Machine.constBound_compile : ∀ (c : DisequalityDispersion.Machine.Cmd) (s : ℕ),
  DisequalityDispersion.Machine.constBound (c.compile s) = c.constMax
DisequalityDispersion.Machine.mainM_constMax : DisequalityDispersion.Machine.mainM.constMax ≤ 201
DisequalityDispersion.Machine.program_constBound : DisequalityDispersion.Machine.bits
    (DisequalityDispersion.Machine.constBound DisequalityDispersion.Machine.program) ≤
  8
DisequalityDispersion.Machine.PolyB.const : ∀ (a : ℕ), DisequalityDispersion.Machine.PolyB fun x => a
DisequalityDispersion.Machine.PolyB.id : DisequalityDispersion.Machine.PolyB fun n => n
DisequalityDispersion.Machine.PolyB.pow_succ : ∀ (k : ℕ), DisequalityDispersion.Machine.PolyB fun n => (n + 1) ^ k
@DisequalityDispersion.Machine.PolyB.add : ∀ {f g : ℕ → ℕ},
  DisequalityDispersion.Machine.PolyB f →
    DisequalityDispersion.Machine.PolyB g → DisequalityDispersion.Machine.PolyB fun n => f n + g n
@DisequalityDispersion.Machine.PolyB.mul : ∀ {f g : ℕ → ℕ},
  DisequalityDispersion.Machine.PolyB f →
    DisequalityDispersion.Machine.PolyB g → DisequalityDispersion.Machine.PolyB fun n => f n * g n
@DisequalityDispersion.Machine.PolyB.of_le : ∀ {f g : ℕ → ℕ},
  DisequalityDispersion.Machine.PolyB g → (∀ (n : ℕ), f n ≤ g n) → DisequalityDispersion.Machine.PolyB f
@DisequalityDispersion.Machine.PolyB.sub_left : ∀ {f g : ℕ → ℕ},
  DisequalityDispersion.Machine.PolyB f → DisequalityDispersion.Machine.PolyB fun n => f n - g n
@DisequalityDispersion.Machine.PolyB.eta : ∀ {f : ℕ → ℕ},
  DisequalityDispersion.Machine.PolyB f → DisequalityDispersion.Machine.PolyB fun n => f n
DisequalityDispersion.Machine.polyB_arcBound : DisequalityDispersion.Machine.PolyB
  DisequalityDispersion.Machine.arcBound
DisequalityDispersion.Machine.polyB_nodeBound : DisequalityDispersion.Machine.PolyB
  DisequalityDispersion.Machine.nodeBound
DisequalityDispersion.Machine.polyB_seenBound : DisequalityDispersion.Machine.PolyB
  DisequalityDispersion.Machine.seenBound
DisequalityDispersion.Machine.polyB_flowBound : DisequalityDispersion.Machine.PolyB
  DisequalityDispersion.Machine.flowBound
DisequalityDispersion.Machine.polyB_frontB : DisequalityDispersion.Machine.PolyB DisequalityDispersion.Machine.frontB
DisequalityDispersion.Machine.polyB_layerBodyB : DisequalityDispersion.Machine.PolyB
  DisequalityDispersion.Machine.layerBodyB
DisequalityDispersion.Machine.polyB_layersB : DisequalityDispersion.Machine.PolyB DisequalityDispersion.Machine.layersB
DisequalityDispersion.Machine.polyB_descB : DisequalityDispersion.Machine.PolyB DisequalityDispersion.Machine.descB
DisequalityDispersion.Machine.polyB_consPathB : DisequalityDispersion.Machine.PolyB fun n =>
  DisequalityDispersion.Machine.consPathB (2 * n + 3)
DisequalityDispersion.Machine.polyB_pathB : DisequalityDispersion.Machine.PolyB DisequalityDispersion.Machine.pathB
DisequalityDispersion.Machine.polyB_augPathB : DisequalityDispersion.Machine.PolyB
  DisequalityDispersion.Machine.augPathB
DisequalityDispersion.Machine.polyB_stepsB : DisequalityDispersion.Machine.PolyB DisequalityDispersion.Machine.stepsB
DisequalityDispersion.Machine.polyB_keepB : DisequalityDispersion.Machine.PolyB DisequalityDispersion.Machine.keepB
DisequalityDispersion.Machine.polyB_augmentB : DisequalityDispersion.Machine.PolyB
  DisequalityDispersion.Machine.augmentB
DisequalityDispersion.Machine.polyB_ffBodyB : DisequalityDispersion.Machine.PolyB DisequalityDispersion.Machine.ffBodyB
DisequalityDispersion.Machine.polyB_ffB : DisequalityDispersion.Machine.PolyB DisequalityDispersion.Machine.ffB
DisequalityDispersion.Machine.polyB_countB : DisequalityDispersion.Machine.PolyB DisequalityDispersion.Machine.countB
DisequalityDispersion.Machine.polyB_rhoB : DisequalityDispersion.Machine.PolyB DisequalityDispersion.Machine.rhoB
DisequalityDispersion.Machine.polyB_validB : DisequalityDispersion.Machine.PolyB DisequalityDispersion.Machine.validB
DisequalityDispersion.Machine.polyB_sigB : DisequalityDispersion.Machine.PolyB DisequalityDispersion.Machine.sigB
DisequalityDispersion.Machine.polyB_canonB : DisequalityDispersion.Machine.PolyB DisequalityDispersion.Machine.canonB
DisequalityDispersion.Machine.polyB_netB : DisequalityDispersion.Machine.PolyB DisequalityDispersion.Machine.netB
DisequalityDispersion.Machine.polyB_decideB : DisequalityDispersion.Machine.PolyB DisequalityDispersion.Machine.decideB
DisequalityDispersion.Machine.polyB_mainB : DisequalityDispersion.Machine.PolyB DisequalityDispersion.Machine.mainB
DisequalityDispersion.Machine.polyB_costB : DisequalityDispersion.Machine.PolyB DisequalityDispersion.Machine.costB
DisequalityDispersion.Machine.program_polynomial : ∃ C c,
  1 ≤ C ∧
    ∀ (bs : List Bool),
      ∃ m' n t,
        DisequalityDispersion.Machine.Run DisequalityDispersion.Machine.program
            (DisequalityDispersion.Machine.initCfg bs) { pc := DisequalityDispersion.Machine.mainM.len, mem := m' } n
            t ∧
          DisequalityDispersion.Machine.Halted DisequalityDispersion.Machine.program
              { pc := DisequalityDispersion.Machine.mainM.len, mem := m' } ∧
            m' DisequalityDispersion.Machine.RES =
                DisequalityDispersion.Machine.bitv (DisequalityDispersion.Encoded.decideBits bs) ∧
              n ≤ C * (bs.length + 1) ^ c ∧ t ≤ C * (bs.length + 1) ^ c
DisequalityDispersion.Machine.program_accepts_iff : ∀ (bs : List Bool) (m' : DisequalityDispersion.Machine.Mem)
  (n t : ℕ),
  DisequalityDispersion.Machine.Run DisequalityDispersion.Machine.program (DisequalityDispersion.Machine.initCfg bs)
      { pc := DisequalityDispersion.Machine.mainM.len, mem := m' } n t →
    (m' DisequalityDispersion.Machine.RES = 1 ↔ DisequalityDispersion.Encoded.StrictBits bs)
DisequalityDispersion.Machine.runFuel_sound : ∀ (P : List DisequalityDispersion.Machine.Instr) (f : ℕ)
  (c : DisequalityDispersion.Machine.Cfg) (n t : ℕ) (c' : DisequalityDispersion.Machine.Cfg) (n' t' : ℕ),
  DisequalityDispersion.Machine.runFuel P f c n t = (c', n', t', true) →
    ∃ n₀ t₀,
      DisequalityDispersion.Machine.Run P c c' n₀ t₀ ∧
        n' = n + n₀ ∧ t' = t + t₀ ∧ DisequalityDispersion.Machine.Halted P c'
DisequalityDispersion.Machine.run_empty : (DisequalityDispersion.Machine.runFuel DisequalityDispersion.Machine.program
            100 (DisequalityDispersion.Machine.initCfg []) 0 0).2.2.2 =
    true ∧
  (DisequalityDispersion.Machine.runFuel DisequalityDispersion.Machine.program 100
            (DisequalityDispersion.Machine.initCfg []) 0 0).1.mem
      DisequalityDispersion.Machine.RES =
    0
DisequalityDispersion.Machine.run_one : (DisequalityDispersion.Machine.runFuel DisequalityDispersion.Machine.program 200
            (DisequalityDispersion.Machine.initCfg [true]) 0 0).2.2.2 =
    true ∧
  (DisequalityDispersion.Machine.runFuel DisequalityDispersion.Machine.program 200
            (DisequalityDispersion.Machine.initCfg [true]) 0 0).1.mem
      DisequalityDispersion.Machine.RES =
    0
DisequalityDispersion.Machine.aget_extend : ∀ (a : Array ℕ) (k y : ℕ),
  DisequalityDispersion.Machine.aget (a ++ Array.replicate k 0) y = DisequalityDispersion.Machine.aget a y
DisequalityDispersion.Machine.aget_aset : ∀ (a : Array ℕ) (x v y : ℕ),
  DisequalityDispersion.Machine.aget (DisequalityDispersion.Machine.aset a x v) y =
    if y = x then v else DisequalityDispersion.Machine.aget a y
@DisequalityDispersion.Machine.Corr.write : ∀ {m : DisequalityDispersion.Machine.Mem} {a : Array ℕ},
  DisequalityDispersion.Machine.Corr m a →
    ∀ (x v : ℕ), DisequalityDispersion.Machine.Corr (m.write x v) (DisequalityDispersion.Machine.aset a x v)
@DisequalityDispersion.Machine.Prim.execA_corr : ∀ {m : DisequalityDispersion.Machine.Mem} {a : Array ℕ},
  DisequalityDispersion.Machine.Corr m a →
    ∀ (p : DisequalityDispersion.Machine.Prim), DisequalityDispersion.Machine.Corr (p.exec m) (p.execA a)
@DisequalityDispersion.Machine.Prim.costA_corr : ∀ {m : DisequalityDispersion.Machine.Mem} {a : Array ℕ},
  DisequalityDispersion.Machine.Corr m a → ∀ (p : DisequalityDispersion.Machine.Prim), p.cost m = p.costA a
@DisequalityDispersion.Machine.Cond.evalA_corr : ∀ {m : DisequalityDispersion.Machine.Mem} {a : Array ℕ},
  DisequalityDispersion.Machine.Corr m a → ∀ (b : DisequalityDispersion.Machine.Cond), b.eval m = b.evalA a
@DisequalityDispersion.Machine.Cond.costA_corr : ∀ {m : DisequalityDispersion.Machine.Mem} {a : Array ℕ},
  DisequalityDispersion.Machine.Corr m a → ∀ (b : DisequalityDispersion.Machine.Cond), b.cost m = b.costA a
@DisequalityDispersion.Machine.stepA_corr : ∀ {P : List DisequalityDispersion.Machine.Instr}
  {c : DisequalityDispersion.Machine.Cfg} {ac : DisequalityDispersion.Machine.ACfg},
  DisequalityDispersion.Machine.ACfg.Corr c ac →
    (DisequalityDispersion.Machine.step P c = none ↔ DisequalityDispersion.Machine.stepA P.toArray ac = none) ∧
      ∀ (c' : DisequalityDispersion.Machine.Cfg) (k : ℕ),
        DisequalityDispersion.Machine.step P c = some (c', k) →
          ∃ ac',
            DisequalityDispersion.Machine.stepA P.toArray ac = some (ac', k) ∧
              DisequalityDispersion.Machine.ACfg.Corr c' ac'
DisequalityDispersion.Machine.runA_corr : ∀ (P : List DisequalityDispersion.Machine.Instr) (f : ℕ)
  (c : DisequalityDispersion.Machine.Cfg) (ac : DisequalityDispersion.Machine.ACfg) (n t : ℕ),
  DisequalityDispersion.Machine.ACfg.Corr c ac →
    ∀ (ac' : DisequalityDispersion.Machine.ACfg) (n' t' : ℕ) (b : Bool),
      DisequalityDispersion.Machine.runA P.toArray f ac n t = (ac', n', t', b) →
        ∃ c',
          DisequalityDispersion.Machine.runFuel P f c n t = (c', n', t', b) ∧
            DisequalityDispersion.Machine.ACfg.Corr c' ac'
DisequalityDispersion.Machine.inputArr_corr : ∀ (bs : List Bool),
  DisequalityDispersion.Machine.Corr (DisequalityDispersion.Machine.inputMem bs)
    (DisequalityDispersion.Machine.inputArr bs)
DisequalityDispersion.Machine.runA_program : ∀ (bs : List Bool) (f : ℕ) (ac' : DisequalityDispersion.Machine.ACfg)
  (n t : ℕ),
  DisequalityDispersion.Machine.runA DisequalityDispersion.Machine.programA f
        { pc := 0, mem := DisequalityDispersion.Machine.inputArr bs } 0 0 =
      (ac', n, t, true) →
    ∃ m',
      DisequalityDispersion.Machine.Run DisequalityDispersion.Machine.program (DisequalityDispersion.Machine.initCfg bs)
          { pc := ac'.pc, mem := m' } n t ∧
        DisequalityDispersion.Machine.Halted DisequalityDispersion.Machine.program { pc := ac'.pc, mem := m' } ∧
          m' DisequalityDispersion.Machine.RES =
            DisequalityDispersion.Machine.aget ac'.mem DisequalityDispersion.Machine.RES
DisequalityDispersion.Machine.run_zero : (DisequalityDispersion.Machine.runFuel DisequalityDispersion.Machine.program
            300 (DisequalityDispersion.Machine.initCfg [false]) 0 0).2.2.2 =
    true ∧
  (DisequalityDispersion.Machine.runFuel DisequalityDispersion.Machine.program 300
            (DisequalityDispersion.Machine.initCfg [false]) 0 0).1.mem
      DisequalityDispersion.Machine.RES =
    0
DisequalityDispersion.Machine.pure_decisions : DisequalityDispersion.Encoded.decideBits
      (DisequalityDispersion.Encoded.encodeInput 2 DisequalityDispersion.Encoded.bottleneckG) =
    true ∧
  DisequalityDispersion.Encoded.decideBits
        (DisequalityDispersion.Encoded.encodeInput 3 DisequalityDispersion.Encoded.bottleneckG) =
      false ∧
    DisequalityDispersion.Encoded.decideBits
          (DisequalityDispersion.Encoded.encodeInput 1 DisequalityDispersion.Encoded.bottleneckG) =
        false ∧
      DisequalityDispersion.Encoded.decideBits
            (DisequalityDispersion.Encoded.encodeInput 2 DisequalityDispersion.Encoded.dupInstance) =
          false ∧
        DisequalityDispersion.Encoded.decideBits
              (DisequalityDispersion.Encoded.encodeInput 2 DisequalityDispersion.Machine.sharedG) =
            true ∧
          DisequalityDispersion.Encoded.decideBits
                (DisequalityDispersion.Encoded.encodeInput (2 ^ 40) DisequalityDispersion.Machine.sharedG) =
              false ∧
            DisequalityDispersion.Encoded.decideBits DisequalityDispersion.Machine.hugeCount = false
